Foodgroup,sex_gp,race_gp,age_gp,subgroup_id,population,Intake_unit,outcome,outcome_unit,X1,X2,X3
added_sugar,Female,NHW,20-34,1,18192633,tsp eq/day,CED,MJ,-1965664.944495983,-1877944.214747374,-2038035.2358457851
added_sugar,Female,NHW,20-34,1,18192633,tsp eq/day,Food_price,USD,-4328127.269942479,-3976505.33262691,-4351338.891038381
added_sugar,Female,NHW,20-34,1,18192633,tsp eq/day,FL,mrh-eq,-90445.1476736778,-86408.8980684885,-93775.0853147024
oil,Female,NHW,20-34,1,18192633,g/day,CED,MJ,-104707.7595963087,-58266.7785714642,-72300.05350763121
oil,Female,NHW,20-34,1,18192633,g/day,Food_price,USD,-68410.17881862844,-36507.13905612865,-43570.30256140392
oil,Female,NHW,20-34,1,18192633,g/day,FL,mrh-eq,-5582.06743392596,-3106.25581520905,-3854.38267146612
sat_fat,Female,NHW,20-34,1,18192633,g/day,CED,MJ,-3275294.6236285698,-3451006.27449276,-3365685.03872502
sat_fat,Female,NHW,20-34,1,18192633,g/day,Food_price,USD,-391575.25833983865,-401968.37861922325,-407670.7208524592
sat_fat,Female,NHW,20-34,1,18192633,g/day,FL,mrh-eq,-85368.2302758112,-89948.0297738174,-87724.1923059173
added_sugar,Female,NHB,20-34,2,4596338,tsp eq/day,CED,MJ,-654855.6277139031,-601426.221367515,-656455.938338827
added_sugar,Female,NHB,20-34,2,4596338,tsp eq/day,Food_price,USD,-1178623.681048641,-1028000.5523217539,-1208365.129710658
added_sugar,Female,NHB,20-34,2,4596338,tsp eq/day,FL,mrh-eq,-25741.0005754179,-23640.8027282864,-25803.9054279894
oil,Female,NHB,20-34,2,4596338,g/day,CED,MJ,-36297.896991454094,-43109.3576134252,-42524.5998681888
oil,Female,NHB,20-34,2,4596338,g/day,Food_price,USD,-26562.7031915216,-30288.56580139106,-30513.31065031315
oil,Female,NHB,20-34,2,4596338,g/day,FL,mrh-eq,-1869.898481833623,-2220.7931873613798,-2190.6691936678762
sat_fat,Female,NHB,20-34,2,4596338,g/day,CED,MJ,-826431.4998720579,-778190.526931053,-778229.000192648
sat_fat,Female,NHB,20-34,2,4596338,g/day,Food_price,USD,-89890.5193832863,-87944.8346156451,-88063.3977508508
sat_fat,Female,NHB,20-34,2,4596338,g/day,FL,mrh-eq,-21653.3718872343,-20389.4078110158,-20390.4158508125
added_sugar,Female,HIS,20-34,3,6549965,tsp eq/day,CED,MJ,-710636.442171508,-802395.863245423,-810400.777583661
added_sugar,Female,HIS,20-34,3,6549965,tsp eq/day,Food_price,USD,-1071647.115679795,-1216554.0853568572,-1247040.608846961
added_sugar,Female,HIS,20-34,3,6549965,tsp eq/day,FL,mrh-eq,-30803.636550429903,-34781.090687459,-35128.0760899229
oil,Female,HIS,20-34,3,6549965,g/day,CED,MJ,-7031.34788028964,-4280.611527343134,-10764.05708738514
oil,Female,HIS,20-34,3,6549965,g/day,Food_price,USD,-3744.1235467594397,-5095.134137146561,-8867.447139488175
oil,Female,HIS,20-34,3,6549965,g/day,FL,mrh-eq,-362.94004967154603,-220.9541309588167,-555.6128754366209
sat_fat,Female,HIS,20-34,3,6549965,g/day,CED,MJ,-1163430.409471593,-1148100.157471343,-1194610.938263124
sat_fat,Female,HIS,20-34,3,6549965,g/day,Food_price,USD,-171447.4382073674,-169852.3825885307,-179082.9706103396
sat_fat,Female,HIS,20-34,3,6549965,g/day,FL,mrh-eq,-31849.179848417498,-31429.510610702302,-32702.7541242534
added_sugar,Female,OTH,20-34,4,3878604,tsp eq/day,CED,MJ,-323973.37411154003,-307569.887377657,-351513.638485444
added_sugar,Female,OTH,20-34,4,3878604,tsp eq/day,Food_price,USD,-608017.848088205,-622477.119371217,-683094.599200084
added_sugar,Female,OTH,20-34,4,3878604,tsp eq/day,FL,mrh-eq,-14728.703019015138,-13982.95628830836,-15980.75768597903
oil,Female,OTH,20-34,4,3878604,g/day,CED,MJ,-36799.670443098104,-17398.68286133107,-24466.98020747098
oil,Female,OTH,20-34,4,3878604,g/day,Food_price,USD,-30110.986282246282,-10316.89038749429,-23276.11215089956
oil,Female,OTH,20-34,4,3878604,g/day,FL,mrh-eq,-1883.509628389588,-890.513047971065,-1252.288192896908
sat_fat,Female,OTH,20-34,4,3878604,g/day,CED,MJ,-516645.37283579103,-555402.552659704,-557834.4521590141
sat_fat,Female,OTH,20-34,4,3878604,g/day,Food_price,USD,-66411.5590928226,-72163.9733628211,-72529.5129330741
sat_fat,Female,OTH,20-34,4,3878604,g/day,FL,mrh-eq,-13683.61105153538,-14710.114339959138,-14774.52441428601
added_sugar,Male,NHW,20-34,5,19295314,tsp eq/day,CED,MJ,-1462079.1644880981,-1473725.9173544291,-1444469.113019545
added_sugar,Male,NHW,20-34,5,19295314,tsp eq/day,Food_price,USD,-2900342.1386288377,-2865789.204146987,-2961967.392649739
added_sugar,Male,NHW,20-34,5,19295314,tsp eq/day,FL,mrh-eq,-59977.8113256385,-60455.587606800196,-59255.4069784119
oil,Male,NHW,20-34,5,19295314,g/day,CED,MJ,78656.0325708452,99565.63133841689,90774.4984114909
oil,Male,NHW,20-34,5,19295314,g/day,Food_price,USD,65311.16567763329,66605.20502902739,56251.4734320416
oil,Male,NHW,20-34,5,19295314,g/day,FL,mrh-eq,4033.33761014719,5105.54362367036,4654.75039254676
sat_fat,Male,NHW,20-34,5,19295314,g/day,CED,MJ,-3751519.18652496,-3561706.88615285,-3653388.10785442
sat_fat,Male,NHW,20-34,5,19295314,g/day,Food_price,USD,-425522.4115457155,-405282.93945039914,-419263.3260303363
sat_fat,Male,NHW,20-34,5,19295314,g/day,FL,mrh-eq,-102100.07470475,-96934.2074695554,-99429.37252652089
added_sugar,Male,NHB,20-34,6,4186659,tsp eq/day,CED,MJ,-518532.757780373,-543203.754666892,-567550.626066611
added_sugar,Male,NHB,20-34,6,4186659,tsp eq/day,Food_price,USD,-916707.329880568,-1016051.555779741,-977798.859079465
added_sugar,Male,NHB,20-34,6,4186659,tsp eq/day,FL,mrh-eq,-20219.610406651547,-21181.628597217757,-22131.007873525
oil,Male,NHB,20-34,6,4186659,g/day,CED,MJ,4119.80375945193,542.35080459755,14665.90155639241
oil,Male,NHB,20-34,6,4186659,g/day,Food_price,USD,-1939.05402187878,2425.74897307739,2852.40142946998
oil,Male,NHB,20-34,6,4186659,g/day,FL,mrh-eq,203.466803248414,26.785349714169,724.312195596438
sat_fat,Male,NHB,20-34,6,4186659,g/day,CED,MJ,-690147.700314921,-627669.03609154,-644316.475788764
sat_fat,Male,NHB,20-34,6,4186659,g/day,Food_price,USD,-65739.7189887333,-57116.549257184204,-59684.1217335884
sat_fat,Male,NHB,20-34,6,4186659,g/day,FL,mrh-eq,-18571.898635470432,-16890.595606703188,-17338.57878835529
added_sugar,Male,HIS,20-34,7,6886181,tsp eq/day,CED,MJ,-681509.999762546,-623636.4874955,-656005.006697438
added_sugar,Male,HIS,20-34,7,6886181,tsp eq/day,Food_price,USD,-1218812.177612943,-1097272.344616652,-1191887.1191833909
added_sugar,Male,HIS,20-34,7,6886181,tsp eq/day,FL,mrh-eq,-24927.0728929522,-22810.2774543607,-23994.1961611511
oil,Male,HIS,20-34,7,6886181,g/day,CED,MJ,37606.3738868144,37736.7490176771,42540.786757531605
oil,Male,HIS,20-34,7,6886181,g/day,Food_price,USD,19107.9566868977,15722.5923366999,27319.6368882578
oil,Male,HIS,20-34,7,6886181,g/day,FL,mrh-eq,1970.211105705548,1977.041504496631,2228.726725086548
sat_fat,Male,HIS,20-34,7,6886181,g/day,CED,MJ,-1124907.517022032,-1124571.780221006,-1131803.322550637
sat_fat,Male,HIS,20-34,7,6886181,g/day,Food_price,USD,-119815.01308296199,-119939.8400542031,-120474.07105892409
sat_fat,Male,HIS,20-34,7,6886181,g/day,FL,mrh-eq,-31013.028380426702,-31003.772317345,-31203.1416202517
added_sugar,Male,OTH,20-34,8,3785306,tsp eq/day,CED,MJ,-284057.91073841404,-285442.686648248,-261725.26701089498
added_sugar,Male,OTH,20-34,8,3785306,tsp eq/day,Food_price,USD,-497785.599759778,-514558.26617692795,-482900.890275589
added_sugar,Male,OTH,20-34,8,3785306,tsp eq/day,FL,mrh-eq,-12146.60575980391,-12205.820188997961,-11191.6391537792
oil,Male,OTH,20-34,8,3785306,g/day,CED,MJ,9706.72621100842,5635.072931104807,9332.24213397162
oil,Male,OTH,20-34,8,3785306,g/day,Food_price,USD,11303.8820975871,7997.83339985172,6985.83294870883
oil,Male,OTH,20-34,8,3785306,g/day,FL,mrh-eq,514.253549495673,298.5410522036944,494.413722796185
sat_fat,Male,OTH,20-34,8,3785306,g/day,CED,MJ,-594865.805721627,-576130.318379294,-568443.042697255
sat_fat,Male,OTH,20-34,8,3785306,g/day,Food_price,USD,-81628.8228926917,-80126.2386768434,-82295.05643466019
sat_fat,Male,OTH,20-34,8,3785306,g/day,FL,mrh-eq,-16207.06531145571,-15696.618645874081,-15487.17951212719
added_sugar,Female,NHW,35-44,9,10789518,tsp eq/day,CED,MJ,-1093506.275756937,-1211515.904834203,-1049654.2391558741
added_sugar,Female,NHW,35-44,9,10789518,tsp eq/day,Food_price,USD,-1882863.388015356,-1994598.8268468361,-1878867.4025279
added_sugar,Female,NHW,35-44,9,10789518,tsp eq/day,FL,mrh-eq,-51270.074200186296,-56803.0670812192,-49214.0300601474
oil,Female,NHW,35-44,9,10789518,g/day,CED,MJ,-89902.825496665,-100017.3229258932,-152940.30516606988
oil,Female,NHW,35-44,9,10789518,g/day,Food_price,USD,-48532.9691278629,-52482.414363368596,-79961.49138706169
oil,Female,NHW,35-44,9,10789518,g/day,FL,mrh-eq,-4297.85095489635,-4781.379722700411,-7311.3901923418
sat_fat,Female,NHW,35-44,9,10789518,g/day,CED,MJ,-2096332.469726427,-2265386.396221027,-2367622.672135338
sat_fat,Female,NHW,35-44,9,10789518,g/day,Food_price,USD,-246277.0128653491,-277178.734754638,-274571.7987535012
sat_fat,Female,NHW,35-44,9,10789518,g/day,FL,mrh-eq,-55591.6931578675,-60074.7578169991,-62785.9154040267
added_sugar,Female,NHB,35-44,10,2841551,tsp eq/day,CED,MJ,-445852.282278165,-476706.508690316,-473719.102209046
added_sugar,Female,NHB,35-44,10,2841551,tsp eq/day,Food_price,USD,-733767.985072103,-781064.5336394,-785202.760377182
added_sugar,Female,NHB,35-44,10,2841551,tsp eq/day,FL,mrh-eq,-18623.372915822372,-19912.16247088895,-19787.37767744215
oil,Female,NHB,35-44,10,2841551,g/day,CED,MJ,-24990.3003439559,-23214.92692646058,-14709.22253405027
oil,Female,NHB,35-44,10,2841551,g/day,Food_price,USD,0,0,0
oil,Female,NHB,35-44,10,2841551,g/day,FL,mrh-eq,-1249.080530995853,-1160.3427271071769,-735.205389310629
sat_fat,Female,NHB,35-44,10,2841551,g/day,CED,MJ,-434023.65665693104,-439236.95187779097,-441205.102727036
sat_fat,Female,NHB,35-44,10,2841551,g/day,Food_price,USD,-50471.7130092795,-50133.3557312517,-51190.231279579006
sat_fat,Female,NHB,35-44,10,2841551,g/day,FL,mrh-eq,-11492.18960457813,-11630.22857140367,-11682.34177395158
added_sugar,Female,HIS,35-44,11,4706043,tsp eq/day,CED,MJ,-402162.913085687,-426811.274971958,-435181.360232735
added_sugar,Female,HIS,35-44,11,4706043,tsp eq/day,Food_price,USD,-679178.852027943,-692117.186065483,-766340.239253041
added_sugar,Female,HIS,35-44,11,4706043,tsp eq/day,FL,mrh-eq,-20093.48759718478,-21325.00730657973,-21743.20649626723
oil,Female,HIS,35-44,11,4706043,g/day,CED,MJ,7583.00485061621,-8540.281373939686,-9956.73497070484
oil,Female,HIS,35-44,11,4706043,g/day,Food_price,USD,4342.57887457155,-6964.097055686071,-5334.56139358855
oil,Female,HIS,35-44,11,4706043,g/day,FL,mrh-eq,385.879613531597,-434.59295371005084,-506.67263416294804
sat_fat,Female,HIS,35-44,11,4706043,g/day,CED,MJ,-668011.27593039,-735963.885197105,-706251.762233124
sat_fat,Female,HIS,35-44,11,4706043,g/day,Food_price,USD,-72374.10031080741,-81861.3069480033,-76767.76880729239
sat_fat,Female,HIS,35-44,11,4706043,g/day,FL,mrh-eq,-17877.47357009732,-19696.03714822381,-18900.87438355312
added_sugar,Female,OTH,35-44,12,2705155,tsp eq/day,CED,MJ,-281027.9630858529,-314723.130520887,-303158.7196947534
added_sugar,Female,OTH,35-44,12,2705155,tsp eq/day,Food_price,USD,-410664.246826791,-465005.355884768,-438912.523674247
added_sugar,Female,OTH,35-44,12,2705155,tsp eq/day,FL,mrh-eq,-14221.83791222077,-15927.03195919111,-15341.797755044161
oil,Female,OTH,35-44,12,2705155,g/day,CED,MJ,-3897.296504552916,-8094.22696049401,-6926.74505236122
oil,Female,OTH,35-44,12,2705155,g/day,Food_price,USD,-3588.984094100454,-7227.077989500741,-6449.025912715032
oil,Female,OTH,35-44,12,2705155,g/day,FL,mrh-eq,-222.3215813982701,-461.735804794758,-395.1367087889165
sat_fat,Female,OTH,35-44,12,2705155,g/day,CED,MJ,-459049.882497734,-464813.22896253696,-380828.5266914418
sat_fat,Female,OTH,35-44,12,2705155,g/day,Food_price,USD,-55716.22787987843,-59098.97856249084,-48870.75435693234
sat_fat,Female,OTH,35-44,12,2705155,g/day,FL,mrh-eq,-12342.49896935613,-12497.458376849769,-10239.35715355234
added_sugar,Male,NHW,35-44,13,10698668,tsp eq/day,CED,MJ,-1145325.924657898,-1169497.822726849,-1238620.0909135211
added_sugar,Male,NHW,35-44,13,10698668,tsp eq/day,Food_price,USD,-2206251.790015936,-2253633.3905524854,-2332665.504865507
added_sugar,Male,NHW,35-44,13,10698668,tsp eq/day,FL,mrh-eq,-49162.3568731159,-50199.919590926,-53166.9471795902
oil,Male,NHW,35-44,13,10698668,g/day,CED,MJ,44631.77112515349,13276.18827158572,19707.69511292473
oil,Male,NHW,35-44,13,10698668,g/day,Food_price,USD,25522.2591561117,-3683.69207993368,13981.3162791271
oil,Male,NHW,35-44,13,10698668,g/day,FL,mrh-eq,2127.26814286474,632.778212848071,939.320822950461
sat_fat,Male,NHW,35-44,13,10698668,g/day,CED,MJ,-2068438.078207703,-2222812.41563626,-2104341.781333393
sat_fat,Male,NHW,35-44,13,10698668,g/day,Food_price,USD,-214334.2070099347,-238092.4132931628,-212961.2417213516
sat_fat,Male,NHW,35-44,13,10698668,g/day,FL,mrh-eq,-57483.1853128127,-61773.3445104418,-58480.971633773705
added_sugar,Male,NHB,35-44,14,2373836,tsp eq/day,CED,MJ,-294328.492839329,-322311.55467157403,-326668.018758322
added_sugar,Male,NHB,35-44,14,2373836,tsp eq/day,Food_price,USD,-503099.593446862,-541410.078253797,-576311.947906233
added_sugar,Male,NHB,35-44,14,2373836,tsp eq/day,FL,mrh-eq,-11255.37320651998,-12325.469415503001,-12492.06432680135
oil,Male,NHB,35-44,14,2373836,g/day,CED,MJ,13665.03012887881,15528.8510486589,14126.600555297151
oil,Male,NHB,35-44,14,2373836,g/day,Food_price,USD,5582.02029379079,11020.1064423184,8026.88589432044
oil,Male,NHB,35-44,14,2373836,g/day,FL,mrh-eq,695.8775648868441,790.790722838889,719.3825627778469
sat_fat,Male,NHB,35-44,14,2373836,g/day,CED,MJ,-405040.44289778895,-371748.852402528,-396251.096879718
sat_fat,Male,NHB,35-44,14,2373836,g/day,Food_price,USD,-38938.193671751695,-36341.970991238035,-38530.419267024205
sat_fat,Male,NHB,35-44,14,2373836,g/day,FL,mrh-eq,-11087.08865369132,-10175.804801139111,-10846.49969468974
added_sugar,Male,HIS,35-44,15,4477083,tsp eq/day,CED,MJ,-508348.78765016503,-433016.54568841,-443971.719635337
added_sugar,Male,HIS,35-44,15,4477083,tsp eq/day,Food_price,USD,-823209.5096164979,-724306.6014622999,-735724.569038837
added_sugar,Male,HIS,35-44,15,4477083,tsp eq/day,FL,mrh-eq,-21459.71602549473,-18279.59922510673,-18742.06697878765
oil,Male,HIS,35-44,15,4477083,g/day,CED,MJ,43391.042949269,45666.7222843725,19634.6975835131
oil,Male,HIS,35-44,15,4477083,g/day,Food_price,USD,34619.55533993884,33269.71026031214,18369.94008873192
oil,Male,HIS,35-44,15,4477083,g/day,FL,mrh-eq,2215.601135609449,2331.80017984614,1002.572312314344
sat_fat,Male,HIS,35-44,15,4477083,g/day,CED,MJ,-775693.99717205,-863468.407788296,-777590.043510361
sat_fat,Male,HIS,35-44,15,4477083,g/day,Food_price,USD,-72103.076529311,-84877.2544280494,-74505.5223083226
sat_fat,Male,HIS,35-44,15,4477083,g/day,FL,mrh-eq,-21659.625808280398,-24110.54188655519,-21712.56892032294
added_sugar,Male,OTH,35-44,16,2268050,tsp eq/day,CED,MJ,-145745.0612063226,-129238.9603218693,-132307.1688733512
added_sugar,Male,OTH,35-44,16,2268050,tsp eq/day,Food_price,USD,-233560.308130911,-207423.611356739,-217126.506347827
added_sugar,Male,OTH,35-44,16,2268050,tsp eq/day,FL,mrh-eq,-7552.352816235891,-6697.02436484293,-6856.0156425081095
oil,Male,OTH,35-44,16,2268050,g/day,CED,MJ,9747.98380955266,10453.624680120669,21444.7245512659
oil,Male,OTH,35-44,16,2268050,g/day,Food_price,USD,4777.914277637152,7112.599109356529,10268.79811233333
oil,Male,OTH,35-44,16,2268050,g/day,FL,mrh-eq,537.031922469143,575.906799643496,1181.4239618762872
sat_fat,Male,OTH,35-44,16,2268050,g/day,CED,MJ,-327592.696281291,-274900.773066009,-298571.404983587
sat_fat,Male,OTH,35-44,16,2268050,g/day,Food_price,USD,-47667.32069550307,-36168.09103756912,-40738.76767154673
sat_fat,Male,OTH,35-44,16,2268050,g/day,FL,mrh-eq,-8921.79665610433,-7486.76275674612,-8131.41865746496
added_sugar,Female,NHW,45-54,17,12961330,tsp eq/day,CED,MJ,-1587935.106363326,-1967527.1681885072,-1661737.56037984
added_sugar,Female,NHW,45-54,17,12961330,tsp eq/day,Food_price,USD,-2488819.7824803824,-3240860.03799483,-2614377.767076269
added_sugar,Female,NHW,45-54,17,12961330,tsp eq/day,FL,mrh-eq,-70252.3590497223,-87046.0162419486,-73517.4776792819
oil,Female,NHW,45-54,17,12961330,g/day,CED,MJ,-60746.3389123558,-28182.60799477906,-51185.036589431795
oil,Female,NHW,45-54,17,12961330,g/day,Food_price,USD,-60386.24814199935,-31644.885400140894,-45140.75021346064
oil,Female,NHW,45-54,17,12961330,g/day,FL,mrh-eq,-3392.62732870097,-1573.9728153017356,-2858.637360918312
sat_fat,Female,NHW,45-54,17,12961330,g/day,CED,MJ,-2454555.583883507,-2530808.0199817503,-2598585.346886743
sat_fat,Female,NHW,45-54,17,12961330,g/day,Food_price,USD,-264810.3845413614,-258962.9683690814,-276564.3366773899
sat_fat,Female,NHW,45-54,17,12961330,g/day,FL,mrh-eq,-66020.6345648213,-68071.6104120884,-69894.62968317581
added_sugar,Female,NHB,45-54,18,2294986,tsp eq/day,CED,MJ,-330084.606378921,-346197.024649695,-320260.979534514
added_sugar,Female,NHB,45-54,18,2294986,tsp eq/day,Food_price,USD,-542373.181197123,-553702.064654202,-511649.573063576
added_sugar,Female,NHB,45-54,18,2294986,tsp eq/day,FL,mrh-eq,-13990.69704698379,-14673.62487325722,-13574.32080759943
oil,Female,NHB,45-54,18,2294986,g/day,CED,MJ,-16170.8867606087,-18662.00258472075,-17652.994836843012
oil,Female,NHB,45-54,18,2294986,g/day,Food_price,USD,-11062.118728674,-11282.0252279557,-10596.1663552108
oil,Female,NHB,45-54,18,2294986,g/day,FL,mrh-eq,-780.7125430901381,-900.980862259384,-852.267083200452
sat_fat,Female,NHB,45-54,18,2294986,g/day,CED,MJ,-291747.379555726,-303380.67574485,-297432.808676133
sat_fat,Female,NHB,45-54,18,2294986,g/day,Food_price,USD,-39378.900859371424,-40716.714354249285,-40075.22229749118
sat_fat,Female,NHB,45-54,18,2294986,g/day,FL,mrh-eq,-7582.86392546682,-7885.22723080693,-7730.635039790401
added_sugar,Female,HIS,45-54,19,2981376,tsp eq/day,CED,MJ,-285114.285069303,-286424.594720901,-322009.98146924697
added_sugar,Female,HIS,45-54,19,2981376,tsp eq/day,Food_price,USD,-472679.934455707,-469512.485645168,-524326.853726855
added_sugar,Female,HIS,45-54,19,2981376,tsp eq/day,FL,mrh-eq,-13540.58407634835,-13602.81301026242,-15292.82626595817
oil,Female,HIS,45-54,19,2981376,g/day,CED,MJ,-4028.644797336066,412.94353609017804,209.54800236970198
oil,Female,HIS,45-54,19,2981376,g/day,Food_price,USD,-3345.8965907276224,606.997213234651,636.3160724112199
oil,Female,HIS,45-54,19,2981376,g/day,FL,mrh-eq,-198.3309539954049,20.329289271954803,10.3160882402182
sat_fat,Female,HIS,45-54,19,2981376,g/day,CED,MJ,-427637.38528575306,-454249.06293958996,-418684.408472343
sat_fat,Female,HIS,45-54,19,2981376,g/day,Food_price,USD,-53003.38469847348,-57603.35348659294,-51846.35481748728
sat_fat,Female,HIS,45-54,19,2981376,g/day,FL,mrh-eq,-11388.596351771012,-12097.30346081033,-11150.16575009067
added_sugar,Female,OTH,45-54,20,1908325,tsp eq/day,CED,MJ,-152437.9315174491,-178978.69045474712,-85223.5981588015
added_sugar,Female,OTH,45-54,20,1908325,tsp eq/day,Food_price,USD,-230917.3745911422,-260176.8291153771,-148784.0517841851
added_sugar,Female,OTH,45-54,20,1908325,tsp eq/day,FL,mrh-eq,-7640.92463510645,-8971.2755312363,-4271.81794046752
oil,Female,OTH,45-54,20,1908325,g/day,CED,MJ,-6683.12585926212,-9880.955341929111,-5049.4688081575005
oil,Female,OTH,45-54,20,1908325,g/day,Food_price,USD,-3626.206254485151,-4310.667466909328,-2540.0042467953012
oil,Female,OTH,45-54,20,1908325,g/day,FL,mrh-eq,-368.6433439752039,-545.036633399654,-278.53030242695286
sat_fat,Female,OTH,45-54,20,1908325,g/day,CED,MJ,-236740.603962494,-274005.34045845177,-263349.2023421228
sat_fat,Female,OTH,45-54,20,1908325,g/day,Food_price,USD,-41641.28700972855,-45970.60811493102,-45077.01859996962
sat_fat,Female,OTH,45-54,20,1908325,g/day,FL,mrh-eq,-6006.04652611428,-6951.44303787431,-6681.09963144492
added_sugar,Male,NHW,45-54,21,10622756,tsp eq/day,CED,MJ,-1155216.010882134,-1158905.386950437,-1060758.1257772949
added_sugar,Male,NHW,45-54,21,10622756,tsp eq/day,Food_price,USD,-2125941.931293029,-2180729.743484665,-2025240.460826985
added_sugar,Male,NHW,45-54,21,10622756,tsp eq/day,FL,mrh-eq,-53019.806153842605,-53189.13379657551,-48684.566068193
oil,Male,NHW,45-54,21,10622756,g/day,CED,MJ,2662.3552441828015,17704.27307901696,-22.094005581720012
oil,Male,NHW,45-54,21,10622756,g/day,Food_price,USD,14993.129359693181,10007.13922364224,-3201.3112756139
oil,Male,NHW,45-54,21,10622756,g/day,FL,mrh-eq,141.47400073018196,940.781418250219,-1.1740459386969917
sat_fat,Male,NHW,45-54,21,10622756,g/day,CED,MJ,-2197697.213290948,-2151112.9605982387,-2263341.95020771
sat_fat,Male,NHW,45-54,21,10622756,g/day,Food_price,USD,-227752.0791873515,-220308.6290332464,-233547.0490169142
sat_fat,Male,NHW,45-54,21,10622756,g/day,FL,mrh-eq,-60616.453347754396,-59331.5756298364,-62427.053601863896
added_sugar,Male,NHB,45-54,22,2323392,tsp eq/day,CED,MJ,-235066.692630818,-310397.166787371,-264359.412844755
added_sugar,Male,NHB,45-54,22,2323392,tsp eq/day,Food_price,USD,-323667.8167267868,-422164.151117354,-382242.550283679
added_sugar,Male,NHB,45-54,22,2323392,tsp eq/day,FL,mrh-eq,-10119.32030866244,-13362.20082253767,-11380.33442869522
oil,Male,NHB,45-54,22,2323392,g/day,CED,MJ,955.3431584920421,530.76427087142,-5837.994952005399
oil,Male,NHB,45-54,22,2323392,g/day,Food_price,USD,-386.912445487028,-2244.00655259949,1061.8592878515
oil,Male,NHB,45-54,22,2323392,g/day,FL,mrh-eq,46.6117649258028,25.896306688294302,-284.83927049880594
sat_fat,Male,NHB,45-54,22,2323392,g/day,CED,MJ,-379255.278225025,-430957.333436322,-352312.181315753
sat_fat,Male,NHB,45-54,22,2323392,g/day,Food_price,USD,-43367.3044915295,-48481.3967720341,-40209.5525311143
sat_fat,Male,NHB,45-54,22,2323392,g/day,FL,mrh-eq,-10501.142848911259,-11932.71334648517,-9755.11945601217
added_sugar,Male,HIS,45-54,23,3207152,tsp eq/day,CED,MJ,-361102.92122176103,-315438.135584204,-321262.21686772397
added_sugar,Male,HIS,45-54,23,3207152,tsp eq/day,Food_price,USD,-449992.71753065696,-424188.09246466495,-419587.181872122
added_sugar,Male,HIS,45-54,23,3207152,tsp eq/day,FL,mrh-eq,-16243.38332394489,-14189.258103891381,-14451.240988100559
oil,Male,HIS,45-54,23,3207152,g/day,CED,MJ,33436.2743130603,26195.790708482302,32629.99851767902
oil,Male,HIS,45-54,23,3207152,g/day,Food_price,USD,19382.4105415848,13828.66851859549,19865.57123582901
oil,Male,HIS,45-54,23,3207152,g/day,FL,mrh-eq,1625.262259039943,1273.318599601738,1586.0710020134761
sat_fat,Male,HIS,45-54,23,3207152,g/day,CED,MJ,-498764.425441677,-539127.78664885706,-480323.89371757896
sat_fat,Male,HIS,45-54,23,3207152,g/day,Food_price,USD,-61666.80915100532,-66180.14270989862,-58330.60966287637
sat_fat,Male,HIS,45-54,23,3207152,g/day,FL,mrh-eq,-13931.197816973629,-15058.603744205211,-13416.12761109218
added_sugar,Male,OTH,45-54,24,2807268,tsp eq/day,CED,MJ,-169989.65924461558,-162346.89061380707,-120370.00590342391
added_sugar,Male,OTH,45-54,24,2807268,tsp eq/day,Food_price,USD,-218035.11364207178,-207987.8632431479,-151794.25885084242
added_sugar,Male,OTH,45-54,24,2807268,tsp eq/day,FL,mrh-eq,-8202.06410505587,-7833.29768403614,-5807.8974281908195
oil,Male,OTH,45-54,24,2807268,g/day,CED,MJ,-5537.29157902947,-754.5788499200098,2784.424268430743
oil,Male,OTH,45-54,24,2807268,g/day,Food_price,USD,-3802.91636940052,-2578.21489022582,2005.00858132161
oil,Male,OTH,45-54,24,2807268,g/day,FL,mrh-eq,-283.3412435464526,-38.611531763992986,142.4780009356786
sat_fat,Male,OTH,45-54,24,2807268,g/day,CED,MJ,-433003.534618238,-410177.913336485,-418510.187876796
sat_fat,Male,OTH,45-54,24,2807268,g/day,Food_price,USD,-56624.6128715457,-56112.96550761159,-55640.27002555469
sat_fat,Male,OTH,45-54,24,2807268,g/day,FL,mrh-eq,-11951.21039106999,-11321.206752680238,-11551.18354987941
added_sugar,Female,NHW,55-64,25,16626401,tsp eq/day,CED,MJ,-1749447.420098295,-1993785.609898941,-1922820.806068569
added_sugar,Female,NHW,55-64,25,16626401,tsp eq/day,Food_price,USD,-3034913.39582282,-3554000.84936835,-3347936.68336506
added_sugar,Female,NHW,55-64,25,16626401,tsp eq/day,FL,mrh-eq,-84338.8768292224,-96118.143960963,-92697.0112188747
oil,Female,NHW,55-64,25,16626401,g/day,CED,MJ,-92242.0883684922,-56764.8220391548,-31851.3833798551
oil,Female,NHW,55-64,25,16626401,g/day,Food_price,USD,-90630.17028180877,-43372.59091109831,-11458.69968598533
oil,Female,NHW,55-64,25,16626401,g/day,FL,mrh-eq,-4786.606711450444,-2945.62799859287,-1652.8251707175393
sat_fat,Female,NHW,55-64,25,16626401,g/day,CED,MJ,-3413185.4587001,-3701310.7306803,-3534103.81955385
sat_fat,Female,NHW,55-64,25,16626401,g/day,Food_price,USD,-349129.3245643002,-377888.9909108001,-363405.4014982845
sat_fat,Female,NHW,55-64,25,16626401,g/day,FL,mrh-eq,-91619.5584235019,-99353.6562359104,-94865.34947727411
added_sugar,Female,NHB,55-64,26,3005374,tsp eq/day,CED,MJ,-450704.53680864203,-453997.689381978,-413446.67835906195
added_sugar,Female,NHB,55-64,26,3005374,tsp eq/day,Food_price,USD,-799961.47439644,-807146.5780705579,-729856.85795492
added_sugar,Female,NHB,55-64,26,3005374,tsp eq/day,FL,mrh-eq,-20338.84582639016,-20487.45520792901,-18657.518533363087
oil,Female,NHB,55-64,26,3005374,g/day,CED,MJ,-19364.851378211883,-29497.6971884954,-21660.0978233363
oil,Female,NHB,55-64,26,3005374,g/day,Food_price,USD,-11805.34906678844,-23015.025851456638,-14394.33954825285
oil,Female,NHB,55-64,26,3005374,g/day,FL,mrh-eq,-962.258536737904,-1465.769624530954,-1076.311593102869
sat_fat,Female,NHB,55-64,26,3005374,g/day,CED,MJ,-480103.650923914,-489556.212582067,-479469.82341837196
sat_fat,Female,NHB,55-64,26,3005374,g/day,Food_price,USD,-58746.49940532399,-58048.151212234894,-59857.58056731365
sat_fat,Female,NHB,55-64,26,3005374,g/day,FL,mrh-eq,-12975.58274894699,-13231.05361601677,-12958.45252877288
added_sugar,Female,HIS,55-64,27,2911586,tsp eq/day,CED,MJ,-322891.277525137,-326862.847971647,-347279.85614354897
added_sugar,Female,HIS,55-64,27,2911586,tsp eq/day,Food_price,USD,-449056.71288472903,-436501.798802145,-472580.48300270096
added_sugar,Female,HIS,55-64,27,2911586,tsp eq/day,FL,mrh-eq,-15455.404249473551,-15645.506091884869,-16622.77967226827
oil,Female,HIS,55-64,27,2911586,g/day,CED,MJ,2099.481392363762,-2057.2243329935527,4631.917741291207
oil,Female,HIS,55-64,27,2911586,g/day,Food_price,USD,2319.2581504422697,-653.3645510004193,4547.846375952056
oil,Female,HIS,55-64,27,2911586,g/day,FL,mrh-eq,112.73895985231955,-110.4698199889505,248.72694284122582
sat_fat,Female,HIS,55-64,27,2911586,g/day,CED,MJ,-492659.072718591,-483203.070867004,-468874.336843048
sat_fat,Female,HIS,55-64,27,2911586,g/day,Food_price,USD,-49462.3403168598,-48272.44319880594,-48629.403184090086
sat_fat,Female,HIS,55-64,27,2911586,g/day,FL,mrh-eq,-13194.615744960971,-12941.36087191695,-12557.602305339551
added_sugar,Female,OTH,55-64,28,2629488,tsp eq/day,CED,MJ,-180451.03246028943,-160103.5367402701,-233481.5209043034
added_sugar,Female,OTH,55-64,28,2629488,tsp eq/day,Food_price,USD,-405147.38951665803,-347521.101508467,-400437.66245600296
added_sugar,Female,OTH,55-64,28,2629488,tsp eq/day,FL,mrh-eq,-8607.33053644452,-7636.77570578909,-11136.83084643679
oil,Female,OTH,55-64,28,2629488,g/day,CED,MJ,-23824.769253087412,-12565.19090472129,-27703.56243424626
oil,Female,OTH,55-64,28,2629488,g/day,Food_price,USD,-22246.7138709725,-10389.405675803384,-23718.685967863712
oil,Female,OTH,55-64,28,2629488,g/day,FL,mrh-eq,-1263.257469949634,-666.242392659288,-1468.922188396118
sat_fat,Female,OTH,55-64,28,2629488,g/day,CED,MJ,-415386.23646916694,-405394.733216717,-422890.239012094
sat_fat,Female,OTH,55-64,28,2629488,g/day,Food_price,USD,-58310.40812160449,-56399.37079818838,-62425.99538741166
sat_fat,Female,OTH,55-64,28,2629488,g/day,FL,mrh-eq,-10797.17954676049,-10537.46931785221,-10992.23189963579
added_sugar,Male,NHW,55-64,29,15564860,tsp eq/day,CED,MJ,-1588156.0353400991,-1850110.421199555,-1620159.169359117
added_sugar,Male,NHW,55-64,29,15564860,tsp eq/day,Food_price,USD,-2404791.2373579303,-2763485.00240246,-2422376.15512677
added_sugar,Male,NHW,55-64,29,15564860,tsp eq/day,FL,mrh-eq,-72306.5980580026,-84233.0272415273,-73763.6575009145
oil,Male,NHW,55-64,29,15564860,g/day,CED,MJ,-10639.52676623427,-25953.392100238365,13612.323696423293
oil,Male,NHW,55-64,29,15564860,g/day,Food_price,USD,-9568.943672083815,-29362.180872400357,4074.734190642893
oil,Male,NHW,55-64,29,15564860,g/day,FL,mrh-eq,-558.930381414449,-1363.4196016708029,715.101474223901
sat_fat,Male,NHW,55-64,29,15564860,g/day,CED,MJ,-3121491.5312173804,-3268672.01113679,-3394630.46398797
sat_fat,Male,NHW,55-64,29,15564860,g/day,Food_price,USD,-333225.6450407454,-346718.7924054699,-363498.734678893
sat_fat,Male,NHW,55-64,29,15564860,g/day,FL,mrh-eq,-87710.9739035121,-91846.6068546875,-95385.9208206133
added_sugar,Male,NHB,55-64,30,2050599,tsp eq/day,CED,MJ,-242944.1431007202,-249886.2105270969,-229759.30786845827
added_sugar,Male,NHB,55-64,30,2050599,tsp eq/day,Food_price,USD,-319558.821325468,-317970.15887834097,-298072.138819925
added_sugar,Male,NHB,55-64,30,2050599,tsp eq/day,FL,mrh-eq,-9992.599044645991,-10278.13503430729,-9450.2901407796
oil,Male,NHB,55-64,30,2050599,g/day,CED,MJ,2121.559557414746,2016.0662023962798,3985.5712106514825
oil,Male,NHB,55-64,30,2050599,g/day,Food_price,USD,642.348575481095,1687.4965780601,-250.061591099091
oil,Male,NHB,55-64,30,2050599,g/day,FL,mrh-eq,102.4032243274723,97.3112816284051,192.3751521992617
sat_fat,Male,NHB,55-64,30,2050599,g/day,CED,MJ,-353911.204663706,-352613.14812672103,-346903.685264578
sat_fat,Male,NHB,55-64,30,2050599,g/day,Food_price,USD,-35847.43114015254,-36336.0178928676,-36190.76072486144
sat_fat,Male,NHB,55-64,30,2050599,g/day,FL,mrh-eq,-9704.28939547919,-9668.6965232542,-9512.14233910615
added_sugar,Male,HIS,55-64,31,2832735,tsp eq/day,CED,MJ,-168549.5400431273,-245725.13413784798,-241904.88955473798
added_sugar,Male,HIS,55-64,31,2832735,tsp eq/day,Food_price,USD,-195412.2498544498,-292116.923492447,-285932.636481712
added_sugar,Male,HIS,55-64,31,2832735,tsp eq/day,FL,mrh-eq,-8021.30801352778,-11694.110746791539,-11512.30450466065
oil,Male,HIS,55-64,31,2832735,g/day,CED,MJ,14118.53121940008,16314.56127872467,10380.31363763839
oil,Male,HIS,55-64,31,2832735,g/day,Food_price,USD,13929.149298978771,15392.29710794945,8788.6292060778
oil,Male,HIS,55-64,31,2832735,g/day,FL,mrh-eq,689.019457025024,796.1911886713959,506.58513659885904
sat_fat,Male,HIS,55-64,31,2832735,g/day,CED,MJ,-422150.007442466,-439965.14493761596,-434709.971881084
sat_fat,Male,HIS,55-64,31,2832735,g/day,Food_price,USD,-50207.10752692435,-51124.806226591485,-52004.97033985317
sat_fat,Male,HIS,55-64,31,2832735,g/day,FL,mrh-eq,-11695.824431651119,-12189.39950377141,-12043.802961443918
added_sugar,Male,OTH,55-64,32,2195076,tsp eq/day,CED,MJ,-69599.41717799196,-126759.82022124011,-115520.14033330609
added_sugar,Male,OTH,55-64,32,2195076,tsp eq/day,Food_price,USD,-85674.1470438111,-170055.04817228368,-134071.5008965185
added_sugar,Male,OTH,55-64,32,2195076,tsp eq/day,FL,mrh-eq,-4090.2014656200313,-7449.39000171102,-6788.859252823309
oil,Male,OTH,55-64,32,2195076,g/day,CED,MJ,-10680.574867529745,-260.227450414636,-8142.919384289007
oil,Male,OTH,55-64,32,2195076,g/day,Food_price,USD,-13123.517224019826,-194.235875340282,-9237.277647599509
oil,Male,OTH,55-64,32,2195076,g/day,FL,mrh-eq,-517.9084690613149,-12.6186092156615,-394.8557979615785
sat_fat,Male,OTH,55-64,32,2195076,g/day,CED,MJ,-358633.4738111472,-327112.6824708016,-194717.3279342293
sat_fat,Male,OTH,55-64,32,2195076,g/day,Food_price,USD,-45161.00105839317,-40331.34124518278,-23271.04718707487
sat_fat,Male,OTH,55-64,32,2195076,g/day,FL,mrh-eq,-10024.684041189761,-9143.600715204338,-5442.82626254034
added_sugar,Female,NHW,65-74,33,11513863,tsp eq/day,CED,MJ,-1335505.755764873,-1233436.92803784,-1148043.826430163
added_sugar,Female,NHW,65-74,33,11513863,tsp eq/day,Food_price,USD,-2275060.085360885,-2167246.097554449,-2029190.6344307219
added_sugar,Female,NHW,65-74,33,11513863,tsp eq/day,FL,mrh-eq,-64893.383980408,-59933.7710386223,-55784.4461046154
oil,Female,NHW,65-74,33,11513863,g/day,CED,MJ,-102627.63524432541,-50601.180623803506,-70573.242146355
oil,Female,NHW,65-74,33,11513863,g/day,Food_price,USD,-108745.54843038305,-54087.2698367256,-68960.2356564874
oil,Female,NHW,65-74,33,11513863,g/day,FL,mrh-eq,-4887.93430597749,-2410.025780144134,-3361.25226455804
sat_fat,Female,NHW,65-74,33,11513863,g/day,CED,MJ,-2588299.609945331,-2494292.849919659,-2618345.70680327
sat_fat,Female,NHW,65-74,33,11513863,g/day,Food_price,USD,-287591.6619702553,-277026.6207645289,-288749.531345025
sat_fat,Female,NHW,65-74,33,11513863,g/day,FL,mrh-eq,-70177.8454616618,-67628.99375528129,-70992.50012293851
added_sugar,Female,NHB,65-74,34,1390166,tsp eq/day,CED,MJ,-210617.40499068802,-215190.8405326786,-216215.0692421934
added_sugar,Female,NHB,65-74,34,1390166,tsp eq/day,Food_price,USD,-293003.613875746,-309754.186148427,-306656.899683997
added_sugar,Female,NHB,65-74,34,1390166,tsp eq/day,FL,mrh-eq,-10489.41093287222,-10717.182444809081,-10768.19226436229
oil,Female,NHB,65-74,34,1390166,g/day,CED,MJ,-8265.789180293159,-6753.5240304115705,-12198.499708702999
oil,Female,NHB,65-74,34,1390166,g/day,Food_price,USD,-5038.56291110621,-4014.91948498453,-10973.1007606506
oil,Female,NHB,65-74,34,1390166,g/day,FL,mrh-eq,-404.345664637696,-330.368716544809,-596.725898122088
sat_fat,Female,NHB,65-74,34,1390166,g/day,CED,MJ,-233918.5316412875,-251584.8721286891,-250965.6832284805
sat_fat,Female,NHB,65-74,34,1390166,g/day,Food_price,USD,-27244.762372542238,-29340.64549090232,-29292.19939806892
sat_fat,Female,NHB,65-74,34,1390166,g/day,FL,mrh-eq,-6055.45997299453,-6512.7893557507705,-6496.760383720941
added_sugar,Female,HIS,65-74,35,1616432,tsp eq/day,CED,MJ,-125703.2799563139,-133720.6257421354,-124745.97845757181
added_sugar,Female,HIS,65-74,35,1616432,tsp eq/day,Food_price,USD,-150623.78763569889,-162301.287142184,-154002.1484136267
added_sugar,Female,HIS,65-74,35,1616432,tsp eq/day,FL,mrh-eq,-6941.1236184850095,-7383.82796327907,-6888.2630404218
oil,Female,HIS,65-74,35,1616432,g/day,CED,MJ,937.4758123135649,-4956.91714076465,-3158.375475293057
oil,Female,HIS,65-74,35,1616432,g/day,Food_price,USD,1073.8590299352347,-4109.243206834024,-2756.644517019452
oil,Female,HIS,65-74,35,1616432,g/day,FL,mrh-eq,44.30169846049841,-234.24588195175681,-149.2533418927984
sat_fat,Female,HIS,65-74,35,1616432,g/day,CED,MJ,-256809.4854920327,-271914.0083366512,-233409.2838866224
sat_fat,Female,HIS,65-74,35,1616432,g/day,Food_price,USD,-28993.76806399586,-31519.7693612478,-26639.1584745318
sat_fat,Female,HIS,65-74,35,1616432,g/day,FL,mrh-eq,-6895.78978523492,-7301.37299078983,-6267.452903932171
added_sugar,Female,OTH,65-74,36,1089947,tsp eq/day,CED,MJ,-53183.8446642879,-64864.6551842071,-78431.52543207607
added_sugar,Female,OTH,65-74,36,1089947,tsp eq/day,Food_price,USD,-96777.39088624669,-103813.4015771539,-115149.71433086679
added_sugar,Female,OTH,65-74,36,1089947,tsp eq/day,FL,mrh-eq,-2823.2379974975947,-3443.308026461662,-4163.49859998413
oil,Female,OTH,65-74,36,1089947,g/day,CED,MJ,-7400.760258878439,-11279.37718081869,-9134.044628952259
oil,Female,OTH,65-74,36,1089947,g/day,Food_price,USD,-6690.09187592364,-11770.5602552398,-7870.29036414978
oil,Female,OTH,65-74,36,1089947,g/day,FL,mrh-eq,-394.702320236333,-601.55932476653,-487.14300721532004
sat_fat,Female,OTH,65-74,36,1089947,g/day,CED,MJ,-143139.544434599,-171542.3167152252,-156428.6056058816
sat_fat,Female,OTH,65-74,36,1089947,g/day,Food_price,USD,-20647.78232461636,-24577.98834831431,-22204.327327397757
sat_fat,Female,OTH,65-74,36,1089947,g/day,FL,mrh-eq,-3741.936644819678,-4484.438479872721,-4089.3376734347503
added_sugar,Male,NHW,65-74,37,10345066,tsp eq/day,CED,MJ,-903497.8953773191,-1078845.339526133,-1058038.556323916
added_sugar,Male,NHW,65-74,37,10345066,tsp eq/day,Food_price,USD,-1342014.550463477,-1651452.260038787,-1567835.473311669
added_sugar,Male,NHW,65-74,37,10345066,tsp eq/day,FL,mrh-eq,-44035.4134058162,-52581.6393928968,-51567.541513264
oil,Male,NHW,65-74,37,10345066,g/day,CED,MJ,-38345.2623244492,6567.937374160791,-4682.60922678174
oil,Male,NHW,65-74,37,10345066,g/day,Food_price,USD,-25263.541347176222,-967.72901041416,109.79648615534984
oil,Male,NHW,65-74,37,10345066,g/day,FL,mrh-eq,-1847.499709293646,316.44749973933597,-225.61116186963667
sat_fat,Male,NHW,65-74,37,10345066,g/day,CED,MJ,-2267772.803736548,-2278642.439116288,-2252782.430928916
sat_fat,Male,NHW,65-74,37,10345066,g/day,Food_price,USD,-270506.4974079393,-274244.2327438512,-273584.7016759637
sat_fat,Male,NHW,65-74,37,10345066,g/day,FL,mrh-eq,-62299.6250002407,-62598.232606316305,-61887.8136393361
added_sugar,Male,NHB,65-74,38,1099252,tsp eq/day,CED,MJ,-140423.6984231414,-113499.73637236419,-141102.60152698762
added_sugar,Male,NHB,65-74,38,1099252,tsp eq/day,Food_price,USD,-218972.1927645076,-189771.4139790213,-207366.7728845489
added_sugar,Male,NHB,65-74,38,1099252,tsp eq/day,FL,mrh-eq,-6358.89169494151,-5139.6775551479095,-6389.6348768773005
oil,Male,NHB,65-74,38,1099252,g/day,CED,MJ,2950.5181589607146,-750.169916386768,2139.70023019497
oil,Male,NHB,65-74,38,1099252,g/day,Food_price,USD,-159.418186982956,39.8263908927819,-164.056220849691
oil,Male,NHB,65-74,38,1099252,g/day,FL,mrh-eq,139.8001802161903,-35.54422777746108,101.3823544455822
sat_fat,Male,NHB,65-74,38,1099252,g/day,CED,MJ,-192201.1571083405,-200306.46712888288,-195391.3624540529
sat_fat,Male,NHB,65-74,38,1099252,g/day,Food_price,USD,-17517.309084160508,-18623.78998124898,-18259.01439226485
sat_fat,Male,NHB,65-74,38,1099252,g/day,FL,mrh-eq,-5271.75953931653,-5494.07477436908,-5359.26159037939
added_sugar,Male,HIS,65-74,39,1168063,tsp eq/day,CED,MJ,-49634.187538866696,-52050.991044544804,-98233.3772809025
added_sugar,Male,HIS,65-74,39,1168063,tsp eq/day,Food_price,USD,-80803.3670263994,-97580.45013903061,-127180.7159296131
added_sugar,Male,HIS,65-74,39,1168063,tsp eq/day,FL,mrh-eq,-2479.457057041755,-2600.187561655026,-4907.211190783607
oil,Male,HIS,65-74,39,1168063,g/day,CED,MJ,3068.29025956451,2141.889447374759,2666.6756113143438
oil,Male,HIS,65-74,39,1168063,g/day,Food_price,USD,3286.736381075541,2913.721439474289,2747.9721683030043
oil,Male,HIS,65-74,39,1168063,g/day,FL,mrh-eq,147.74815633641168,103.138943892144,128.40910467671586
sat_fat,Male,HIS,65-74,39,1168063,g/day,CED,MJ,-170097.42913776462,-144527.4788515296,-161499.888712103
sat_fat,Male,HIS,65-74,39,1168063,g/day,Food_price,USD,-19642.69964010884,-15173.6235077416,-16750.81821100993
sat_fat,Male,HIS,65-74,39,1168063,g/day,FL,mrh-eq,-4642.4232294269805,-3944.54947680272,-4407.77287879939
added_sugar,Male,OTH,65-74,40,989548,tsp eq/day,CED,MJ,-72844.4994042359,-57881.346023056096,-45742.501520548
added_sugar,Male,OTH,65-74,40,989548,tsp eq/day,Food_price,USD,-92869.4446863027,-76692.829013068,-72745.47266118601
added_sugar,Male,OTH,65-74,40,989548,tsp eq/day,FL,mrh-eq,-3790.765631203209,-3012.095889003021,-2380.40077243321
oil,Male,OTH,65-74,40,989548,g/day,CED,MJ,76.72291065071298,1252.3372517176572,-2802.741887992241
oil,Male,OTH,65-74,40,989548,g/day,Food_price,USD,-110.923984736879,719.923654413478,-1073.30466405687
oil,Male,OTH,65-74,40,989548,g/day,FL,mrh-eq,3.9207345461705003,63.9975971273966,-143.2271905621195
sat_fat,Male,OTH,65-74,40,989548,g/day,CED,MJ,-118546.7630636708,-124992.08782194741,-124461.3695767372
sat_fat,Male,OTH,65-74,40,989548,g/day,Food_price,USD,-12368.91754406676,-13576.28625496215,-13323.2484052692
sat_fat,Male,OTH,65-74,40,989548,g/day,FL,mrh-eq,-3178.450949245328,-3351.2616449294937,-3337.032138642899
added_sugar,Female,NHW,75+,41,9145660,tsp eq/day,CED,MJ,-1134022.423365214,-1015475.5754386559,-1111776.111257855
added_sugar,Female,NHW,75+,41,9145660,tsp eq/day,Food_price,USD,-1947265.859797492,-1745331.905254608,-1845418.7930634879
added_sugar,Female,NHW,75+,41,9145660,tsp eq/day,FL,mrh-eq,-62607.1709927652,-56062.4302311435,-61378.995396439
oil,Female,NHW,75+,41,9145660,g/day,CED,MJ,-11851.11308609596,-21137.49771588786,-14952.85781147327
oil,Female,NHW,75+,41,9145660,g/day,Food_price,USD,-9435.692201639431,-20454.827146239626,-12148.88998499372
oil,Female,NHW,75+,41,9145660,g/day,FL,mrh-eq,-576.481493154074,-1028.205212140964,-727.361703112253
sat_fat,Female,NHW,75+,41,9145660,g/day,CED,MJ,-1901646.2090133377,-2011866.1110726,-1903689.090994936
sat_fat,Female,NHW,75+,41,9145660,g/day,Food_price,USD,-207394.13666018512,-226141.913083027,-210232.5457353331
sat_fat,Female,NHW,75+,41,9145660,g/day,FL,mrh-eq,-50110.056742758505,-53014.448485130306,-50163.8884868187
added_sugar,Female,NHB,75+,42,1249362,tsp eq/day,CED,MJ,-200100.0007175111,-197535.3645638802,-130963.17512797451
added_sugar,Female,NHB,75+,42,1249362,tsp eq/day,Food_price,USD,-283689.711837801,-280432.562808053,-187602.11689993768
added_sugar,Female,NHB,75+,42,1249362,tsp eq/day,FL,mrh-eq,-10198.09218349637,-10067.38555771892,-6674.5353713613695
oil,Female,NHB,75+,42,1249362,g/day,CED,MJ,-11594.143148129031,-12274.058560758589,-6976.45929652737
oil,Female,NHB,75+,42,1249362,g/day,Food_price,USD,-8507.5218848903,-9023.42739656646,-4547.13303739388
oil,Female,NHB,75+,42,1249362,g/day,FL,mrh-eq,-530.159502968113,-561.249650175603,-319.009015661591
sat_fat,Female,NHB,75+,42,1249362,g/day,CED,MJ,-172599.0461390951,-177783.6109365893,-156065.5456626529
sat_fat,Female,NHB,75+,42,1249362,g/day,Food_price,USD,-20017.961817765157,-20857.08922287783,-18218.10892204621
sat_fat,Female,NHB,75+,42,1249362,g/day,FL,mrh-eq,-4427.7457408931905,-4560.74725633604,-4003.6058748036103
added_sugar,Female,HIS,75+,43,737080,tsp eq/day,CED,MJ,-61849.9644555232,-62190.3197681321,-63001.5516870281
added_sugar,Female,HIS,75+,43,737080,tsp eq/day,Food_price,USD,-84952.39555804341,-97548.5914748344,-100695.7261163647
added_sugar,Female,HIS,75+,43,737080,tsp eq/day,FL,mrh-eq,-3469.7906776891523,-3488.8846529434395,-3534.39486421693
oil,Female,HIS,75+,43,737080,g/day,CED,MJ,-3277.2483552395556,-2766.81088610368,-3965.39868604843
oil,Female,HIS,75+,43,737080,g/day,Food_price,USD,-3093.249582528602,-2283.568425633294,-3446.316042250577
oil,Female,HIS,75+,43,737080,g/day,FL,mrh-eq,-152.0085597392056,-128.3329465083012,-183.9270258826331
sat_fat,Female,HIS,75+,43,737080,g/day,CED,MJ,-109458.6938628668,-117976.3519927915,-146695.08009256842
sat_fat,Female,HIS,75+,43,737080,g/day,Food_price,USD,-10692.97674623107,-11966.423711134503,-14948.38729470979
sat_fat,Female,HIS,75+,43,737080,g/day,FL,mrh-eq,-2914.21995000421,-3140.99343298255,-3905.598668195468
added_sugar,Female,OTH,75+,44,689818,tsp eq/day,CED,MJ,-57857.1901554788,-60939.106530747304,-56908.8031352821
added_sugar,Female,OTH,75+,44,689818,tsp eq/day,Food_price,USD,-88660.8150787602,-92511.5551304935,-85111.8636515839
added_sugar,Female,OTH,75+,44,689818,tsp eq/day,FL,mrh-eq,-2862.164050250052,-3014.624794220959,-2815.24785491398
oil,Female,OTH,75+,44,689818,g/day,CED,MJ,-1353.006082576728,1391.5756092923598,517.7482922040119
oil,Female,OTH,75+,44,689818,g/day,Food_price,USD,-612.4093817899142,355.5719129430271,99.81144638087198
oil,Female,OTH,75+,44,689818,g/day,FL,mrh-eq,-70.94483816869918,72.9672302823204,27.148118013320996
sat_fat,Female,OTH,75+,44,689818,g/day,CED,MJ,-82802.7230042967,-61141.0868849352,-83480.6487829146
sat_fat,Female,OTH,75+,44,689818,g/day,Food_price,USD,-8950.272317196337,-6069.055937558438,-9430.866257728596
sat_fat,Female,OTH,75+,44,689818,g/day,FL,mrh-eq,-2172.549915593547,-1604.199213886606,-2190.3371034984502
added_sugar,Male,NHW,75+,45,6831819,tsp eq/day,CED,MJ,-721994.279601808,-766089.110083685,-841456.598573945
added_sugar,Male,NHW,75+,45,6831819,tsp eq/day,Food_price,USD,-1080713.845499316,-1129761.034334029,-1245566.3970444119
added_sugar,Male,NHW,75+,45,6831819,tsp eq/day,FL,mrh-eq,-36279.52070223802,-38495.24368028052,-42282.38775636109
oil,Male,NHW,75+,45,6831819,g/day,CED,MJ,21426.74305712619,24452.52112518985,33085.82639012912
oil,Male,NHW,75+,45,6831819,g/day,Food_price,USD,17018.0133604938,22420.0454643795,32037.7730703369
oil,Male,NHW,75+,45,6831819,g/day,FL,mrh-eq,1010.318396322074,1152.990534462823,1560.0700008557048
sat_fat,Male,NHW,75+,45,6831819,g/day,CED,MJ,-1600996.5102084859,-1542511.225841979,-1550610.9231871169
sat_fat,Male,NHW,75+,45,6831819,g/day,Food_price,USD,-183519.13831191458,-177727.7679345054,-179442.3237827179
sat_fat,Male,NHW,75+,45,6831819,g/day,FL,mrh-eq,-43010.7663314762,-41439.5593465275,-41657.1576908376
added_sugar,Male,NHB,75+,46,670963,tsp eq/day,CED,MJ,-78366.43745722261,-65206.4662371921,-62557.2180625775
added_sugar,Male,NHB,75+,46,670963,tsp eq/day,Food_price,USD,-119209.7766582944,-100543.5785512679,-100034.7133199025
added_sugar,Male,NHB,75+,46,670963,tsp eq/day,FL,mrh-eq,-3501.818869875919,-2913.763102118419,-2795.380953460536
oil,Male,NHB,75+,46,670963,g/day,CED,MJ,1008.8272299028009,-1309.316071982741,1539.84997147793
oil,Male,NHB,75+,46,670963,g/day,Food_price,USD,0,0,0
oil,Male,NHB,75+,46,670963,g/day,FL,mrh-eq,45.283637426473,-58.7718020716322,69.119870809088
sat_fat,Male,NHB,75+,46,670963,g/day,CED,MJ,-112859.9475404977,-117740.2159158768,-112632.7542781036
sat_fat,Male,NHB,75+,46,670963,g/day,Food_price,USD,-16866.78077752627,-17073.03643722064,-16769.19355033606
sat_fat,Male,NHB,75+,46,670963,g/day,FL,mrh-eq,-2991.962401467754,-3121.340270290237,-2985.9394171073764
added_sugar,Male,HIS,75+,47,548525,tsp eq/day,CED,MJ,-63818.2189337404,-45739.5084233556,-66295.1687016864
added_sugar,Male,HIS,75+,47,548525,tsp eq/day,Food_price,USD,-82066.9447483291,-60446.776419284695,-80066.3177862732
added_sugar,Male,HIS,75+,47,548525,tsp eq/day,FL,mrh-eq,-2797.203488685906,-2004.7991728729671,-2905.7701746254197
oil,Male,HIS,75+,47,548525,g/day,CED,MJ,-454.039866089102,-714.8711976905361,-1516.130276761121
oil,Male,HIS,75+,47,548525,g/day,Food_price,USD,87.2414545049921,-219.820996879423,-586.12367345295
oil,Male,HIS,75+,47,548525,g/day,FL,mrh-eq,-21.473965055454862,-33.8100688174927,-71.7058809463579
sat_fat,Male,HIS,75+,47,548525,g/day,CED,MJ,-89471.8436660381,-79078.711742063,-80242.8001012964
sat_fat,Male,HIS,75+,47,548525,g/day,Food_price,USD,-7745.62330224254,-7015.135847899726,-7337.878975284227
sat_fat,Male,HIS,75+,47,548525,g/day,FL,mrh-eq,-2489.476175716696,-2200.29632588157,-2232.686071280782
added_sugar,Male,OTH,75+,48,638884,tsp eq/day,CED,MJ,-22641.295246353173,-27325.935661435564,-47505.514676010454
added_sugar,Male,OTH,75+,48,638884,tsp eq/day,Food_price,USD,-24136.244822601453,-31010.07157852333,-51994.478101542605
added_sugar,Male,OTH,75+,48,638884,tsp eq/day,FL,mrh-eq,-1475.8998997316112,-1781.273785972171,-3096.703769998127
oil,Male,OTH,75+,48,638884,g/day,CED,MJ,371.364063816888,2040.512225570324,4649.066129794327
oil,Male,OTH,75+,48,638884,g/day,Food_price,USD,0,0,0
oil,Male,OTH,75+,48,638884,g/day,FL,mrh-eq,17.538330598133243,96.366831065353,219.5604440528762
sat_fat,Male,OTH,75+,48,638884,g/day,CED,MJ,-100238.23595255439,-106040.2744893819,-98595.1152746431
sat_fat,Male,OTH,75+,48,638884,g/day,Food_price,USD,-15650.4899865963,-16576.26383956793,-15497.81597809459
sat_fat,Male,OTH,75+,48,638884,g/day,FL,mrh-eq,-2761.167183558866,-2920.9904112263566,-2715.905703731724
