age_gp,sex_gp,outcome,outcome_unit,impact_lower_bound (2.5th percentile),impact_median,impact_upper_bound  (97.5th percentile),impact_mean,impact_SD,substitution_impact_lower_bound (2.5th percentile),substitution_impact_median,substitution_impact_upper_bound  (97.5th percentile),substitution_impact_mean,substitution_impact_SD,combined_impact_lower_bound (2.5th percentile),combined_impact_median,combined_impact_upper_bound  (97.5th percentile),combined_impact_mean,combined_impact_SD,delta_lower_bound (2.5th percentile),delta_median,delta_upper_bound  (97.5th percentile),delta_mean,delta_SD,combined_consumed_impact_lower_bound (2.5th percentile),combined_consumed_impact_median,combined_consumed_impact_upper_bound  (97.5th percentile),combined_consumed_impact_mean,combined_consumed_impact_SD,combined_unconsumed_impact_lower_bound (2.5th percentile),combined_unconsumed_impact_median,combined_unconsumed_impact_upper_bound  (97.5th percentile),combined_unconsumed_impact_mean,combined_unconsumed_impact_SD,current_intake_impact_lower_bound (2.5th percentile),current_intake_impact_median,current_intake_impact_upper_bound  (97.5th percentile),current_intake_impact_mean,current_intake_impact_SD,CF_intake_impact_lower_bound (2.5th percentile),CF_intake_impact_median,CF_intake_impact_upper_bound  (97.5th percentile),CF_intake_impact_mean,CF_intake_impact_SD,current_intake_consumed_impact_lower_bound (2.5th percentile),current_intake_consumed_impact_median,current_intake_consumed_impact_upper_bound  (97.5th percentile),current_intake_consumed_impact_mean,current_intake_consumed_impact_SD,CF_intake_consumed_impact_lower_bound (2.5th percentile),CF_intake_consumed_impact_median,CF_intake_consumed_impact_upper_bound  (97.5th percentile),CF_intake_consumed_impact_mean,CF_intake_consumed_impact_SD,current_intake_unconsumed_impact_lower_bound (2.5th percentile),current_intake_unconsumed_impact_median,current_intake_unconsumed_impact_upper_bound  (97.5th percentile),current_intake_unconsumed_impact_mean,current_intake_unconsumed_impact_SD,CF_intake_unconsumed_impact_lower_bound (2.5th percentile),CF_intake_unconsumed_impact_median,CF_intake_unconsumed_impact_upper_bound  (97.5th percentile),CF_intake_unconsumed_impact_mean,CF_intake_unconsumed_impact_SD,combined_inedible_impact_lower_bound (2.5th percentile),combined_inedible_impact_median,combined_inedible_impact_upper_bound  (97.5th percentile),combined_inedible_impact_mean,combined_inedible_impact_SD,combined_wasted_impact_lower_bound (2.5th percentile),combined_wasted_impact_median,combined_wasted_impact_upper_bound  (97.5th percentile),combined_wasted_impact_mean,combined_wasted_impact_SD,current_intake_inedible_impact_lower_bound (2.5th percentile),current_intake_inedible_impact_median,current_intake_inedible_impact_upper_bound  (97.5th percentile),current_intake_inedible_impact_mean,current_intake_inedible_impact_SD,CF_intake_inedible_impact_lower_bound (2.5th percentile),CF_intake_inedible_impact_median,CF_intake_inedible_impact_upper_bound  (97.5th percentile),CF_intake_inedible_impact_mean,CF_intake_inedible_impact_SD,current_intake_wasted_impact_lower_bound (2.5th percentile),current_intake_wasted_impact_median,current_intake_wasted_impact_upper_bound  (97.5th percentile),current_intake_wasted_impact_mean,current_intake_wasted_impact_SD,CF_intake_wasted_impact_lower_bound (2.5th percentile),CF_intake_wasted_impact_median,CF_intake_wasted_impact_upper_bound  (97.5th percentile),CF_intake_wasted_impact_mean,CF_intake_wasted_impact_SD
20-34,Female,CED,MJ,-22561633.955827042,-21689562.448621325,-21541047.067841515,-21943441.79122691,580406.95245589,0,0,0,0,0,-22561633.955827042,-21689562.448621325,-21541047.067841515,-21943441.79122691,580406.95245589,-606254908.9557356,-586976643.3025336,-573931751.0907204,-589163791.8784595,17117308.97734884,-16861149.527551025,-16202408.285364734,-16118882.112960603,-16404238.134411106,427986.23574409913,-5700484.428276022,-5487154.163256587,-5422164.954880918,-5539203.656815804,153262.53641760343,49649285.58638018,49797800.96715999,50669872.47436572,50051680.30976558,580406.9524558929,28108238.51853867,28108238.51853867,28108238.51853867,28108238.51853867,0,37691874.9334643,37775401.10586843,38434142.34805471,37977230.9549148,427986.23574409314,21572992.820503697,21572992.820503697,21572992.820503697,21572992.820503697,0,11957410.652915884,12022399.861291556,12235730.126310987,12074449.354850769,153262.53641760297,6535245.698034966,6535245.698034966,6535245.698034966,6535245.698034967,0,-16861149.527551025,-16202408.285364734,-16118882.112960603,-16404238.134411106,427986.23574409913,-5700484.428276022,-5487154.163256587,-5422164.954880918,-5539203.656815804,153262.53641760343,0,0,0,0,0,0,0,0,0,0,11957410.652915884,12022399.861291556,12235730.126310987,12074449.354850769,153262.53641760297,6535245.698034966,6535245.698034966,6535245.698034966,6535245.698034967,0
20-34,Female,FL,mrh-eq,-718487.3462584759,-687468.0466349134,-686414.3683310427,-697982.299729542,19179.77880724224,0,0,0,0,0,-718487.3462584759,-687468.0466349134,-686414.3683310427,-697982.299729542,19179.77880724224,-606254908.9557356,-586976643.3025336,-573931751.0907204,-589163791.8784595,17117308.97734884,-528463.2589765193,-505939.14602553827,-505233.70550532243,-513594.8205626489,13908.05757694715,-190061.21573038897,-182271.4695780236,-180512.3507539367,-184387.47916689326,5349.389493977424,1663041.0281182248,1664094.706422096,1695114.0060456584,1674608.9595167243,19179.778807242277,976626.6597871823,976626.6597871823,976626.6597871823,976626.6597871823,0,1254360.090864355,1255065.5313845705,1277589.6443355514,1262721.2059216811,13908.057576947016,749126.3853590321,749126.3853590321,749126.3853590321,749126.3853590321,0,408012.62518208724,409771.744006174,417561.49015853944,411887.75359504373,5349.389493977435,227500.27442815047,227500.27442815047,227500.27442815047,227500.27442815047,0,-528463.2589765193,-505939.14602553827,-505233.70550532243,-513594.8205626489,13908.05757694715,-190061.21573038897,-182271.4695780236,-180512.3507539367,-184387.47916689326,5349.389493977424,0,0,0,0,0,0,0,0,0,0,408012.62518208724,409771.744006174,417561.49015853944,411887.75359504373,5349.389493977435,227500.27442815047,227500.27442815047,227500.27442815047,227500.27442815047,0
20-34,Female,Food_price,USD,-10759818.44207305,-10227250.766984884,-10208711.990382342,-10407611.783997385,329439.0251042733,0,0,0,0,0,-10759818.44207305,-10227250.766984884,-10208711.990382342,-10407611.783997385,329439.0251042733,-606254908.9557356,-586976643.3025336,-573931751.0907204,-589163791.8784595,17117308.97734884,-7548977.808952128,-7200044.748229619,-7148887.173944996,-7304527.37504993,229191.80115358543,-3212557.411946295,-3061541.5952627193,-3028922.797580638,-3103084.4089474543,103128.74135494129,25677848.053142354,25696386.829744898,26228954.50483306,25876747.846757397,329439.0251042733,15469136.062760016,15469136.062760016,15469136.062760016,15469136.062760016,0,18818339.119113877,18869496.6933985,19218429.75412101,18973979.320218813,229191.8011535864,11669451.945168883,11669451.945168883,11669451.945168883,11669451.945168883,0,6828606.91517177,6861225.712853851,7012241.529537425,6902768.526538585,103128.74135494068,3799684.11759113,3799684.11759113,3799684.11759113,3799684.11759113,0,-7548977.808952128,-7200044.748229619,-7148887.173944996,-7304527.37504993,229191.80115358543,-3212557.411946295,-3061541.5952627193,-3028922.797580638,-3103084.4089474543,103128.74135494129,0,0,0,0,0,0,0,0,0,0,6828606.91517177,6861225.712853851,7012241.529537425,6902768.526538585,103128.74135494068,3799684.11759113,3799684.11759113,3799684.11759113,3799684.11759113,0
20-34,Male,CED,MJ,-17152453.142039303,-16772763.473883752,-16535577.18505236,-16822764.659611527,327546.4980833902,0,0,0,0,0,-17152453.142039303,-16772763.473883752,-16535577.18505236,-16822764.659611527,327546.4980833902,-374843638.5855528,-366222091.1950669,-365872863.9006217,-369124659.649818,5348912.568136263,-12654177.059567021,-12392488.825023714,-12189457.756753972,-12413070.286874088,245237.6980943383,-4498276.08247228,-4380274.648860039,-4346119.42829839,-4409694.372737439,84037.72273884252,42657631.18035127,42894817.46918267,43274507.13733821,42944818.65491044,327546.4980833896,26122053.99529891,26122053.99529891,26122053.99529891,26122053.99529891,0,32013475.66093285,32216506.72920259,32478194.963745907,32237088.191052962,245237.69809434217,19824017.904178884,19824017.904178884,19824017.904178884,19824017.904178884,0,10644155.519418426,10678310.739980074,10796312.173592312,10707730.463857474,84037.72273884075,6298036.0911200335,6298036.0911200335,6298036.0911200335,6298036.0911200335,0,-12654177.059567021,-12392488.825023714,-12189457.756753972,-12413070.286874088,245237.6980943383,-4498276.08247228,-4380274.648860039,-4346119.42829839,-4409694.372737439,84037.72273884252,0,0,0,0,0,0,0,0,0,0,10644155.519418426,10678310.739980074,10796312.173592312,10707730.463857474,84037.72273884075,6298036.0911200335,6298036.0911200335,6298036.0911200335,6298036.0911200335,0
20-34,Male,FL,mrh-eq,-508488.3237194719,-495720.04097440117,-492741.56731804035,-499155.0617072818,8805.48690213664,0,0,0,0,0,-508488.3237194719,-495720.04097440117,-492741.56731804035,-499155.0617072818,8805.48690213664,-374843638.5855528,-366222091.1950669,-365872863.9006217,-369124659.649818,5348912.568136263,-370123.0657163783,-361577.12428490445,-358382.9415677847,-363454.93436011643,6389.4308100662165,-138376.61111155478,-134369.97885871652,-134154.26979795768,-135700.12734716546,2503.102362304562,1383051.1628244158,1386029.6364807766,1398797.9192258476,1389464.6572136574,8805.486902136696,890309.5955063757,890309.5955063757,890309.5955063757,890309.5955063757,0,1037166.6076411171,1040360.7903582366,1048906.7317897102,1042238.6004334487,6389.430810065991,678783.6660733321,678783.6660733321,678783.6660733321,678783.6660733321,0,345680.1992310012,345895.90829176025,349902.5405445984,347226.05678020907,2503.1023623045826,211525.9294330437,211525.9294330437,211525.9294330437,211525.9294330437,0,-370123.0657163783,-361577.12428490445,-358382.9415677847,-363454.93436011643,6389.4308100662165,-138376.61111155478,-134369.97885871652,-134154.26979795768,-135700.12734716546,2503.102362304562,0,0,0,0,0,0,0,0,0,0,345680.1992310012,345895.90829176025,349902.5405445984,347226.05678020907,2503.1023623045826,211525.9294330437,211525.9294330437,211525.9294330437,211525.9294330437,0
20-34,Male,Food_price,USD,-6326974.904285336,-6252461.67687193,-6056727.324838473,-6209927.94893507,146927.8576390411,0,0,0,0,0,-6326974.904285336,-6252461.67687193,-6056727.324838473,-6209927.94893507,146927.8576390411,-374843638.5855528,-366222091.1950669,-365872863.9006217,-369124659.649818,5348912.568136263,-4336739.279075654,-4288099.481684467,-4166149.1074849,-4262376.4722780185,92506.6245548129,-1990235.6252096815,-1964362.1951874627,-1890578.217353574,-1947551.4766570523,54434.23218656201,19617441.52245321,19813175.874486666,19887689.101900067,19770642.146549806,146927.85763904097,13560714.197614733,13560714.197614733,13560714.197614733,13560714.197614735,0,14390689.868788425,14512640.24298799,14561280.04037918,14486917.233581543,92506.62455481342,10224540.761303522,10224540.761303522,10224540.761303522,10224540.761303522,0,5226751.653664781,5300535.63149867,5326409.061520889,5283724.912968259,54434.23218656244,3336173.4363112077,3336173.4363112077,3336173.4363112077,3336173.4363112077,0,-4336739.279075654,-4288099.481684467,-4166149.1074849,-4262376.4722780185,92506.6245548129,-1990235.6252096815,-1964362.1951874627,-1890578.217353574,-1947551.4766570523,54434.23218656201,0,0,0,0,0,0,0,0,0,0,5226751.653664781,5300535.63149867,5326409.061520889,5283724.912968259,54434.23218656244,3336173.4363112077,3336173.4363112077,3336173.4363112077,3336173.4363112077,0
35-44,Female,CED,MJ,-16915490.28397205,-15710001.6465302,-14994786.983825369,-15882027.602578277,1021815.2366396516,0,0,0,0,0,-16915490.28397205,-15710001.6465302,-14994786.983825369,-15882027.602578277,1021815.2366396516,-466243463.31556064,-441925488.1199964,-411566824.9595552,-439805948.4831975,28835660.46709065,-12633415.6443207,-11780792.755296739,-11200420.097732458,-11876319.152300136,758731.80493167,-4282074.639651353,-3929208.8912334633,-3794366.88609291,-4005708.4502781425,265100.0109674333,34813440.464559354,35528655.12726418,36734143.76470604,35700681.083312266,1021815.2366396502,19818653.480733987,19818653.480733987,19818653.480733987,19818653.480733987,0,26382995.776753534,26963368.43431781,27815991.32334177,27058894.83132121,758731.8049316682,15182575.679021075,15182575.679021075,15182575.679021075,15182575.679021075,0,8430444.68780582,8565286.692946374,8918152.441364262,8641786.251991054,265100.01096743305,4636077.801712911,4636077.801712911,4636077.801712911,4636077.801712911,0,-12633415.6443207,-11780792.755296739,-11200420.097732458,-11876319.152300136,758731.80493167,-4282074.639651353,-3929208.8912334633,-3794366.88609291,-4005708.4502781425,265100.0109674333,0,0,0,0,0,0,0,0,0,0,8430444.68780582,8565286.692946374,8918152.441364262,8641786.251991054,265100.01096743305,4636077.801712911,4636077.801712911,4636077.801712911,4636077.801712911,0
35-44,Female,FL,mrh-eq,-557519.7228765488,-514614.5054115006,-493004.75897058216,-522086.60050768644,34566.353002310476,0,0,0,0,0,-557519.7228765488,-514614.5054115006,-493004.75897058216,-522086.60050768644,34566.353002310476,-466243463.31556064,-441925488.1199964,-411566824.9595552,-439805948.4831975,28835660.46709065,-409183.73334134766,-379807.183521857,-361859.26395866997,-383817.2292258232,25148.551808040003,-148335.98953520114,-134807.32188964362,-131145.49501191222,-138269.3712818633,9531.470218427741,1185836.2799265198,1207446.0263674387,1250351.2438324867,1214918.1214636245,34566.353002310556,692831.5209559379,692831.5209559379,692831.5209559379,692831.5209559379,0,890527.3365275974,908475.2560907844,937851.8059102751,912485.3017947506,25148.55180803997,528668.0725689273,528668.0725689273,528668.0725689273,528668.0725689273,0,295308.94339892274,298970.7702766541,312499.43792221165,302432.81966887385,9531.470218427745,164163.44838701052,164163.44838701052,164163.44838701052,164163.44838701052,0,-409183.73334134766,-379807.183521857,-361859.26395866997,-383817.2292258232,25148.551808040003,-148335.98953520114,-134807.32188964362,-131145.49501191222,-138269.3712818633,9531.470218427741,0,0,0,0,0,0,0,0,0,0,295308.94339892274,298970.7702766541,312499.43792221165,302432.81966887385,9531.470218427745,164163.44838701052,164163.44838701052,164163.44838701052,164163.44838701052,0
35-44,Female,Food_price,USD,-7238281.079970752,-6488996.352085173,-6348197.549582381,-6702500.185552818,503634.17913122324,0,0,0,0,0,-7238281.079970752,-6488996.352085173,-6348197.549582381,-6702500.185552818,503634.17913122324,-466243463.31556064,-441925488.1199964,-411566824.9595552,-439805948.4831975,28835660.46709065,-5056399.070927068,-4562292.161851793,-4429818.708956837,-4689181.093844887,347605.9271316051,-2181882.009043688,-1926704.1902333784,-1918378.840625545,-2013319.0917079316,157671.74336754638,14844405.345564622,14985204.148067413,15734488.875952998,15198707.98153506,503634.1791312259,8496207.795982242,8496207.795982242,8496207.795982242,8496207.795982242,0,10715161.115238141,10847634.568133097,11341741.477208374,10974523.500126192,347605.9271316058,6285342.406281305,6285342.406281305,6285342.406281305,6285342.406281305,0,4129244.230326482,4137569.5799343158,4392747.398744624,4224184.481408869,157671.74336754577,2210865.3897009366,2210865.3897009366,2210865.3897009366,2210865.3897009366,0,-5056399.070927068,-4562292.161851793,-4429818.708956837,-4689181.093844887,347605.9271316051,-2181882.009043688,-1926704.1902333784,-1918378.840625545,-2013319.0917079316,157671.74336754638,0,0,0,0,0,0,0,0,0,0,4129244.230326482,4137569.5799343158,4392747.398744624,4224184.481408869,157671.74336754577,2210865.3897009366,2210865.3897009366,2210865.3897009366,2210865.3897009366,0
35-44,Male,CED,MJ,-12336909.000089418,-11619032.547526395,-11558132.81055004,-11849550.693346279,455913.78971997567,0,0,0,0,0,-12336909.000089418,-11619032.547526395,-11558132.81055004,-11849550.693346279,455913.78971997567,-285715937.7196306,-270567201.33058923,-264187058.0588115,-273643900.66998,11640054.87641562,-9005558.911412379,-8442866.308754764,-8396175.55134945,-8623919.58779066,357003.81147802493,-3331350.088677037,-3176166.238771634,-3161957.2592005883,-3225631.1055556186,98911.7638908632,28606731.89196074,28667631.628937095,29385508.081500117,28898149.77475698,455913.7897199752,17048599.0814107,17048599.0814107,17048599.0814107,17048599.0814107,0,21259483.645583246,21306174.402988564,21868867.005646177,21487227.68202446,357003.8114780251,12863308.094233798,12863308.094233798,12863308.094233798,12863308.094233798,0,7347248.246377488,7361457.225948533,7516641.075853936,7410922.092732519,98911.7638908637,4185290.987176899,4185290.987176899,4185290.987176899,4185290.987176899,0,-9005558.911412379,-8442866.308754764,-8396175.55134945,-8623919.58779066,357003.81147802493,-3331350.088677037,-3176166.238771634,-3161957.2592005883,-3225631.1055556186,98911.7638908632,0,0,0,0,0,0,0,0,0,0,7347248.246377488,7361457.225948533,7516641.075853936,7410922.092732519,98911.7638908637,4185290.987176899,4185290.987176899,4185290.987176899,4185290.987176899,0
35-44,Male,FL,mrh-eq,-388436.54908187245,-368697.47494616953,-368422.76502241543,-375527.07642404624,12080.509134638678,0,0,0,0,0,-388436.54908187245,-368697.47494616953,-368422.76502241543,-375527.07642404624,12080.509134638678,-285715937.7196306,-270567201.33058923,-264187058.0588115,-273643900.66998,11640054.87641562,-279459.1753268313,-263629.11143797287,-263368.7580858423,-269092.16776664933,9700.598582043216,-108977.37375504115,-105068.36350819672,-105054.00693657316,-106434.90865739703,2380.0251561532423,960270.3424174519,960545.0523412061,980284.1264769089,967374.6538190828,12080.509134638662,591847.5773950365,591847.5773950365,591847.5773950365,591847.5773950365,0,710853.5279113615,711113.881263492,726943.9451523504,716576.9375921685,9700.59858204315,447484.76982551924,447484.76982551924,447484.76982551924,447484.76982551924,0,249416.8145060903,249431.17107771392,253340.1813245583,250797.7162269142,2380.0251561532423,144362.80756951717,144362.80756951717,144362.80756951717,144362.80756951717,0,-279459.1753268313,-263629.11143797287,-263368.7580858423,-269092.16776664933,9700.598582043216,-108977.37375504115,-105068.36350819672,-105054.00693657316,-106434.90865739703,2380.0251561532423,0,0,0,0,0,0,0,0,0,0,249416.8145060903,249431.17107771392,253340.1813245583,250797.7162269142,2380.0251561532423,144362.80756951717,144362.80756951717,144362.80756951717,144362.80756951717,0
35-44,Male,Food_price,USD,-4681442.517218724,-4658592.963389879,-4599768.898065563,-4645970.327777433,44354.304297342096,0,0,0,0,0,-4681442.517218724,-4658592.963389879,-4599768.898065563,-4645970.327777433,44354.304297342096,-285715937.7196306,-270567201.33058923,-264187058.0588115,-273643900.66998,11640054.87641562,-3173706.3390746517,-3168702.189216879,-3102295.2245388348,-3147157.341911521,41961.31919898645,-1513139.427967831,-1497872.7734927128,-1485285.7242812132,-1498812.9858659124,14682.439406345538,13009014.575654265,13067838.640978582,13090688.194807427,13055216.005366137,44354.30429734365,8409245.677588701,8409245.677588701,8409245.677588701,8409245.677588701,0,9423137.4964273,9489544.461105343,9494548.61096312,9467999.613799985,41961.31919898748,6320842.271888467,6320842.271888467,6320842.271888467,6320842.2718884675,0,3573689.129981449,3586276.179192949,3601542.833668066,3587216.391566148,14682.439406345284,2088403.4057002363,2088403.4057002363,2088403.4057002363,2088403.4057002363,0,-3173706.3390746517,-3168702.189216879,-3102295.2245388348,-3147157.341911521,41961.31919898645,-1513139.427967831,-1497872.7734927128,-1485285.7242812132,-1498812.9858659124,14682.439406345538,0,0,0,0,0,0,0,0,0,0,3573689.129981449,3586276.179192949,3601542.833668066,3587216.391566148,14682.439406345284,2088403.4057002363,2088403.4057002363,2088403.4057002363,2088403.4057002363,0
45-54,Female,CED,MJ,-15951232.299866624,-15918456.951154698,-15774643.052496128,-15879496.056436576,98876.81622216504,0,0,0,0,0,-15951232.299866624,-15918456.951154698,-15774643.052496128,-15879496.056436576,98876.81622216504,-442031787.49419695,-440982693.96247554,-433649775.3953798,-438777843.0728705,4807089.616081696,-11851458.056471987,-11765932.881812401,-11722652.965301279,-11780755.779408352,68996.84602806233,-4149747.762713473,-4096997.9367658175,-4049213.780566026,-4098740.277028226,52934.132641040684,35828252.81242766,35972066.711086236,36004842.059798166,35933105.81636811,98876.81622216647,20053609.75993153,20053609.75993153,20053609.75993153,20053609.75993153,0,27095059.071636923,27138338.988148056,27223864.162807632,27153161.885744,68996.84602806112,15372406.10633565,15372406.10633565,15372406.10633565,15372406.10633565,0,8730417.43416191,8778201.590361701,8830951.416309357,8779943.93062411,52934.13264104068,4681203.653595884,4681203.653595884,4681203.653595884,4681203.653595884,0,-11851458.056471987,-11765932.881812401,-11722652.965301279,-11780755.779408352,68996.84602806233,-4149747.762713473,-4096997.9367658175,-4049213.780566026,-4098740.277028226,52934.132641040684,0,0,0,0,0,0,0,0,0,0,8730417.43416191,8778201.590361701,8830951.416309357,8779943.93062411,52934.13264104068,4681203.653595884,4681203.653595884,4681203.653595884,4681203.653595884,0
45-54,Female,FL,mrh-eq,-531706.0517945685,-523046.3294588611,-522291.9344688111,-525820.1285275129,5506.405365319411,0,0,0,0,0,-531706.0517945685,-523046.3294588611,-522291.9344688111,-525820.1285275129,5506.405365319411,-442031787.49419695,-440982693.96247554,-433649775.3953798,-438777843.0728705,4807089.616081696,-386031.54020308336,-382141.9661308805,-381918.17571437365,-383428.206010072,2434.6921678325866,-145674.51159148518,-140904.36332798057,-140373.75875443761,-142391.9225174408,3072.946207626724,1230985.740009392,1231740.1349994417,1240399.8573351488,1234513.9340680933,5506.405365319292,708693.8055405804,708693.8055405804,708693.8055405804,708693.8055405804,0,924538.0240652035,924761.8144817105,928651.3885539133,926048.0543609019,2434.6921678326257,542619.8483508299,542619.8483508299,542619.8483508299,542619.8483508299,0,306447.715944188,306978.320517731,311748.4687812357,308465.87970719126,3072.9462076267605,166073.95718975045,166073.95718975045,166073.95718975045,166073.95718975045,0,-386031.54020308336,-382141.9661308805,-381918.17571437365,-383428.206010072,2434.6921678325866,-145674.51159148518,-140904.36332798057,-140373.75875443761,-142391.9225174408,3072.946207626724,0,0,0,0,0,0,0,0,0,0,306447.715944188,306978.320517731,311748.4687812357,308465.87970719126,3072.9462076267605,166073.95718975045,166073.95718975045,166073.95718975045,166073.95718975045,0
45-54,Female,Food_price,USD,-8895602.409934228,-8387221.29759433,-8316782.138482916,-8540885.140832394,332439.96734162763,0,0,0,0,0,-8895602.409934228,-8387221.29759433,-8316782.138482916,-8540885.140832394,332439.96734162763,-442031787.49419695,-440982693.96247554,-433649775.3953798,-438777843.0728705,4807089.616081696,-6123831.01795151,-5817378.787265304,-5753549.519715432,-5902509.651523667,208364.1305507672,-2771771.391982719,-2569842.5103290277,-2563232.618767485,-2638375.489308729,124776.72309864349,19132936.865374997,19203376.024486415,19711757.13682631,19357039.86772448,332439.96734162775,10816154.726892088,10816154.726892088,10816154.726892088,10816154.726892088,0,13816275.382003287,13880104.649553163,14186556.88023937,13965235.513811523,208364.13055076892,8062725.862287858,8062725.862287858,8062725.862287858,8062725.862287858,0,5316661.48337171,5323271.374933255,5525200.256586946,5391804.353912955,124776.72309864406,2753428.864604227,2753428.864604227,2753428.864604227,2753428.864604227,0,-6123831.01795151,-5817378.787265304,-5753549.519715432,-5902509.651523667,208364.1305507672,-2771771.391982719,-2569842.5103290277,-2563232.618767485,-2638375.489308729,124776.72309864349,0,0,0,0,0,0,0,0,0,0,5316661.48337171,5323271.374933255,5525200.256586946,5391804.353912955,124776.72309864406,2753428.864604227,2753428.864604227,2753428.864604227,2753428.864604227,0
45-54,Male,CED,MJ,-12014684.682636995,-11978391.971283616,-11538324.088632569,-11836716.472582681,279128.1498794842,0,0,0,0,0,-12014684.682636995,-11978391.971283616,-11538324.088632569,-11836716.472582681,279128.1498794842,-292516518.0666399,-285413989.3417071,-271512002.3843736,-283028214.5233209,11246428.259903656,-8765451.994602473,-8754709.13846617,-8458578.32477724,-8654573.013009107,183321.32102308972,-3249232.688034521,-3223682.832817444,-3079745.7638553265,-3182143.4595735706,96184.35322018189,28409294.82868098,28849362.71133202,28885655.4226854,28707687.212631088,279128.14987948106,16870970.740048405,16870970.740048405,16870970.740048405,16870970.740048405,0,21189207.582783148,21485338.39647208,21496081.252608385,21385202.271015014,183321.32102309237,12730629.258005913,12730629.258005913,12730629.258005913,12730629.258005911,0,7220087.245897822,7364024.314859942,7389574.170077017,7322484.941616066,96184.3532201824,4140341.482042495,4140341.482042495,4140341.482042495,4140341.482042495,0,-8765451.994602473,-8754709.13846617,-8458578.32477724,-8654573.013009107,183321.32102308972,-3249232.688034521,-3223682.832817444,-3079745.7638553265,-3182143.4595735706,96184.35322018189,0,0,0,0,0,0,0,0,0,0,7220087.245897822,7364024.314859942,7389574.170077017,7322484.941616066,96184.3532201824,4140341.482042495,4140341.482042495,4140341.482042495,4140341.482042495,0
45-54,Male,FL,mrh-eq,-392883.9168057265,-392228.34356302896,-371995.813473496,-385359.23589747265,12500.03073620105,0,0,0,0,0,-392883.9168057265,-392228.34356302896,-371995.813473496,-385359.23589747265,12500.03073620105,-292516518.0666399,-285413989.3417071,-271512002.3843736,-283028214.5233209,11246428.259903656,-282157.5571405762,-281780.6448857468,-268472.7978804116,-277243.47479785,8204.60302278979,-111083.4344328833,-110050.94893535647,-103503.17810598815,-108115.76109962263,4327.319111856464,970438.4157592179,990670.9458487509,991326.5190914484,983801.8381831945,12500.030736201135,598442.6022857218,598442.6022857218,598442.6022857218,598442.6022857218,0,720433.7517865063,733741.5987918414,734118.5110466705,729204.4287039445,8204.603022789719,451960.95390609466,451960.95390609466,451960.95390609466,451960.95390609466,0,249984.82648561543,256532.59731498375,257565.0828125106,254597.40947924988,4327.319111856469,146481.64837962732,146481.64837962732,146481.64837962732,146481.64837962732,0,-282157.5571405762,-281780.6448857468,-268472.7978804116,-277243.47479785,8204.60302278979,-111083.4344328833,-110050.94893535647,-103503.17810598815,-108115.76109962263,4327.319111856464,0,0,0,0,0,0,0,0,0,0,249984.82648561543,256532.59731498375,257565.0828125106,254597.40947924988,4327.319111856469,146481.64837962732,146481.64837962732,146481.64837962732,146481.64837962732,0
45-54,Male,Food_price,USD,-5067378.538142796,-5041960.158933175,-4568301.994081586,-4884683.041164063,295886.0889735613,0,0,0,0,0,-5067378.538142796,-5041960.158933175,-4568301.994081586,-4884683.041164063,295886.0889735613,-292516518.0666399,-285413989.3417071,-271512002.3843736,-283028214.5233209,11246428.259903656,-3457642.7438194924,-3455210.236668027,-3139650.430949256,-3345341.0091005513,192520.8286369858,-1612040.274782587,-1584189.3884214994,-1428523.536440147,-1539342.032063512,104104.07694144954,12960676.855484895,13434335.020336483,13459753.399546111,13277057.902567374,295886.0889735626,8392374.86140331,8392374.86140331,8392374.86140331,8392374.86140331,0,9405294.648214057,9720854.45393283,9723286.961084295,9610985.226365352,192520.82863698606,6265644.217264802,6265644.217264802,6265644.217264802,6265644.217264802,0,3555254.1805786556,3710920.032560007,3738770.9189210953,3666072.67620202,104104.0769414493,2126730.6441385085,2126730.6441385085,2126730.6441385085,2126730.6441385085,0,-3457642.7438194924,-3455210.236668027,-3139650.430949256,-3345341.0091005513,192520.8286369858,-1612040.274782587,-1584189.3884214994,-1428523.536440147,-1539342.032063512,104104.07694144954,0,0,0,0,0,0,0,0,0,0,3555254.1805786556,3710920.032560007,3738770.9189210953,3666072.67620202,104104.0769414493,2126730.6441385085,2126730.6441385085,2126730.6441385085,2126730.6441385085,0
55-64,Female,CED,MJ,-21435994.405294266,-21390695.532564685,-20639201.320836302,-21142907.694319494,471079.5361466611,0,0,0,0,0,-21435994.405294266,-21390695.532564685,-20639201.320836302,-21142907.694319494,471079.5361466611,-561519046.2715861,-560242566.9059138,-552149782.4722667,-557850880.9171507,5348529.774455568,-15960497.069450215,-15954355.439637935,-15426197.181552859,-15771191.71041941,322863.8113866422,-5481315.721982004,-5429875.219440142,-5212680.895609112,-5371715.983900084,150090.25880729422,46254056.33854743,47005550.55027581,47050849.4230054,46757762.71203062,471079.5361466656,25614855.017711125,25614855.017711125,25614855.017711125,25614855.01771112,0,35015189.585686184,35543347.843771264,35549489.473583534,35360184.11455273,322863.8113866438,19588992.40413333,19588992.40413333,19588992.40413333,19588992.40413333,0,11238543.509186916,11455737.833017942,11507178.335559806,11397578.597477885,150090.258807293,6025862.613577802,6025862.613577802,6025862.613577802,6025862.613577802,0,-15960497.069450215,-15954355.439637935,-15426197.181552859,-15771191.71041941,322863.8113866422,-5481315.721982004,-5429875.219440142,-5212680.895609112,-5371715.983900084,150090.25880729422,0,0,0,0,0,0,0,0,0,0,11238543.509186916,11455737.833017942,11507178.335559806,11397578.597477885,150090.258807293,6025862.613577802,6025862.613577802,6025862.613577802,6025862.613577802,0
55-64,Female,FL,mrh-eq,-706669.7189633652,-703937.177060277,-683122.4162151915,-697592.5388350148,13556.73772580546,0,0,0,0,0,-706669.7189633652,-703937.177060277,-683122.4162151915,-697592.5388350148,13556.73772580546,-561519046.2715861,-560242566.9059138,-552149782.4722667,-557850880.9171507,5348529.774455568,-515914.4516974778,-515782.4484644536,-502086.3465680511,-511023.1156001103,8364.029781107387,-190755.2672658876,-188154.7285958235,-181036.06964714057,-186569.42323490462,5296.402182286763,1592883.054520121,1613697.815365207,1616430.3572682953,1607353.1771399446,13556.73772580566,909760.6383049297,909760.6383049297,909760.6383049297,909760.6383049297,0,1195512.0735112485,1209208.1754076506,1209340.178640675,1204448.8425433075,8364.02978110727,693425.726943197,693425.726943197,693425.726943197,693425.726943197,0,397370.98100887326,404489.63995755627,407090.17862762033,402904.33459663735,5296.40218228678,216334.91136173278,216334.91136173278,216334.91136173278,216334.91136173278,0,-515914.4516974778,-515782.4484644536,-502086.3465680511,-511023.1156001103,8364.029781107387,-190755.2672658876,-188154.7285958235,-181036.06964714057,-186569.42323490462,5296.402182286763,0,0,0,0,0,0,0,0,0,0,397370.98100887326,404489.63995755627,407090.17862762033,402904.33459663735,5296.40218228678,216334.91136173278,216334.91136173278,216334.91136173278,216334.91136173278,0
55-64,Female,Food_price,USD,-10323290.355746107,-10145223.995793557,-9913555.530659141,-10126416.239589393,216264.14766397586,0,0,0,0,0,-10323290.355746107,-10145223.995793557,-9913555.530659141,-10126416.239589393,216264.14766397586,-561519046.2715861,-560242566.9059138,-552149782.4722667,-557850880.9171507,5348529.774455568,-7113271.883797159,-7027637.732763584,-6911473.98726834,-7016925.594355981,106613.80381642414,-3210018.471948947,-3117586.263029975,-3002081.5433908002,-3109490.6452334127,109664.82955245215,24062478.902571976,24294147.36770639,24472213.727658946,24275339.61150223,216264.14766397845,14148923.371912835,14148923.371912835,14148923.371912835,14148923.371912835,0,17468082.27205261,17584246.017547853,17669880.16858143,17573533.879140247,106613.80381642649,10556608.284784269,10556608.284784269,10556608.284784269,10556608.284784269,0,6594396.630519363,6709901.350158536,6802333.55907751,6701805.732361975,109664.82955245207,3592315.0871285624,3592315.0871285624,3592315.0871285624,3592315.0871285624,0,-7113271.883797159,-7027637.732763584,-6911473.98726834,-7016925.594355981,106613.80381642414,-3210018.471948947,-3117586.263029975,-3002081.5433908002,-3109490.6452334127,109664.82955245215,0,0,0,0,0,0,0,0,0,0,6594396.630519363,6709901.350158536,6802333.55907751,6701805.732361975,109664.82955245207,3592315.0871285624,3592315.0871285624,3592315.0871285624,3592315.0871285624,0
55-64,Male,CED,MJ,-16237263.514509454,-15774256.712492188,-15206899.892299222,-15737642.671027029,543222.873528573,0,0,0,0,0,-16237263.514509454,-15774256.712492188,-15206899.892299222,-15737642.671027029,543222.873528573,-421485557.6481953,-397812315.92193466,-381700990.9115967,-400465620.0327847,21064947.791408606,-11759250.190602755,-11450854.16668918,-11057723.10781,-11421122.57547318,370121.4856115964,-4478013.323906702,-4323402.545803013,-4149176.7844892195,-4316520.095553854,173174.46636815596,37832343.327608585,38399700.14780155,38862706.94981882,38363086.10633639,543222.8735285728,22625443.435309358,22625443.435309358,22625443.435309358,22625443.43530936,0,28023622.83121063,28416753.89008981,28725149.914003383,28387022.29887381,370121.4856115983,16965899.72340063,16965899.72340063,16965899.72340063,16965899.72340063,0,9808720.496397952,9982946.257711744,10137557.035815435,9976063.807462586,173174.4663681562,5659543.711908732,5659543.711908732,5659543.711908732,5659543.711908732,0,-11759250.190602755,-11450854.16668918,-11057723.10781,-11421122.57547318,370121.4856115964,-4478013.323906702,-4323402.545803013,-4149176.7844892195,-4316520.095553854,173174.46636815596,0,0,0,0,0,0,0,0,0,0,9808720.496397952,9982946.257711744,10137557.035815435,9976063.807462586,173174.4663681562,5659543.711908732,5659543.711908732,5659543.711908732,5659543.711908732,0
55-64,Male,FL,mrh-eq,-546358.3730989909,-523388.6404499653,-499855.73207359103,-523191.03493159736,24475.672497825664,0,0,0,0,0,-546358.3730989909,-523388.6404499653,-499855.73207359103,-523191.03493159736,24475.672497825664,-421485557.6481953,-397812315.92193466,-381700990.9115967,-400465620.0327847,21064947.791408606,-390357.48050863994,-374806.841996616,-358828.7242248356,-374656.84927389445,16594.590661905688,-156000.8925903508,-148581.79845334942,-141027.00784875554,-148534.18565770294,7881.099837794392,1312988.2296959914,1336521.1380723652,1359490.8707213907,1336323.5325539971,24475.67249782552,813132.4976224002,813132.4976224002,813132.4976224002,813132.4976224002,0,969946.258949448,985924.3767212284,1001475.0152332525,985774.383998507,16594.590661905746,611117.5347246124,611117.5347246124,611117.5347246124,611117.5347246124,0,343041.9707465432,350596.76135113713,358015.85548813845,350549.14855549065,7881.099837794392,202014.96289778766,202014.96289778766,202014.96289778766,202014.96289778766,0,-390357.48050863994,-374806.841996616,-358828.7242248356,-374656.84927389445,16594.590661905688,-156000.8925903508,-148581.79845334942,-141027.00784875554,-148534.18565770294,7881.099837794392,0,0,0,0,0,0,0,0,0,0,343041.9707465432,350596.76135113713,358015.85548813845,350549.14855549065,7881.099837794392,202014.96289778766,202014.96289778766,202014.96289778766,202014.96289778766,0
55-64,Male,Food_price,USD,-7008149.380231236,-6403758.447229252,-6036814.19468256,-6487073.071950407,516295.5853938001,0,0,0,0,0,-7008149.380231236,-6403758.447229252,-6036814.19468256,-6487073.071950407,516295.5853938001,-421485557.6481953,-397812315.92193466,-381700990.9115967,-400465620.0327847,21064947.791408606,-4797156.6430893885,-4385770.199494915,-4145446.123208176,-4445792.082760787,346921.84727188613,-2210992.737141847,-2017988.2477343385,-1891368.0714743831,-2041280.9891896204,169428.63565519365,17232441.24840926,17599385.500955954,18203776.433957934,17682700.12567711,516295.58539379947,11195627.053726701,11195627.053726701,11195627.053726701,11195627.053726701,0,12531002.980242789,12771327.056529528,13182713.500124002,12831348.9397954,346921.8472718862,8385556.857034613,8385556.857034613,8385556.857034613,8385556.857034613,0,4701438.268166469,4828058.444426427,5021062.933833935,4851351.185881708,169428.63565519417,2810070.196692088,2810070.196692088,2810070.196692088,2810070.196692088,0,-4797156.6430893885,-4385770.199494915,-4145446.123208176,-4445792.082760787,346921.84727188613,-2210992.737141847,-2017988.2477343385,-1891368.0714743831,-2041280.9891896204,169428.63565519365,0,0,0,0,0,0,0,0,0,0,4701438.268166469,4828058.444426427,5021062.933833935,4851351.185881708,169428.63565519417,2810070.196692088,2810070.196692088,2810070.196692088,2810070.196692088,0
65-74,Female,CED,MJ,-14506303.526269006,-14001747.796339031,-13979136.724304434,-14170851.18507425,313733.8304912227,0,0,0,0,0,-14506303.526269006,-14001747.796339031,-13979136.724304434,-14170851.18507425,313733.8304912227,-401476447.54088545,-372106660.6346821,-371124361.51476014,-382067182.66495633,18154962.492019396,-10813803.044808678,-10449940.989045594,-10445156.666731734,-10575933.176220762,222600.52764810107,-3692752.287897896,-3556842.936044867,-3529447.5416964106,-3594918.008853489,92057.93238481756,31148709.961465053,31171321.03349965,31675876.763429623,31340424.422234874,313733.8304912216,17169573.23716062,17169573.23716062,17169573.23716062,17169573.23716062,0,23553364.28895169,23558148.61126556,23922010.66702863,23684140.798440713,222600.5276480936,13108207.622219954,13108207.622219954,13108207.622219954,13108207.622219956,0,7590813.1566370735,7618208.550985528,7754117.902838559,7656283.623794151,92057.93238481777,4061365.6149406615,4061365.6149406615,4061365.6149406615,4061365.6149406615,0,-10813803.044808678,-10449940.989045594,-10445156.666731734,-10575933.176220762,222600.52764810107,-3692752.287897896,-3556842.936044867,-3529447.5416964106,-3594918.008853489,92057.93238481756,0,0,0,0,0,0,0,0,0,0,7590813.1566370735,7618208.550985528,7754117.902838559,7656283.623794151,92057.93238481777,4061365.6149406615,4061365.6149406615,4061365.6149406615,4061365.6149406615,0
65-74,Female,FL,mrh-eq,-488978.5875302095,-466101.6064411631,-463192.2961165439,-473107.80670938315,14866.305859071945,0,0,0,0,0,-488978.5875302095,-466101.6064411631,-463192.2961165439,-473107.80670938315,14866.305859071945,-401476447.54088545,-372106660.6346821,-371124361.51476014,-382067182.66495633,18154962.492019396,-358129.7019185586,-341447.5924284386,-340274.5951994051,-346889.3862042585,10512.91722265448,-130848.88561165091,-124654.01401272454,-122917.70091713875,-126218.42050512474,4388.663898368642,1067865.6440259963,1070774.9543506156,1093651.9354396618,1077781.1546188355,14866.305859071923,604673.3479094522,604673.3479094522,604673.3479094522,604673.3479094522,0,799110.8140149835,800283.8112440167,816965.920734137,805725.6050198367,10512.917222654421,458836.2188155783,458836.2188155783,458836.2188155783,458836.2188155783,0,268754.8300110125,270491.14310659835,276686.0147055248,272055.54959899856,4388.663898368681,145837.1290938738,145837.1290938738,145837.1290938738,145837.1290938738,0,-358129.7019185586,-341447.5924284386,-340274.5951994051,-346889.3862042585,10512.91722265448,-130848.88561165091,-124654.01401272454,-122917.70091713875,-126218.42050512474,4388.663898368642,0,0,0,0,0,0,0,0,0,0,268754.8300110125,270491.14310659835,276686.0147055248,272055.54959899856,4388.663898368681,145837.1290938738,145837.1290938738,145837.1290938738,145837.1290938738,0
65-74,Female,Food_price,USD,-6950909.430684929,-6344890.052034093,-6212296.428549192,-6511004.352092315,414508.2911117706,0,0,0,0,0,-6950909.430684929,-6344890.052034093,-6212296.428549192,-6511004.352092315,414508.2911117706,-401476447.54088545,-372106660.6346821,-371124361.51476014,-382067182.66495633,18154962.492019396,-4875731.427198944,-4433644.605771538,-4359970.822652921,-4562912.338511464,293631.25511391636,-2075178.0034859865,-1911245.4462625552,-1852325.6058962708,-1948092.0135808524,121553.97481669273,16004245.169051468,16136838.792536367,16742858.171187202,16302953.092594588,414508.29111176904,9791948.740502274,9791948.740502274,9791948.740502274,9791948.740502274,0,11727812.014290672,11801485.79740929,12243572.618836697,11930753.530149216,293631.2551139168,7367841.191637753,7367841.191637753,7367841.191637753,7367841.191637752,0,4276433.154760795,4335352.995127079,4499285.55235051,4372199.562445376,121553.97481669248,2424107.548864524,2424107.548864524,2424107.548864524,2424107.548864524,0,-4875731.427198944,-4433644.605771538,-4359970.822652921,-4562912.338511464,293631.25511391636,-2075178.0034859865,-1911245.4462625552,-1852325.6058962708,-1948092.0135808524,121553.97481669273,0,0,0,0,0,0,0,0,0,0,4276433.154760795,4335352.995127079,4499285.55235051,4372199.562445376,121553.97481669248,2424107.548864524,2424107.548864524,2424107.548864524,2424107.548864524,0
65-74,Male,CED,MJ,-10810053.705402123,-10542728.57389772,-10429307.628349459,-10596730.042654261,205777.40890460706,0,0,0,0,0,-10810053.705402123,-10542728.57389772,-10429307.628349459,-10596730.042654261,205777.40890460706,-263712645.70687935,-261015445.86634794,-255727132.67085168,-260106283.2856585,4276016.17049127,-7914966.379635779,-7737501.487223667,-7672607.213170741,-7776999.949805838,132064.38202517366,-2895087.325766343,-2805227.0866740467,-2756700.4151787185,-2819730.0928484215,73910.22659430862,24541199.05902008,24654620.004568335,24921945.136072744,24708621.473324884,205777.40890460802,14111891.430670623,14111891.430670623,14111891.430670623,14111891.430670625,0,18303912.125995737,18368806.400048662,18546271.292460777,18408304.862630833,132064.38202517355,10631304.912824996,10631304.912824996,10631304.912824996,10631304.912824996,0,6237286.933024344,6285813.60451967,6375673.843611969,6300316.610694046,73910.22659430905,3480586.517845626,3480586.517845626,3480586.517845626,3480586.5178456255,0,-7914966.379635779,-7737501.487223667,-7672607.213170741,-7776999.949805838,132064.38202517366,-2895087.325766343,-2805227.0866740467,-2756700.4151787185,-2819730.0928484215,73910.22659430862,0,0,0,0,0,0,0,0,0,0,6237286.933024344,6285813.60451967,6375673.843611969,6300316.610694046,73910.22659430905,3480586.517845626,3480586.517845626,3480586.517845626,3480586.5178456255,0
65-74,Male,FL,mrh-eq,-359536.191125855,-347699.85970480257,-343722.0671507072,-350457.241763384,8659.007470900962,0,0,0,0,0,-359536.191125855,-347699.85970480257,-343722.0671507072,-350457.241763384,8659.007470900962,-263712645.70687935,-261015445.86634794,-255727132.67085168,-260106283.2856585,4276016.17049127,-258959.10812128196,-251170.41198685463,-249192.49750136354,-253209.28274086735,5435.131032652127,-100577.08300457301,-96529.44771794809,-94529.56964934368,-97247.95902251669,3243.1554884909165,845217.4538794005,849195.246433496,861031.5778545481,851952.6284920773,8659.007470900811,501495.3867286934,501495.3867286934,501495.3867286934,501495.38672869344,0,626007.543887561,627985.4583730523,635774.1545074794,630024.3291270649,5435.131032652112,376815.04638619756,376815.04638619756,376815.04638619756,376815.0463861975,0,219209.90999183943,221209.78806044385,225257.42334706886,221928.29936501247,3243.155488490958,124680.34034249581,124680.34034249581,124680.34034249581,124680.34034249581,0,-258959.10812128196,-251170.41198685463,-249192.49750136354,-253209.28274086735,5435.131032652127,-100577.08300457301,-96529.44771794809,-94529.56964934368,-97247.95902251669,3243.1554884909165,0,0,0,0,0,0,0,0,0,0,219209.90999183943,221209.78806044385,225257.42334706886,221928.29936501247,3243.155488490958,124680.34034249581,124680.34034249581,124680.34034249581,124680.34034249581,0
65-74,Male,Food_price,USD,-4566941.386016419,-4339424.259195787,-4259804.692616457,-4391318.139982209,167781.8279596252,0,0,0,0,0,-4566941.386016419,-4339424.259195787,-4259804.692616457,-4391318.139982209,167781.8279596252,-263712645.70687935,-261015445.86634794,-255727132.67085168,-260106283.2856585,4276016.17049127,-3144160.034777663,-2994829.0548523767,-2960525.5973097472,-3035189.58902173,102775.94469853598,-1422781.351238756,-1344595.2043434088,-1299279.09530671,-1356128.5509604784,65764.10812743603,10951834.014529381,11031453.58110871,11258970.707929341,11083347.461895132,167781.82795962415,6692029.321912924,6692029.321912924,6692029.321912924,6692029.321912925,0,7896533.777460393,7930837.235003023,8080168.2149283085,7971197.769172375,102775.94469853483,4936008.180150645,4936008.180150645,4936008.180150645,4936008.180150645,0,3055300.23706899,3100616.3461056896,3178802.4930010363,3112149.6927227587,65764.10812743628,1756021.1417622806,1756021.1417622806,1756021.1417622806,1756021.1417622806,0,-3144160.034777663,-2994829.0548523767,-2960525.5973097472,-3035189.58902173,102775.94469853598,-1422781.351238756,-1344595.2043434088,-1299279.09530671,-1356128.5509604784,65764.10812743603,0,0,0,0,0,0,0,0,0,0,3055300.23706899,3100616.3461056896,3178802.4930010363,3112149.6927227587,65764.10812743628,1756021.1417622806,1756021.1417622806,1756021.1417622806,1756021.1417622806,0
75+,Female,CED,MJ,-11148604.691639865,-10927699.661540233,-10737953.33694348,-10938632.540664049,216339.57914827438,0,0,0,0,0,-11148604.691639865,-10927699.661540233,-10737953.33694348,-10938632.540664049,216339.57914827438,-294207157.9304542,-288649297.95285314,-287151636.30002284,-290073928.9440008,3913024.4773552073,-8394917.76230088,-8192489.2136831945,-8037814.582083193,-8209244.974040276,188508.37938991308,-2753686.9293389907,-2735210.447857039,-2700138.7548602857,-2729387.5666237753,28630.8404433049,23552720.42761397,23742466.752210725,23963371.78231036,23753399.631334543,216339.57914827624,12814767.090670493,12814767.090670493,12814767.090670493,12814767.09067049,0,17917205.84346189,18071880.475061886,18274309.023679577,18088636.23541897,188508.3793899124,9879391.261378698,9879391.261378698,9879391.261378698,9879391.261378698,0,5635514.584152081,5670586.277148835,5689062.758630787,5664763.395915572,28630.840443305406,2935375.8292917963,2935375.8292917963,2935375.8292917963,2935375.8292917963,0,-8394917.76230088,-8192489.2136831945,-8037814.582083193,-8209244.974040276,188508.37938991308,-2753686.9293389907,-2735210.447857039,-2700138.7548602857,-2729387.5666237753,28630.8404433049,0,0,0,0,0,0,0,0,0,0,5635514.584152081,5670586.277148835,5689062.758630787,5664763.395915572,28630.840443305406,2935375.8292917963,2935375.8292917963,2935375.8292917963,2935375.8292917963,0
75+,Female,FL,mrh-eq,-380375.0676317989,-379825.2850652762,-375950.5187642014,-378658.6241057843,2538.4470223637613,0,0,0,0,0,-380375.0676317989,-379825.2850652762,-375950.5187642014,-378658.6241057843,2538.4470223637613,-294207157.9304542,-288649297.95285314,-287151636.30002284,-290073928.9440008,3913024.4773552073,-279284.64910335944,-277185.1565853738,-273894.1730624743,-276767.0895661058,2860.10135252393,-102609.40307052477,-102025.62029234935,-101059.69311906192,-101891.53453967848,823.861431509652,835582.1412881138,839456.9075891887,840006.6901557115,838290.2466296967,2538.447022363815,459631.6225239126,459631.6225239126,459631.6225239126,459631.6225239125,0,624356.5016350448,627647.4851579441,629746.9776759298,627229.4181386762,2860.101352523841,350462.3285725704,350462.3285725704,350462.3285725704,350462.3285725704,0,210228.98707040405,211194.91424369154,211778.69702186694,211060.82849102063,823.8614315096634,109169.29395134216,109169.29395134216,109169.29395134216,109169.29395134216,0,-279284.64910335944,-277185.1565853738,-273894.1730624743,-276767.0895661058,2860.10135252393,-102609.40307052477,-102025.62029234935,-101059.69311906192,-101891.53453967848,823.861431509652,0,0,0,0,0,0,0,0,0,0,210228.98707040405,211194.91424369154,211778.69702186694,211060.82849102063,823.8614315096634,109169.29395134216,109169.29395134216,109169.29395134216,109169.29395134216,0
75+,Female,Food_price,USD,-5545555.488624306,-5536906.816874379,-5325661.75733369,-5465820.365017972,131088.5794171623,0,0,0,0,0,-5545555.488624306,-5536906.816874379,-5325661.75733369,-5465820.365017972,131088.5794171623,-294207157.9304542,-288649297.95285314,-287151636.30002284,-290073928.9440008,3913024.4773552073,-3823042.220247294,-3818963.716715729,-3698478.838730431,-3778119.3748021387,74493.3964726059,-1722513.2683770107,-1717943.1001586497,-1627182.9186032594,-1687700.9902158324,56598.197592582,12282589.23701156,12493834.296552246,12502482.968302174,12422747.844695842,131088.579417161,6956927.479677872,6956927.479677872,6956927.479677872,6956927.479677872,0,8883614.370091682,9004099.24807698,9008177.751608541,8963254.906163389,74493.39647260481,5185135.531361251,5185135.531361251,5185135.531361251,5185135.531361251,0,3398974.8669198784,3489735.0484752688,3494305.2166936304,3459492.9385324516,56598.197592582146,1771791.9483166188,1771791.9483166188,1771791.9483166188,1771791.9483166188,0,-3823042.220247294,-3818963.716715729,-3698478.838730431,-3778119.3748021387,74493.3964726059,-1722513.2683770107,-1717943.1001586497,-1627182.9186032594,-1687700.9902158324,56598.197592582,0,0,0,0,0,0,0,0,0,0,3398974.8669198784,3489735.0484752688,3494305.2166936304,3459492.9385324516,56598.197592582146,1771791.9483166188,1771791.9483166188,1771791.9483166188,1771791.9483166188,0
75+,Male,CED,MJ,-8176418.621796348,-8026137.503001359,-7930001.68697375,-8045135.854849562,130732.58712524678,0,0,0,0,0,-8176418.621796348,-8026137.503001359,-7930001.68697375,-8045135.854849562,130732.58712524678,-186238434.5093298,-183903134.65027285,-181812316.2171961,-183988917.60675713,2330720.220770759,-6058798.736050311,-5981860.04926592,-5899161.802852904,-5979839.151150613,84037.6646030952,-2117619.8857460367,-2044277.4537354393,-2030839.884120847,-2065296.70369895,49167.49087831766,17754033.054640617,17850168.870668225,18000449.989463214,17869167.22251643,130732.58712524592,9824031.367666867,9824031.367666867,9824031.367666867,9824031.367666867,0,13395643.737021264,13478341.983434277,13555280.670218669,13476321.08531897,84037.6646030947,7496481.934168359,7496481.934168359,7496481.934168359,7496481.934168358,0,4358389.3176193545,4371826.887233947,4445169.319244545,4392846.137197457,49167.49087831839,2327549.433498508,2327549.433498508,2327549.433498508,2327549.433498508,0,-6058798.736050311,-5981860.04926592,-5899161.802852904,-5979839.151150613,84037.6646030952,-2117619.8857460367,-2044277.4537354393,-2030839.884120847,-2065296.70369895,49167.49087831766,0,0,0,0,0,0,0,0,0,0,4358389.3176193545,4371826.887233947,4445169.319244545,4392846.137197457,49167.49087831839,2327549.433498508,2327549.433498508,2327549.433498508,2327549.433498508,0
75+,Male,FL,mrh-eq,-270838.2135680671,-259965.0437840457,-258894.57889753842,-263404.58936212084,6956.163032220587,0,0,0,0,0,-270838.2135680671,-259965.0437840457,-258894.57889753842,-263404.58936212084,6956.163032220587,-186238434.5093298,-183903134.65027285,-181812316.2171961,-183988917.60675713,2330720.220770759,-196263.14597481093,-189917.44166572174,-188636.37580223414,-191694.50778698546,4298.998491677867,-74586.15185520254,-70269.28735725062,-70058.68638027032,-71710.0815751354,2689.7986376932204,604829.6796572191,605900.1445437265,616773.3143277479,609339.6901218016,6956.163032220599,345935.1007596807,345935.1007596807,345935.1007596807,345935.1007596807,0,450916.9358329745,452198.0016964621,458543.7060055514,453975.0678177259,4298.998491677927,262280.5600307404,262280.5600307404,262280.5600307404,262280.5600307404,0,153713.22710921068,153923.82808619097,158240.69258414293,155364.62230407575,2689.798637693233,83654.54072894034,83654.54072894034,83654.54072894034,83654.54072894034,0,-196263.14597481093,-189917.44166572174,-188636.37580223414,-191694.50778698546,4298.998491677867,-74586.15185520254,-70269.28735725062,-70058.68638027032,-71710.0815751354,2689.7986376932204,0,0,0,0,0,0,0,0,0,0,153713.22710921068,153923.82808619097,158240.69258414293,155364.62230407575,2689.798637693233,83654.54072894034,83654.54072894034,83654.54072894034,83654.54072894034,0
75+,Male,Food_price,USD,-3431426.3403138644,-3197977.7627007663,-3157572.9448516495,-3265712.4152495316,155613.02828123266,0,0,0,0,0,-3431426.3403138644,-3197977.7627007663,-3157572.9448516495,-3265712.4152495316,155613.02828123266,-186238434.5093298,-183903134.65027285,-181812316.2171961,-183988917.60675713,2330720.220770759,-2343109.9325173995,-2196150.570799513,-2176394.3246703246,-2240783.2429358982,95881.4452990004,-1088316.4077964649,-1001827.1919012539,-981178.6201813242,-1024929.1723136334,59832.41217506358,8318800.921354813,8359205.73920393,8592654.316817028,8426940.391752696,155613.02828123292,5161227.976503164,5161227.976503164,5161227.976503164,5161227.976503164,0,6049611.813704625,6069368.059833812,6216327.421551698,6114000.7319701975,95881.4452989995,3873217.489034299,3873217.489034299,3873217.489034299,3873217.489034299,0,2269189.107650189,2289837.679370118,2376326.8952653296,2312939.659782498,59832.41217506369,1288010.4874688648,1288010.4874688648,1288010.4874688648,1288010.4874688648,0,-2343109.9325173995,-2196150.570799513,-2176394.3246703246,-2240783.2429358982,95881.4452990004,-1088316.4077964649,-1001827.1919012539,-981178.6201813242,-1024929.1723136334,59832.41217506358,0,0,0,0,0,0,0,0,0,0,2269189.107650189,2289837.679370118,2376326.8952653296,2312939.659782498,59832.41217506369,1288010.4874688648,1288010.4874688648,1288010.4874688648,1288010.4874688648,0
