age_gp,sex_gp,race_gp,Foodgroup,outcome,outcome_unit,X1,X2,X3
20-34,Female,HIS,added_sugar,CED,MJ,-0.219342177329853,-0.237053798726123,-0.227328417407916
20-34,Female,HIS,added_sugar,Food_price,USD,-0.341755875809484,-0.365468597144478,-0.346878898933008
20-34,Female,HIS,added_sugar,FL,mrh-eq,-0.00950772618696927,-0.0102754638314705,-0.00985390212472083
20-34,Female,HIS,oil,CED,MJ,-0.00823318115527966,-0.0103441431250435,-0.00874899489907126
20-34,Female,HIS,oil,Food_price,USD,-0.00198299080693375,-0.00446586116028902,-0.00557886006321149
20-34,Female,HIS,oil,FL,mrh-eq,-0.000424975584813328,-0.000533937999304084,-0.00045160056041975
20-34,Female,HIS,sat_fat,CED,MJ,-0.582282257940116,-0.619161105248862,-0.625075237906345
20-34,Female,HIS,sat_fat,Food_price,USD,-0.0900612375382081,-0.0945170017079609,-0.0946525941828449
20-34,Female,HIS,sat_fat,FL,mrh-eq,-0.0159401131384388,-0.0169496802178072,-0.017111580983957
20-34,Female,NHB,added_sugar,CED,MJ,-0.298350096047125,-0.278848601050097,-0.288914113924939
20-34,Female,NHB,added_sugar,Food_price,USD,-0.548935314344322,-0.52287962209528,-0.527350857816457
20-34,Female,NHB,added_sugar,FL,mrh-eq,-0.0117275162173306,-0.0109609533709633,-0.0113566075605863
20-34,Female,NHB,oil,CED,MJ,-0.0487086264027406,-0.0386669489341464,-0.0382687284879609
20-34,Female,NHB,oil,Food_price,USD,-0.0373703440622481,-0.0285696112892861,-0.0272041639769484
20-34,Female,NHB,oil,FL,mrh-eq,-0.00250924141925162,-0.00199194099664014,-0.00197142653521191
20-34,Female,NHB,sat_fat,CED,MJ,-0.576389424120415,-0.568067862187515,-0.62413504384225
20-34,Female,NHB,sat_fat,Food_price,USD,-0.0652546226953426,-0.0639381781807726,-0.0677662999226993
20-34,Female,NHB,sat_fat,FL,mrh-eq,-0.0151020073100799,-0.0148839736615033,-0.016352992612532
20-34,Female,NHW,added_sugar,CED,MJ,-0.201658428489937,-0.214260954683295,-0.213818995875412
20-34,Female,NHW,added_sugar,Food_price,USD,-0.433373891787924,-0.444982225452001,-0.464204459993833
20-34,Female,NHW,added_sugar,FL,mrh-eq,-0.00927880735497918,-0.0098586810235875,-0.0098383453963197
20-34,Female,NHW,oil,CED,MJ,-0.0187672571241302,-0.0174745038366748,-0.0179661999551211
20-34,Female,NHW,oil,Food_price,USD,-0.0112114620336944,-0.0106855332271629,-0.0147787599327549
20-34,Female,NHW,oil,FL,mrh-eq,-0.00100049982179559,-0.000931581949291897,-0.00095779472378682
20-34,Female,NHW,sat_fat,CED,MJ,-0.702108370721986,-0.681609120108485,-0.745638286596549
20-34,Female,NHW,sat_fat,Food_price,USD,-0.0848808769957696,-0.0797724793547381,-0.0887528768785399
20-34,Female,NHW,sat_fat,FL,mrh-eq,-0.01829995647963,-0.0177656580582818,-0.0194345328488695
20-34,Female,OTH,added_sugar,CED,MJ,-0.202191545981986,-0.158479413612562,-0.155040471973511
20-34,Female,OTH,added_sugar,Food_price,USD,-0.401489465012096,-0.292691954378109,-0.311692859169276
20-34,Female,OTH,added_sugar,FL,mrh-eq,-0.00919217278855428,-0.00720490140317349,-0.00704855784487893
20-34,Female,OTH,oil,CED,MJ,-0.0195193658091367,-0.0316005106124458,-0.0277423658212807
20-34,Female,OTH,oil,Food_price,USD,-0.0115078320034775,-0.0308526089742518,-0.0165732712873264
20-34,Female,OTH,oil,FL,mrh-eq,-0.000999055507804499,-0.00161740214746223,-0.00141993155127531
20-34,Female,OTH,sat_fat,CED,MJ,-0.538685242482774,-0.498975827668594,-0.463194016800694
20-34,Female,OTH,sat_fat,Food_price,USD,-0.0671997132751712,-0.0642266669754771,-0.0593888249287643
20-34,Female,OTH,sat_fat,FL,mrh-eq,-0.0142673480203202,-0.0132156243120078,-0.0122679251582372
20-34,Male,HIS,added_sugar,CED,MJ,-0.185844671789181,-0.163404709079515,-0.189081007681143
20-34,Male,HIS,added_sugar,Food_price,USD,-0.341831328138191,-0.309709118421673,-0.346632311596164
20-34,Male,HIS,added_sugar,FL,mrh-eq,-0.00679749920334224,-0.00597672975553682,-0.00691587219964917
20-34,Male,HIS,oil,CED,MJ,0.0217027245671716,0.0409649652221491,0.0312252374531725
20-34,Male,HIS,oil,Food_price,USD,0.0124618710486552,0.0193388835863876,0.0160595884841768
20-34,Male,HIS,oil,FL,mrh-eq,0.00113701334499847,0.00214616888265896,0.00163590113191167
20-34,Male,HIS,sat_fat,CED,MJ,-0.553577250805929,-0.586156650510944,-0.537154046450256
20-34,Male,HIS,sat_fat,Food_price,USD,-0.0613096012331113,-0.0635365219107168,-0.0568178627331744
20-34,Male,HIS,sat_fat,FL,mrh-eq,-0.0152617941743798,-0.0161599887658282,-0.0148090162392404
20-34,Male,NHB,added_sugar,CED,MJ,-0.255665855733247,-0.235732446891487,-0.254739660941096
20-34,Male,NHB,added_sugar,Food_price,USD,-0.449488998053509,-0.42191570888577,-0.445855259973594
20-34,Male,NHB,added_sugar,FL,mrh-eq,-0.00996940679184438,-0.00919212559830485,-0.00993329085205666
20-34,Male,NHB,oil,CED,MJ,0.00373468771713441,0.0169948311849501,0.000207184270657711
20-34,Male,NHB,oil,Food_price,USD,0.000104990226191841,0.0021935711755269,0.00114324246146247
20-34,Male,NHB,oil,FL,mrh-eq,0.000184446885168517,0.000839332204844691,1.02323129196053e-05
20-34,Male,NHB,sat_fat,CED,MJ,-0.565168817843863,-0.511088519020102,-0.513890153117148
20-34,Male,NHB,sat_fat,Food_price,USD,-0.0522559700559838,-0.0478850549556476,-0.0474023412443515
20-34,Male,NHB,sat_fat,FL,mrh-eq,-0.015208712558392,-0.0137534098348264,-0.0138288019058863
20-34,Male,NHW,added_sugar,CED,MJ,-0.172885577737119,-0.146600899640236,-0.154863582735381
20-34,Male,NHW,added_sugar,Food_price,USD,-0.333033877795025,-0.291495803640925,-0.312701036478329
20-34,Male,NHW,added_sugar,FL,mrh-eq,-0.00709215944956815,-0.00601390219651305,-0.00635285624206756
20-34,Male,NHW,oil,CED,MJ,0.0160764383722052,0.0126394362878172,0.0121598463166482
20-34,Male,NHW,oil,Food_price,USD,0.0123743236995886,0.00863467186607999,0.00701516163113559
20-34,Male,NHW,oil,FL,mrh-eq,0.000824370380815051,0.000648127194882297,0.000623534697588166
20-34,Male,NHW,sat_fat,CED,MJ,-0.625883822966628,-0.63067654583728,-0.63865959927508
20-34,Male,NHW,sat_fat,Food_price,USD,-0.0717685040661949,-0.0745634991962118,-0.0732239677397841
20-34,Male,NHW,sat_fat,FL,mrh-eq,-0.0170338419995076,-0.0171642791207917,-0.0173815431975154
20-34,Male,OTH,added_sugar,CED,MJ,-0.158046354289166,-0.128716518727842,-0.176623828382682
20-34,Male,OTH,added_sugar,Food_price,USD,-0.296525205287992,-0.234555912378752,-0.312927602679064
20-34,Male,OTH,added_sugar,FL,mrh-eq,-0.00675822318179563,-0.00550404952179378,-0.00755261490720235
20-34,Male,OTH,oil,CED,MJ,0.0137584117430562,0.0175637304565371,0.0176566934454063
20-34,Male,OTH,oil,Food_price,USD,0.00971953395041983,0.0130096693862081,0.0113780257618757
20-34,Male,OTH,oil,FL,mrh-eq,0.00072890817361939,0.00093051050717965,0.000935435602001373
20-34,Male,OTH,sat_fat,CED,MJ,-0.483178040228143,-0.47347033165854,-0.473691053285458
20-34,Male,OTH,sat_fat,Food_price,USD,-0.0659181711225902,-0.0689106495258198,-0.0654978487182615
20-34,Male,OTH,sat_fat,FL,mrh-eq,-0.0131641421976493,-0.0128996565518131,-0.0129056700926633
35-44,Female,HIS,added_sugar,CED,MJ,-0.208985604461146,-0.173080020444846,-0.176127260442663
35-44,Female,HIS,added_sugar,Food_price,USD,-0.373402157587486,-0.277758110136167,-0.312605370708331
35-44,Female,HIS,added_sugar,FL,mrh-eq,-0.0104416631036673,-0.00864769259165382,-0.00879994352556509
35-44,Female,HIS,oil,CED,MJ,0.00396793505556335,0.00891535894717354,0.0163498128167289
35-44,Female,HIS,oil,Food_price,USD,0.00346857337062404,0.00407539837418305,0.0124955161774126
35-44,Female,HIS,oil,FL,mrh-eq,0.000201918009538771,0.000453679686720922,0.000831999922896082
35-44,Female,HIS,sat_fat,CED,MJ,-0.527636886260361,-0.586122451953984,-0.529392145668105
35-44,Female,HIS,sat_fat,Food_price,USD,-0.0559030126087991,-0.0648229079824298,-0.0573521874878606
35-44,Female,HIS,sat_fat,FL,mrh-eq,-0.0141207414135192,-0.0156859457634961,-0.0141677160751772
35-44,Female,NHB,added_sugar,CED,MJ,-0.286095384891404,-0.317480222598244,-0.296449090885922
35-44,Female,NHB,added_sugar,Food_price,USD,-0.459976922720155,-0.533772603006063,-0.469292141832834
35-44,Female,NHB,added_sugar,FL,mrh-eq,-0.0119502832083837,-0.0132612365437137,-0.0123827603660905
35-44,Female,NHB,oil,CED,MJ,-0.0432504594038363,-0.0374704130572929,-0.0291436125557782
35-44,Female,NHB,oil,Food_price,USD,0,0,0
35-44,Female,NHB,oil,FL,mrh-eq,-0.00216177100932779,-0.00187286918500589,-0.00145667393129643
35-44,Female,NHB,sat_fat,CED,MJ,-0.523643577832315,-0.539884491556267,-0.531705327429967
35-44,Female,NHB,sat_fat,Food_price,USD,-0.0609652566459705,-0.0617266699552674,-0.0631564642692569
35-44,Female,NHB,sat_fat,FL,mrh-eq,-0.0138651688436083,-0.0142951999191144,-0.0140786299153722
35-44,Female,NHW,added_sugar,CED,MJ,-0.253847219651047,-0.212272996912426,-0.235213358923293
35-44,Female,NHW,added_sugar,Food_price,USD,-0.431657171080602,-0.375640112751606,-0.412297147971875
35-44,Female,NHW,added_sugar,FL,mrh-eq,-0.011901866569546,-0.00995261988310266,-0.0110282004156991
35-44,Female,NHW,oil,CED,MJ,-0.0303435750690732,-0.0410395338938832,-0.0309144271115963
35-44,Female,NHW,oil,Food_price,USD,-0.0156815152045289,-0.0215655390448017,-0.0179222077371175
35-44,Female,NHW,oil,FL,mrh-eq,-0.00145059026081915,-0.00196191609062242,-0.0014778801372219
35-44,Female,NHW,sat_fat,CED,MJ,-0.745527248611957,-0.77024798688294,-0.753803261891772
35-44,Female,NHW,sat_fat,Food_price,USD,-0.0885864168623049,-0.091480919180003,-0.0874380201359073
35-44,Female,NHW,sat_fat,FL,mrh-eq,-0.0197703001046746,-0.0204258581883481,-0.0199897679598292
35-44,Female,OTH,added_sugar,CED,MJ,-0.240339677110543,-0.250176118245223,-0.233788104725267
35-44,Female,OTH,added_sugar,Food_price,USD,-0.322782768006724,-0.343463606346715,-0.336699062904193
35-44,Female,OTH,added_sugar,FL,mrh-eq,-0.0121627467039549,-0.0126605344326721,-0.0118311946423363
35-44,Female,OTH,oil,CED,MJ,-0.0191965371326571,0.00390944147526062,-0.0164259139944268
35-44,Female,OTH,oil,Food_price,USD,-0.0176637644022415,0.0054951758564727,-0.0107654184117523
35-44,Female,OTH,oil,FL,mrh-eq,-0.00109506794972289,0.000223014392194322,-0.000937017537897562
35-44,Female,OTH,sat_fat,CED,MJ,-0.601057214188276,-0.549139010890417,-0.591349653113437
35-44,Female,OTH,sat_fat,Food_price,USD,-0.0743573321209537,-0.0670293752155142,-0.0772166433036286
35-44,Female,OTH,sat_fat,FL,mrh-eq,-0.0161606577618054,-0.01476473022729,-0.0158996500431906
35-44,Male,HIS,added_sugar,CED,MJ,-0.159859870669487,-0.20173428988488,-0.176078453971217
35-44,Male,HIS,added_sugar,Food_price,USD,-0.264979782957381,-0.325828721470918,-0.305745733349783
35-44,Male,HIS,added_sugar,FL,mrh-eq,-0.0067484127272087,-0.00851612254953109,-0.00743307294563829
35-44,Male,HIS,oil,CED,MJ,0.0528423511267566,0.0425530909661851,0.0452206163445917
35-44,Male,HIS,oil,Food_price,USD,0.0401717700338713,0.033357179168505,0.0397303883104162
35-44,Male,HIS,oil,FL,mrh-eq,0.00269819679839448,0.00217281425520472,0.00230902145042182
35-44,Male,HIS,sat_fat,CED,MJ,-0.580269100468555,-0.581836367765771,-0.523040782433376
35-44,Male,HIS,sat_fat,Food_price,USD,-0.0548509768099574,-0.0540349358868267,-0.0484043955098974
35-44,Male,HIS,sat_fat,FL,mrh-eq,-0.0162027959866611,-0.0162465586344616,-0.0146048153927694
35-44,Male,NHB,added_sugar,CED,MJ,-0.263299554038936,-0.245466795082482,-0.267812906767157
35-44,Male,NHB,added_sugar,Food_price,USD,-0.435796569600627,-0.4222662496317,-0.464897233588439
35-44,Male,NHB,added_sugar,FL,mrh-eq,-0.010068800058159,-0.00938686010929251,-0.0102413945252415
35-44,Male,NHB,oil,CED,MJ,0.0193699086575237,0.0205945179156441,0.0253797090500224
35-44,Male,NHB,oil,Food_price,USD,0.00148228406266751,0.0189188447242782,0.01644256524268
35-44,Male,NHB,oil,FL,mrh-eq,0.000986392619815183,0.00104875458319482,0.00129243550615686
35-44,Male,NHB,sat_fat,CED,MJ,-0.551328391462404,-0.528077308533738,-0.524087147831654
35-44,Male,NHB,sat_fat,Food_price,USD,-0.0523820832929987,-0.0515064017229208,-0.0518521090876949
35-44,Male,NHB,sat_fat,FL,mrh-eq,-0.0150913985519792,-0.0144549514459071,-0.0143457295985035
35-44,Male,NHW,added_sugar,CED,MJ,-0.276722652105685,-0.2696739919731,-0.227889517376823
35-44,Male,NHW,added_sugar,Food_price,USD,-0.499659617697005,-0.506586912416978,-0.426525963931151
35-44,Male,NHW,added_sugar,FL,mrh-eq,-0.0118781365939641,-0.0115755775254449,-0.00978200662337051
35-44,Male,NHW,oil,CED,MJ,0.00947379144239495,0.0199679095192908,0.00682073594793196
35-44,Male,NHW,oil,Food_price,USD,0.00367059496422675,0.003658277334272,0.0019577277670008
35-44,Male,NHW,oil,FL,mrh-eq,0.000451545932852156,0.000951723329125374,0.000325094297787136
35-44,Male,NHW,sat_fat,CED,MJ,-0.69603313953416,-0.755846151781798,-0.635599753145366
35-44,Male,NHW,sat_fat,Food_price,USD,-0.0738360099473551,-0.0775976574070476,-0.0627640713267002
35-44,Male,NHW,sat_fat,FL,mrh-eq,-0.0193431954116652,-0.0210054363573201,-0.01766371388139
35-44,Male,OTH,added_sugar,CED,MJ,-0.0530869784513667,-0.0900674760627362,-0.0969034389137432
35-44,Male,OTH,added_sugar,Food_price,USD,-0.112242190235785,-0.160202495792421,-0.166304990792267
35-44,Male,OTH,added_sugar,FL,mrh-eq,-0.00275091030800047,-0.00466720004687305,-0.00502143231287348
35-44,Male,OTH,oil,CED,MJ,0.0243228003323015,0.00637047156792945,0.0230248381806583
35-44,Male,OTH,oil,Food_price,USD,0.0143789590519223,0.00858087921003797,0.0109862064416748
35-44,Male,OTH,oil,FL,mrh-eq,0.00133998173134926,0.00035095940452913,0.00126847493330698
35-44,Male,OTH,sat_fat,CED,MJ,-0.513373063165076,-0.487881551947538,-0.48352550491797
35-44,Male,OTH,sat_fat,Food_price,USD,-0.071968573519821,-0.0660046988380192,-0.0657053041391524
35-44,Male,OTH,sat_fat,FL,mrh-eq,-0.0139814169554848,-0.0132871704654947,-0.0131685360567811
45-54,Female,HIS,added_sugar,CED,MJ,-0.213955228912587,-0.213117209578781,-0.184653953674419
45-54,Female,HIS,added_sugar,Food_price,USD,-0.344605943344545,-0.342155054128426,-0.303579824546413
45-54,Female,HIS,added_sugar,FL,mrh-eq,-0.0101611140422552,-0.0101213150148433,-0.00876954440971223
45-54,Female,HIS,oil,CED,MJ,-0.00256065671320836,-0.00956352248170585,0.00127835552507466
45-54,Female,HIS,oil,Food_price,USD,-0.00174694143970736,-0.00761955141532697,0.00152995474445839
45-54,Female,HIS,oil,FL,mrh-eq,-0.00012606161980852,-0.000470814041140445,6.29336870306872e-05
45-54,Female,HIS,sat_fat,CED,MJ,-0.506918057033175,-0.527820282549527,-0.535077792465279
45-54,Female,HIS,sat_fat,Food_price,USD,-0.063235440033976,-0.0649782540574883,-0.066608129807413
45-54,Female,HIS,sat_fat,FL,mrh-eq,-0.0134999542453876,-0.0140566104626647,-0.0142498883513466
45-54,Female,NHB,added_sugar,CED,MJ,-0.308950732143129,-0.275052280265647,-0.29771882745515
45-54,Female,NHB,added_sugar,Food_price,USD,-0.497843188044061,-0.445320559826173,-0.483196999626374
45-54,Female,NHB,added_sugar,FL,mrh-eq,-0.013094933881577,-0.0116581417337021,-0.0126188675255176
45-54,Female,NHB,oil,CED,MJ,-0.0453498843178833,-0.0260776944717832,-0.0520586082918144
45-54,Female,NHB,oil,Food_price,USD,-0.0285157311252515,-0.0100332364888862,-0.0320301941093995
45-54,Female,NHB,oil,FL,mrh-eq,-0.00218944230077124,-0.00125900227182267,-0.00251333208072665
45-54,Female,NHB,sat_fat,CED,MJ,-0.527916463667265,-0.518720925113234,-0.547280468230939
45-54,Female,NHB,sat_fat,Food_price,USD,-0.0714340302817382,-0.0697830254892297,-0.0744825274140504
45-54,Female,NHB,sat_fat,FL,mrh-eq,-0.0137211813662165,-0.0134821783023919,-0.0142244750440623
45-54,Female,NHW,added_sugar,CED,MJ,-0.303361926515138,-0.309126512579,-0.243932703177014
45-54,Female,NHW,added_sugar,Food_price,USD,-0.477991155542381,-0.507056944935463,-0.392229358874639
45-54,Female,NHW,added_sugar,FL,mrh-eq,-0.0134211347164968,-0.0136761676635667,-0.0107919069103571
45-54,Female,NHW,oil,CED,MJ,-0.00806898769079457,-0.0141109028852619,0.00668466140216873
45-54,Female,NHW,oil,Food_price,USD,-0.00386331742031031,-0.011623923600277,0.0090325346891213
45-54,Female,NHW,oil,FL,mrh-eq,-0.000450645563911893,-0.000788080987567921,0.000373332210009079
45-54,Female,NHW,sat_fat,CED,MJ,-0.729643834922955,-0.687597376105295,-0.634284982590116
45-54,Female,NHW,sat_fat,Food_price,USD,-0.0793603685998701,-0.0730339789298275,-0.0687712406131717
45-54,Female,NHW,sat_fat,FL,mrh-eq,-0.0196253648946535,-0.0184944335315294,-0.0170604802435485
45-54,Female,OTH,added_sugar,CED,MJ,-0.137988050850983,-0.14978785412116,-0.13735089282565
45-54,Female,OTH,added_sugar,Food_price,USD,-0.222356966833284,-0.230701369329768,-0.209660796089354
45-54,Female,OTH,added_sugar,FL,mrh-eq,-0.0069166268959567,-0.00750808996947781,-0.00688468946146284
45-54,Female,OTH,oil,CED,MJ,-0.0266586446701876,-0.00330650199010903,-0.022155617786966
45-54,Female,OTH,oil,Food_price,USD,-0.0181904852723751,-0.00152776804894575,-0.0145529730851318
45-54,Female,OTH,oil,FL,mrh-eq,-0.00147049930287408,-0.000182387699433366,-0.00122211091049622
45-54,Female,OTH,sat_fat,CED,MJ,-0.596553561493511,-0.52404401862161,-0.600682048849427
45-54,Female,OTH,sat_fat,Food_price,USD,-0.101499774987621,-0.0904392553015049,-0.108056719452614
45-54,Female,OTH,sat_fat,FL,mrh-eq,-0.0151344061207888,-0.0132948581903251,-0.015239144753398
45-54,Male,HIS,added_sugar,CED,MJ,-0.180095069352687,-0.23294879135003,-0.178529139302197
45-54,Male,HIS,added_sugar,Food_price,USD,-0.229204054431565,-0.29842282404712,-0.220920832520196
45-54,Male,HIS,added_sugar,FL,mrh-eq,-0.00810116195225024,-0.0104786649189815,-0.00803072219512356
45-54,Male,HIS,oil,CED,MJ,0.0308337053929566,0.0477450394503127,0.0283597292509798
45-54,Male,HIS,oil,Food_price,USD,0.0134539889186371,0.0264378096470293,0.0147488241760403
45-54,Male,HIS,oil,FL,mrh-eq,0.00149875722433448,0.00232077922164481,0.00137850279599497
45-54,Male,HIS,sat_fat,CED,MJ,-0.466578055464185,-0.574633598821848,-0.501712647020703
45-54,Male,HIS,sat_fat,Food_price,USD,-0.0589983963411221,-0.0673418271383212,-0.0610951534161474
45-54,Male,HIS,sat_fat,FL,mrh-eq,-0.0130321868524894,-0.0160503314372864,-0.0140135458272379
45-54,Male,NHB,added_sugar,CED,MJ,-0.231332659969956,-0.201345230388625,-0.240072980811432
45-54,Male,NHB,added_sugar,Food_price,USD,-0.327138520627317,-0.3070705930783,-0.340350105413814
45-54,Male,NHB,added_sugar,FL,mrh-eq,-0.00995857498096253,-0.00866765451166607,-0.0103348346084134
45-54,Male,NHB,oil,CED,MJ,-0.00930628991676731,-0.0134013336597693,-0.0146355419853516
45-54,Male,NHB,oil,Food_price,USD,-0.00951805822526362,-0.0186579358912066,-0.0204638016364341
45-54,Male,NHB,oil,FL,mrh-eq,-0.000454059459238112,-0.000653859096272181,-0.000714076859732499
45-54,Male,NHB,sat_fat,CED,MJ,-0.479762263511093,-0.524439732400857,-0.511796894562119
45-54,Male,NHB,sat_fat,Food_price,USD,-0.0549021868420026,-0.0600392145014586,-0.0590610980073719
45-54,Male,NHB,sat_fat,FL,mrh-eq,-0.0132840657781373,-0.0145211335524738,-0.0141710679007008
45-54,Male,NHW,added_sugar,CED,MJ,-0.229853160452554,-0.221189502570438,-0.210134550547974
45-54,Male,NHW,added_sugar,Food_price,USD,-0.439661920651794,-0.414262130513256,-0.405413088224749
45-54,Male,NHW,added_sugar,FL,mrh-eq,-0.0105493430633259,-0.0101517157302852,-0.00964433753629402
45-54,Male,NHW,oil,CED,MJ,-0.00449765841158739,0.000818285864789125,0.00881378234321552
45-54,Male,NHW,oil,Food_price,USD,-0.00153617715947987,0.00124471333538538,0.00284242829147058
45-54,Male,NHW,oil,FL,mrh-eq,-0.000238999559054087,4.34826176129658e-05,0.000468352618375871
45-54,Male,NHW,sat_fat,CED,MJ,-0.671974407703363,-0.728659543087613,-0.711245069272452
45-54,Male,NHW,sat_fat,Food_price,USD,-0.0680135171642057,-0.0762961792562375,-0.0726203351125003
45-54,Male,NHW,sat_fat,FL,mrh-eq,-0.0185342662715764,-0.0200977445540942,-0.0196174219540525
45-54,Male,OTH,added_sugar,CED,MJ,-0.067773821323471,-0.129927502918555,-0.0957226375310103
45-54,Male,OTH,added_sugar,Food_price,USD,-0.0856857840506532,-0.168972005194116,-0.124171215338818
45-54,Male,OTH,added_sugar,FL,mrh-eq,-0.0032701120151067,-0.0062690502038969,-0.00461865276289883
45-54,Male,OTH,oil,CED,MJ,0.00124592648187063,-0.00773746442617054,0.00628511876816371
45-54,Male,OTH,oil,Food_price,USD,0.00162688035186272,-0.00747414594133645,0.0123038424965525
45-54,Male,OTH,oil,FL,mrh-eq,6.37536155902693e-05,-0.000395923306749876,0.000321607295225871
45-54,Male,OTH,sat_fat,CED,MJ,-0.406644576440679,-0.443623701223549,-0.450876359823706
45-54,Male,OTH,sat_fat,Food_price,USD,-0.0530905075556243,-0.0596787045238321,-0.0578143227082079
45-54,Male,OTH,sat_fat,FL,mrh-eq,-0.0112236841015972,-0.0122443346622153,-0.0124445132794672
55-64,Female,HIS,added_sugar,CED,MJ,-0.218985271677471,-0.216452522867974,-0.194078434752277
55-64,Female,HIS,added_sugar,Food_price,USD,-0.300418433306607,-0.284794353148578,-0.246478764789158
55-64,Female,HIS,added_sugar,FL,mrh-eq,-0.0104818746557582,-0.0103606429612597,-0.00928969245683019
55-64,Female,HIS,oil,CED,MJ,0.0244122670304736,-0.00528442059398973,0.0120854694957646
55-64,Female,HIS,oil,Food_price,USD,0.023074538483694,-0.00187904065135051,0.0120106612629999
55-64,Female,HIS,oil,FL,mrh-eq,0.0013109016363103,-0.000283765354318204,0.0006489713437019
55-64,Female,HIS,sat_fat,CED,MJ,-0.679224240049456,-0.561300846644875,-0.63805469388914
55-64,Female,HIS,sat_fat,Food_price,USD,-0.0684884310932972,-0.0566459432541501,-0.0646880317905431
55-64,Female,HIS,sat_fat,FL,mrh-eq,-0.0181912875422369,-0.015033010450679,-0.017088666334061
55-64,Female,NHB,added_sugar,CED,MJ,-0.281704326113846,-0.264210722476814,-0.314459617486268
55-64,Female,NHB,added_sugar,Food_price,USD,-0.501303506383399,-0.465214024202712,-0.55189916347816
55-64,Female,NHB,added_sugar,FL,mrh-eq,-0.0127124099926451,-0.0119229799375563,-0.0141905509182711
55-64,Female,NHB,oil,CED,MJ,-0.0268638518638122,-0.0306585368201019,-0.0391706507983912
55-64,Female,NHB,oil,Food_price,USD,-0.0177307816442323,-0.0257868559861055,-0.0356660980206496
55-64,Female,NHB,oil,FL,mrh-eq,-0.0013348912563667,-0.00152345288909521,-0.00194642821595524
55-64,Female,NHB,sat_fat,CED,MJ,-0.519709855990697,-0.538441632096358,-0.494243030439128
55-64,Female,NHB,sat_fat,Food_price,USD,-0.0645842150796307,-0.0659451995842092,-0.0588858923409624
55-64,Female,NHB,sat_fat,FL,mrh-eq,-0.0140460049176325,-0.0145522616612045,-0.0133577224984893
55-64,Female,NHW,added_sugar,CED,MJ,-0.236510885764833,-0.270351816117143,-0.243352579722389
55-64,Female,NHW,added_sugar,Food_price,USD,-0.419230408809991,-0.459463468826088,-0.427486957067565
55-64,Female,NHW,added_sugar,FL,mrh-eq,-0.0114019216777432,-0.0130333545656257,-0.0117317519872228
55-64,Female,NHW,oil,CED,MJ,-0.010859503904461,-0.0245130505206659,-0.0208064354509101
55-64,Female,NHW,oil,Food_price,USD,-0.00724444782671359,-0.0253527165421279,-0.0177419473717083
55-64,Female,NHW,oil,FL,mrh-eq,-0.000563519052869475,-0.00127202597226129,-0.00107968309621126
55-64,Female,NHW,sat_fat,CED,MJ,-0.776316879687161,-0.78898053016908,-0.758488350593499
55-64,Female,NHW,sat_fat,Food_price,USD,-0.0789026760157243,-0.081316997684075,-0.0772247774624288
55-64,Female,NHW,sat_fat,FL,mrh-eq,-0.0208385423453482,-0.0211784705675974,-0.0203599741624391
55-64,Female,OTH,added_sugar,CED,MJ,-0.110192581387295,-0.0931460185338092,-0.139682829025121
55-64,Female,OTH,added_sugar,Food_price,USD,-0.193307237661465,-0.182312885544935,-0.261260928218981
55-64,Female,OTH,added_sugar,FL,mrh-eq,-0.00525607394833405,-0.00444297025482918,-0.00666272873750091
55-64,Female,OTH,oil,CED,MJ,-0.0380058358708486,-0.0435913109636676,-0.0753694842573959
55-64,Female,OTH,oil,Food_price,USD,-0.029892149378126,-0.0359317280024472,-0.062195668254743
55-64,Female,OTH,oil,FL,mrh-eq,-0.00201517821874844,-0.00231133609793994,-0.00399630581866259
55-64,Female,OTH,sat_fat,CED,MJ,-0.581725796669492,-0.529543998877317,-0.530016700980449
55-64,Female,OTH,sat_fat,Food_price,USD,-0.0830121231602788,-0.0723567991378247,-0.0770884198275351
55-64,Female,OTH,sat_fat,FL,mrh-eq,-0.0151208617960287,-0.0137644946601699,-0.0137767816572621
55-64,Male,HIS,added_sugar,CED,MJ,-0.172287939211009,-0.167944849584963,-0.119106879706447
55-64,Male,HIS,added_sugar,Food_price,USD,-0.197921796179039,-0.190133607018264,-0.140610448981473
55-64,Male,HIS,added_sugar,FL,mrh-eq,-0.00819921921515681,-0.00799253066761191,-0.00566832142295465
55-64,Male,HIS,oil,CED,MJ,0.0255494089887842,0.0212578277671061,0.0203275085155918
55-64,Male,HIS,oil,Food_price,USD,0.018554519484401,0.021182296019732,0.0181028321095372
55-64,Male,HIS,oil,FL,mrh-eq,0.00124687473754868,0.00103743489446669,0.00099203299992276
55-64,Male,HIS,sat_fat,CED,MJ,-0.467435601175282,-0.443349336868034,-0.478705432978775
55-64,Male,HIS,sat_fat,Food_price,USD,-0.0538385367563522,-0.0501730103403968,-0.0540348558450203
55-64,Male,HIS,sat_fat,FL,mrh-eq,-0.0129504788062676,-0.012283159811632,-0.0132627137270875
55-64,Male,NHB,added_sugar,CED,MJ,-0.216724531177771,-0.23656235235327,-0.234081349591239
55-64,Male,NHB,added_sugar,Food_price,USD,-0.282298969479739,-0.308724700631297,-0.319532088040571
55-64,Male,NHB,added_sugar,FL,mrh-eq,-0.00891415333400529,-0.00973010794149701,-0.00962806116846834
55-64,Male,NHB,oil,CED,MJ,0.00141813935173318,0.00874198341821341,0.00969265719638029
55-64,Male,NHB,oil,Food_price,USD,-0.000698891794245004,0.00412767302040214,0.00304536149139647
55-64,Male,NHB,oil,FL,mrh-eq,6.84506082591955e-05,0.000421957180468324,0.000467844207220709
55-64,Male,NHB,sat_fat,CED,MJ,-0.536875656968918,-0.541507820056472,-0.525763611847326
55-64,Male,NHB,sat_fat,Food_price,USD,-0.0558806310813011,-0.0551425130973573,-0.052742436792091
55-64,Male,NHB,sat_fat,FL,mrh-eq,-0.0147211975093161,-0.0148482119992116,-0.0144165038454406
55-64,Male,NHW,added_sugar,CED,MJ,-0.232383138582679,-0.272588141999618,-0.217538836935298
55-64,Male,NHW,added_sugar,Food_price,USD,-0.373559051475377,-0.403876913869695,-0.325570820489635
55-64,Male,NHW,added_sugar,FL,mrh-eq,-0.0105800902575398,-0.0124105697301483,-0.00990424926409549
55-64,Male,NHW,oil,CED,MJ,-0.00440058811457592,0.00588642184729046,-0.00152007587028023
55-64,Male,NHW,oil,Food_price,USD,-0.0067526668404151,0.000760917263490728,-0.00153226735399935
55-64,Male,NHW,oil,FL,mrh-eq,-0.000231177800232027,0.000309233679331858,-7.98547345781372e-05
55-64,Male,NHW,sat_fat,CED,MJ,-0.613109828759083,-0.684124005558023,-0.662822368285521
55-64,Male,NHW,sat_fat,Food_price,USD,-0.0657317298958075,-0.0725332894549111,-0.0716669917009181
55-64,Male,NHW,sat_fat,FL,mrh-eq,-0.0172278090946163,-0.0192232406201224,-0.0186246846630662
55-64,Male,OTH,added_sugar,CED,MJ,-0.0711641330593523,-0.133523484261005,-0.0526761676994492
55-64,Male,OTH,added_sugar,Food_price,USD,-0.10715655209734,-0.178331718837348,-0.0861935505910516
55-64,Male,OTH,added_sugar,FL,mrh-eq,-0.00418215630447813,-0.00784687534986646,-0.00309566009405699
55-64,Male,OTH,oil,CED,MJ,-0.0108476852112884,-0.0144168912747007,-0.0107117587017975
55-64,Male,OTH,oil,Food_price,USD,-0.0047442273066046,-0.0122541282125927,-0.0114951962815072
55-64,Male,OTH,oil,FL,mrh-eq,-0.000526011765313978,-0.00069908503814745,-0.000519420594772283
55-64,Male,OTH,sat_fat,CED,MJ,-0.41981438532307,-0.538048400226223,-0.492504555841932
55-64,Male,OTH,sat_fat,Food_price,USD,-0.053723706135293,-0.0667238487351258,-0.0609695747319895
55-64,Male,OTH,sat_fat,FL,mrh-eq,-0.0117348403764068,-0.0150397706990837,-0.0137667086920106
65-74,Female,HIS,added_sugar,CED,MJ,-0.146574900725341,-0.186097650238295,-0.151361134835124
65-74,Female,HIS,added_sugar,Food_price,USD,-0.176580427861398,-0.219624462694133,-0.182962700852885
65-74,Female,HIS,added_sugar,FL,mrh-eq,-0.00809361940002947,-0.0102759991295574,-0.00835790719454492
65-74,Female,HIS,oil,CED,MJ,-0.012008527131443,-0.0193655547080225,0.0113909510505165
65-74,Female,HIS,oil,Food_price,USD,-0.0117009188234648,-0.013941441332493,0.0110332109843233
65-74,Female,HIS,oil,FL,mrh-eq,-0.000567479332206982,-0.000915145707149337,0.000538294931975787
65-74,Female,HIS,sat_fat,CED,MJ,-0.519104882713084,-0.529021741893771,-0.507253217604971
65-74,Female,HIS,sat_fat,Food_price,USD,-0.0594556840747606,-0.0588248186951424,-0.0561977390544055
65-74,Female,HIS,sat_fat,FL,mrh-eq,-0.0139388860221423,-0.0142051712651066,-0.0136206478112991
65-74,Female,NHB,added_sugar,CED,MJ,-0.306337286256671,-0.326768030097179,-0.288083728694385
65-74,Female,NHB,added_sugar,Food_price,USD,-0.425085230758969,-0.445340296673479,-0.395050422990273
65-74,Female,NHB,added_sugar,FL,mrh-eq,-0.015256562864542,-0.0162740783344378,-0.0143474781368761
65-74,Female,NHB,oil,CED,MJ,-0.0276903223804488,-0.0153081484406928,-0.0249154039926061
65-74,Female,NHB,oil,Food_price,USD,-0.023873510805103,-0.00337391976664889,-0.0185877039731818
65-74,Female,NHB,oil,FL,mrh-eq,-0.0013545544850876,-0.000748843615608032,-0.00121881109805292
65-74,Female,NHB,sat_fat,CED,MJ,-0.617771401333362,-0.625642227685336,-0.69039233296899
65-74,Female,NHB,sat_fat,Food_price,USD,-0.0698610470481374,-0.0702031221471237,-0.0808287863809088
65-74,Female,NHB,sat_fat,FL,mrh-eq,-0.0159922771701199,-0.0161960296201474,-0.0178722186251024
65-74,Female,NHW,added_sugar,CED,MJ,-0.200105553694809,-0.215028881988494,-0.198422514243246
65-74,Female,NHW,added_sugar,Food_price,USD,-0.342713559021603,-0.360323325848625,-0.353553534050692
65-74,Female,NHW,added_sugar,FL,mrh-eq,-0.00972330255895623,-0.0104484400351876,-0.0096415222110146
65-74,Female,NHW,oil,CED,MJ,-0.030631319670022,-0.0162354832792817,-0.0267166232399746
65-74,Female,NHW,oil,Food_price,USD,-0.0357449997599685,-0.0171849443413513,-0.022970931739907
65-74,Female,NHW,oil,FL,mrh-eq,-0.00145890410410428,-0.000773261271255033,-0.00127245550346799
65-74,Female,NHW,sat_fat,CED,MJ,-0.817762039400279,-0.771680967061917,-0.806188599783097
65-74,Female,NHW,sat_fat,Food_price,USD,-0.0919884021271818,-0.0862747242233961,-0.09080386342313
65-74,Female,NHW,sat_fat,FL,mrh-eq,-0.0221723859961709,-0.0209229671264065,-0.0218585896127098
65-74,Female,OTH,added_sugar,CED,MJ,-0.0788734549094015,-0.1548077427289,-0.0981208400326291
65-74,Female,OTH,added_sugar,Food_price,USD,-0.141353999139847,-0.249670295596819,-0.163082539184248
65-74,Female,OTH,added_sugar,FL,mrh-eq,-0.00418695820694702,-0.00821789218771055,-0.00520869609324268
65-74,Female,OTH,oil,CED,MJ,-0.0393945016659075,-0.0444238834593059,-0.0383915658472582
65-74,Female,OTH,oil,Food_price,USD,-0.0528813517950333,-0.0432995875032769,-0.0390906567463686
65-74,Female,OTH,oil,FL,mrh-eq,-0.00210101404020406,-0.00236924441029708,-0.00204752479304272
65-74,Female,OTH,sat_fat,CED,MJ,-0.618744937355102,-0.545645050938304,-0.621234138485603
65-74,Female,OTH,sat_fat,Food_price,USD,-0.0925142303466177,-0.0817132435078558,-0.0941121889016465
65-74,Female,OTH,sat_fat,FL,mrh-eq,-0.0161751552586755,-0.0142641868760693,-0.016240227653333
65-74,Male,HIS,added_sugar,CED,MJ,-0.121634843912219,-0.133625211692558,-0.0935751298421756
65-74,Male,HIS,added_sugar,Food_price,USD,-0.228102855161849,-0.204326940813831,-0.132352962447482
65-74,Male,HIS,added_sugar,FL,mrh-eq,-0.00607622260128989,-0.00667519688662916,-0.00467451020265211
65-74,Male,HIS,oil,CED,MJ,0.00213488943184525,0.0216575440694815,0.00818510279890449
65-74,Male,HIS,oil,Food_price,USD,0.00243808724932742,0.0207735636130366,0.00634378418142599
65-74,Male,HIS,oil,FL,mrh-eq,0.000102801870375196,0.00104288119322018,0.000394139323746308
65-74,Male,HIS,sat_fat,CED,MJ,-0.499712876832285,-0.456966094579837,-0.466936379639825
65-74,Male,HIS,sat_fat,Food_price,USD,-0.056181756463581,-0.0488627146615023,-0.0525669372824827
65-74,Male,HIS,sat_fat,FL,mrh-eq,-0.0136385286903488,-0.0124718522983659,-0.0127439685978369
65-74,Male,NHB,added_sugar,CED,MJ,-0.209739415648351,-0.19751154339688,-0.219444013652435
65-74,Male,NHB,added_sugar,Food_price,USD,-0.337643504311704,-0.335682120933771,-0.368480432034734
65-74,Male,NHB,added_sugar,FL,mrh-eq,-0.00949775745294282,-0.00894403528083207,-0.00993721666348837
65-74,Male,NHB,oil,CED,MJ,0.00157226569945232,0.0112651801285843,0.00890868869593268
65-74,Male,NHB,oil,Food_price,USD,-0.00169274612643173,-0.00190528845522318,-0.00115392106979809
65-74,Male,NHB,oil,FL,mrh-eq,7.44964159815893e-05,0.000533761911398863,0.000422107649600104
65-74,Male,NHB,sat_fat,CED,MJ,-0.606841340726882,-0.587019290535781,-0.512792912302269
65-74,Male,NHB,sat_fat,Food_price,USD,-0.0567921417491603,-0.0551388999005859,-0.0437654824840048
65-74,Male,NHB,sat_fat,FL,mrh-eq,-0.0166446533150957,-0.0161009672949077,-0.0140650606260376
65-74,Male,NHW,added_sugar,CED,MJ,-0.202241844718964,-0.2154520408593,-0.219526280329496
65-74,Male,NHW,added_sugar,Food_price,USD,-0.302455887736695,-0.327003976945263,-0.322164737136285
65-74,Male,NHW,added_sugar,FL,mrh-eq,-0.00985702710069425,-0.0105008763572204,-0.0106994499458279
65-74,Male,NHW,oil,CED,MJ,0.0118183434579413,-0.0126787734611584,-0.00678180264996454
65-74,Male,NHW,oil,Food_price,USD,0.00980950823027298,-0.00704725074531415,-0.00556279962447398
65-74,Male,NHW,oil,FL,mrh-eq,0.000569415483929473,-0.000610871561797994,-0.000326751667997001
65-74,Male,NHW,sat_fat,CED,MJ,-0.739461771743393,-0.71584458622774,-0.729089972037366
65-74,Male,NHW,sat_fat,Food_price,USD,-0.0882072160023704,-0.0861270235083584,-0.0880242888072219
65-74,Male,NHW,sat_fat,FL,mrh-eq,-0.0203142885414807,-0.0196654837763993,-0.0200293573388495
65-74,Male,OTH,added_sugar,CED,MJ,-0.0928663100936385,-0.152085150044855,-0.132439452007141
65-74,Male,OTH,added_sugar,Food_price,USD,-0.140260623444283,-0.19706537524694,-0.182435254684976
65-74,Male,OTH,added_sugar,FL,mrh-eq,-0.00483268358597785,-0.00791438151846089,-0.00689203614535187
65-74,Male,OTH,oil,CED,MJ,0.0160036216348141,0.0022803241178819,-0.00398314715475426
65-74,Male,OTH,oil,Food_price,USD,0.0110758555331202,0.00206090387140263,-0.000760231358903025
65-74,Male,OTH,oil,FL,mrh-eq,0.000817825492741174,0.000116530322815147,-0.000203548881548858
65-74,Male,OTH,sat_fat,CED,MJ,-0.395679897886794,-0.357212799714921,-0.344248691875801
65-74,Male,OTH,sat_fat,Food_price,USD,-0.0400948984425172,-0.0361275876792735,-0.0353377840952452
65-74,Male,OTH,sat_fat,FL,mrh-eq,-0.0106088864388486,-0.00957751467011091,-0.00922992372960386
75+,Female,HIS,added_sugar,CED,MJ,-0.188302236993408,-0.145684076807242,-0.200504212884024
75+,Female,HIS,added_sugar,Food_price,USD,-0.288843893496477,-0.231185641616034,-0.284805843896687
75+,Female,HIS,added_sugar,FL,mrh-eq,-0.0105637788519278,-0.00817289477922049,-0.0112483112128977
75+,Female,HIS,oil,CED,MJ,-0.0179602940630025,-0.0199197798420249,-0.0173162110572
75+,Female,HIS,oil,Food_price,USD,-0.0160309072182743,-0.0241339292167563,-0.0149305595596178
75+,Female,HIS,oil,FL,mrh-eq,-0.000833052041553332,-0.00092393884011483,-0.000803177549463651
75+,Female,HIS,sat_fat,CED,MJ,-0.621002132536893,-0.615345190164787,-0.699268026437953
75+,Female,HIS,sat_fat,Food_price,USD,-0.0615750449927049,-0.0625412007745989,-0.0708552409536377
75+,Female,HIS,sat_fat,FL,mrh-eq,-0.01653351360013,-0.0163829035961638,-0.0186172588136178
75+,Female,NHB,added_sugar,CED,MJ,-0.248949429152522,-0.278667073724761,-0.271499088915649
75+,Female,NHB,added_sugar,Food_price,USD,-0.364365514102541,-0.396695098926744,-0.396564155657489
75+,Female,NHB,added_sugar,FL,mrh-eq,-0.0126877022409928,-0.014202261350125,-0.0138369451602644
75+,Female,NHB,oil,CED,MJ,-0.0287789923205186,-0.0255339615273469,-0.0479405780835882
75+,Female,NHB,oil,Food_price,USD,-0.0178927514403744,-0.0198513129910839,-0.0432835600600222
75+,Female,NHB,oil,FL,mrh-eq,-0.00131596238459686,-0.00116757850745784,-0.00219215449766985
75+,Female,NHB,sat_fat,CED,MJ,-0.55057604988415,-0.470457832971618,-0.532949783862423
75+,Female,NHB,sat_fat,Food_price,USD,-0.065380678634136,-0.0573153682834461,-0.0630896738221942
75+,Female,NHB,sat_fat,FL,mrh-eq,-0.0141241264911032,-0.0120688249026081,-0.0136719535153461
75+,Female,NHW,added_sugar,CED,MJ,-0.254272696376473,-0.249558673168064,-0.252233035894864
75+,Female,NHW,added_sugar,Food_price,USD,-0.433968418516479,-0.430265845578191,-0.428697136105282
75+,Female,NHW,added_sugar,FL,mrh-eq,-0.0140379007088702,-0.0137776486618279,-0.0139252950232081
75+,Female,NHW,oil,CED,MJ,-0.00965730826450044,0.000548083126409502,-0.00428852563009728
75+,Female,NHW,oil,Food_price,USD,-0.0069272289546033,0.000952955756472158,-0.00150617257137516
75+,Female,NHW,oil,FL,mrh-eq,-0.000469766801457666,2.6660768215586e-05,-0.000208609574535957
75+,Female,NHW,sat_fat,CED,MJ,-0.843453529508906,-0.798459871038415,-0.823394066342065
75+,Female,NHW,sat_fat,Food_price,USD,-0.0942661878405339,-0.0880673837541692,-0.0916706746233053
75+,Female,NHW,sat_fat,FL,mrh-eq,-0.0222257452638892,-0.0210401226342254,-0.0216971606971305
75+,Female,OTH,added_sugar,CED,MJ,-0.149892051832196,-0.161580019832575,-0.186179118020605
75+,Female,OTH,added_sugar,Food_price,USD,-0.229229343545028,-0.234817948330869,-0.265789796477845
75+,Female,OTH,added_sugar,FL,mrh-eq,-0.00741507911150612,-0.00799327659640402,-0.00921018074112915
75+,Female,OTH,oil,CED,MJ,0.0174265240775585,0.026841648089572,0.0141161710482615
75+,Female,OTH,oil,Food_price,USD,0.00757303744321223,0.0126364256502281,0.00707544044846664
75+,Female,OTH,oil,FL,mrh-eq,0.000913759329278712,0.00140744110792855,0.000740181055707701
75+,Female,OTH,sat_fat,CED,MJ,-0.360488579028718,-0.475268078442102,-0.518272604643477
75+,Female,OTH,sat_fat,Food_price,USD,-0.0368756858577673,-0.0487366657644158,-0.0591412818655664
75+,Female,OTH,sat_fat,FL,mrh-eq,-0.00945837773838231,-0.012469923527154,-0.0135982617795577
75+,Male,HIS,added_sugar,CED,MJ,-0.187727962391805,-0.191553398154138,-0.213506690032223
75+,Male,HIS,added_sugar,Food_price,USD,-0.250231271755473,-0.236832952685054,-0.260563652031926
75+,Male,HIS,added_sugar,FL,mrh-eq,-0.00822826647467952,-0.00839593837839169,-0.0093581686890382
75+,Male,HIS,oil,CED,MJ,-0.00968133387808122,0.00773576130738417,0.00221669292546839
75+,Male,HIS,oil,Food_price,USD,-0.0109195906256172,0.00341746769303702,-0.00117007462983244
75+,Male,HIS,oil,FL,mrh-eq,-0.000457881875393094,0.000365865379670225,0.000104839222225567
75+,Male,HIS,sat_fat,CED,MJ,-0.427454253176553,-0.553909767232959,-0.451137325508692
75+,Male,HIS,sat_fat,Food_price,USD,-0.0365582925031297,-0.0500860259437099,-0.0396938866264168
75+,Male,HIS,sat_fat,FL,mrh-eq,-0.0118935425480198,-0.0154120571625893,-0.0125525034224453
75+,Male,NHB,added_sugar,CED,MJ,-0.233167976203616,-0.218116234651274,-0.222255962144956
75+,Male,NHB,added_sugar,Food_price,USD,-0.359613837797903,-0.324165735922178,-0.340408724621845
75+,Male,NHB,added_sugar,FL,mrh-eq,-0.010419154492844,-0.00974656461505022,-0.00993154910999338
75+,Male,NHB,oil,CED,MJ,0.0100114684469422,0.00332847016838136,0.0158022372081276
75+,Male,NHB,oil,Food_price,USD,0,0,0
75+,Male,NHB,oil,FL,mrh-eq,0.000449388848575773,0.000149406391721144,0.000709321436861808
75+,Male,NHB,sat_fat,CED,MJ,-0.610471975531248,-0.502342727590695,-0.577599595012242
75+,Male,NHB,sat_fat,Food_price,USD,-0.0914329837994757,-0.0739655625309094,-0.087374428273404
75+,Male,NHB,sat_fat,FL,mrh-eq,-0.0161838565207894,-0.013317306860016,-0.0153123965502422
75+,Male,NHW,added_sugar,CED,MJ,-0.23443633064958,-0.208262199334467,-0.229383707484414
75+,Male,NHW,added_sugar,Food_price,USD,-0.35541054014734,-0.311642518531028,-0.34836193636359
75+,Male,NHW,added_sugar,FL,mrh-eq,-0.0117802009675879,-0.0104649759502464,-0.0115263114951916
75+,Male,NHW,oil,CED,MJ,0.0160115708939363,0.00816788643997205,0.0116210654881781
75+,Male,NHW,oil,Food_price,USD,0.0177532511913676,0.00652189265827214,0.0116071977249611
75+,Male,NHW,oil,FL,mrh-eq,0.000754981033983084,0.000385133937872507,0.000547958978938942
75+,Male,NHW,sat_fat,CED,MJ,-0.875099106726535,-0.817644986112443,-0.805552821314645
75+,Male,NHW,sat_fat,Food_price,USD,-0.101903168473458,-0.0941422375363695,-0.0930651069919132
75+,Male,NHW,sat_fat,FL,mrh-eq,-0.0235095348155363,-0.0219660300416306,-0.0216411740714623
75+,Male,OTH,added_sugar,CED,MJ,-0.0751029170460666,-0.0769033994116927,-0.0784529968741518
75+,Male,OTH,added_sugar,Food_price,USD,-0.0862408037232983,-0.091415733452523,-0.0887187789083546
75+,Male,OTH,added_sugar,FL,mrh-eq,-0.00489567343792733,-0.00501304003352103,-0.00511405239675302
75+,Male,OTH,oil,CED,MJ,0.00369004989904808,0.018512898560098,0.0133830917864557
75+,Male,OTH,oil,Food_price,USD,0,0,0
75+,Male,OTH,oil,FL,mrh-eq,0.000174269191229619,0.000874304670030752,0.000632040391209625
75+,Male,OTH,sat_fat,CED,MJ,-0.524580190436837,-0.592394539274097,-0.502097843853635
75+,Male,OTH,sat_fat,Food_price,USD,-0.0826134949254109,-0.0950623399604316,-0.0773960211454562
75+,Male,OTH,sat_fat,FL,mrh-eq,-0.0144501107108953,-0.0163181279680274,-0.0138308109296789
