"","age","female","race","pathway","disease_type2","V1","V2","V3"
"1",25,0,1,"direct","Cancer",0.0945288423365689,0.0853615226610552,0.0687910496175153
"2",35,0,1,"direct","Cancer",0.088500651571935,0.103135911800272,0.0920461210420878
"3",45,0,1,"direct","Cancer",0.0906522093153318,0.0773029970841194,0.0552952248576034
"4",55,0,1,"direct","Cancer",0.0773937576039312,0.0930177259308348,0.0913394153346662
"5",65,0,1,"direct","Cancer",0.09860971308907,0.0860239806528005,0.103868853914211
"6",75,0,1,"direct","Cancer",0.0828785328033799,0.0546183586391512,0.0728686903670431
"7",25,1,1,"direct","Cancer",0.078525496190809,0.0816485502982616,0.0889381480140129
"8",35,1,1,"direct","Cancer",0.0857209539967767,0.0642685564266227,0.0955932899338681
"9",45,1,1,"direct","Cancer",0.0891557957341639,0.0847216989484612,0.0736363775712259
"10",55,1,1,"direct","Cancer",0.0841854485314979,0.0828560495600591,0.0949489420960181
"11",65,1,1,"direct","Cancer",0.0945900069265889,0.0881953675378724,0.0890809191056682
"12",75,1,1,"direct","Cancer",0.101577314199042,0.0917982010530675,0.0750834824448882
"13",25,0,2,"direct","Cancer",0.0925270309687544,0.0952749155028333,0.0856568596565801
"14",35,0,2,"direct","Cancer",0.0955628211082959,0.132871502060931,0.118148956658079
"15",45,0,2,"direct","Cancer",0.105278281369779,0.0990488867327493,0.10387986644284
"16",55,0,2,"direct","Cancer",0.110036750686674,0.124728740211899,0.134545239421112
"17",65,0,2,"direct","Cancer",0.0869701030950695,0.116475480161111,0.115965609734227
"18",75,0,2,"direct","Cancer",0.113371872622185,0.105935845777841,0.100231230466091
"19",25,1,2,"direct","Cancer",0.0864950077334229,0.102974880091377,0.101081271583049
"20",35,1,2,"direct","Cancer",0.0977139746418804,0.119225519390478,0.130539848897343
"21",45,1,2,"direct","Cancer",0.109689218070428,0.109685052684855,0.09772290300366
"22",55,1,2,"direct","Cancer",0.0949523863281252,0.110814906570323,0.140656071848195
"23",65,1,2,"direct","Cancer",0.0924753577699899,0.124741350247706,0.117625794112304
"24",75,1,2,"direct","Cancer",0.13871004746926,0.0940126492457977,0.11614902496118
"25",25,0,3,"direct","Cancer",0.0751620813960183,0.0774528337774812,0.0597754333852587
"26",35,0,3,"direct","Cancer",0.0824144768921877,0.0750738177130589,0.0871598933281853
"27",45,0,3,"direct","Cancer",0.0794274158319996,0.0944946351948447,0.0603041525018877
"28",55,0,3,"direct","Cancer",0.0948001590045747,0.0810642818798297,0.0965812244516354
"29",65,0,3,"direct","Cancer",0.0799509914201006,0.0872546194232247,0.0687221726335761
"30",75,0,3,"direct","Cancer",0.0739103764388543,0.0687427357253559,0.0635488622632713
"31",25,1,3,"direct","Cancer",0.0805826686907478,0.0712257190960559,0.0946200492093948
"32",35,1,3,"direct","Cancer",0.0644648844530631,0.0732082435099849,0.078483709611284
"33",45,1,3,"direct","Cancer",0.0919243949063346,0.0894912694972692,0.0777059552761892
"34",55,1,3,"direct","Cancer",0.0795249619578714,0.0656477515779695,0.0946386029798395
"35",65,1,3,"direct","Cancer",0.0579497656984042,0.0825554645873933,0.0967279563787835
"36",75,1,3,"direct","Cancer",0.0701544554903358,0.101907189680792,0.0989761446815103
"37",25,0,4,"direct","Cancer",0.0752183190005444,0.0940685129066763,0.0815701218557101
"38",35,0,4,"direct","Cancer",0.0962232573062888,0.0901503016506635,0.0881666318163656
"39",45,0,4,"direct","Cancer",0.111606184917227,0.0855660689788612,0.119399100830907
"40",55,0,4,"direct","Cancer",0.0870498978528018,0.0772507950157812,0.10552361625032
"41",65,0,4,"direct","Cancer",0.0743341588159817,0.0899913072742871,0.0878854596893065
"42",75,0,4,"direct","Cancer",0.109709669384799,0.120625470400505,0.10728094123689
"43",25,1,4,"direct","Cancer",0.0900737146464902,0.084925940983219,0.120951661230265
"44",35,1,4,"direct","Cancer",0.0949571881212444,0.0872754035888583,0.0845724088966305
"45",45,1,4,"direct","Cancer",0.124672325866508,0.0975247979235572,0.0987608528306914
"46",55,1,4,"direct","Cancer",0.113461087178092,0.0944377482205692,0.0959680514803366
"47",65,1,4,"direct","Cancer",0.0925608204827167,0.0838858497420345,0.0914239510913345
"48",75,1,4,"direct","Cancer",0.0824242698429514,0.0903674947154498,0.0733425145461108
"49",25,0,1,"medBMI","Cancer",0.0419782795907528,0.0372359815355303,0.0346765005510253
"50",35,0,1,"medBMI","Cancer",0.0374192696433174,0.03923186831685,0.033506240045601
"51",45,0,1,"medBMI","Cancer",0.0418145346179116,0.0511820525312752,0.0340132706968954
"52",55,0,1,"medBMI","Cancer",0.0365892510571123,0.0366981378648773,0.0430771616691947
"53",65,0,1,"medBMI","Cancer",0.0517426092238418,0.0450932731888318,0.0506015781019589
"54",75,0,1,"medBMI","Cancer",0.0426585775387608,0.0443868065000227,0.0343156698173586
"55",25,1,1,"medBMI","Cancer",0.0388309614911596,0.0464851387026665,0.0274083104734114
"56",35,1,1,"medBMI","Cancer",0.0342918226821817,0.0525837359022061,0.0450326548243299
"57",45,1,1,"medBMI","Cancer",0.0520468240401503,0.0465805900564503,0.0499670279135902
"58",55,1,1,"medBMI","Cancer",0.038543214551563,0.0315135140974335,0.0382272317312324
"59",65,1,1,"medBMI","Cancer",0.0461469523719832,0.0342894975445368,0.0442020614817467
"60",75,1,1,"medBMI","Cancer",0.0516376044497225,0.0484604977335348,0.0416386355760713
"61",25,0,2,"medBMI","Cancer",0.0564015388199741,0.0450302440878263,0.0347657437934205
"62",35,0,2,"medBMI","Cancer",0.0679472398416068,0.0724665489190937,0.0406283337011881
"63",45,0,2,"medBMI","Cancer",0.0447363875389436,0.0490289726371174,0.02713710003492
"64",55,0,2,"medBMI","Cancer",0.0391461917519673,0.0267068423878909,0.049278124662815
"65",65,0,2,"medBMI","Cancer",0.0434114224832205,0.0337578262291314,0.0339357673435625
"66",75,0,2,"medBMI","Cancer",0.0168681956993983,0.021718762311189,0.0200022559274996
"67",25,1,2,"medBMI","Cancer",0.0594373491539156,0.0343977156314687,0.0405619710917817
"68",35,1,2,"medBMI","Cancer",0.0527551931363244,0.0390009905604154,0.0630101519057771
"69",45,1,2,"medBMI","Cancer",0.0485190666192403,0.0435581535033164,0.0502350165535762
"70",55,1,2,"medBMI","Cancer",0.0312513128896615,0.0347711103305556,0.0396947000809378
"71",65,1,2,"medBMI","Cancer",0.0329111040704657,0.0348546253182452,0.0271592720515639
"72",75,1,2,"medBMI","Cancer",0,0.0186851145110467,0.0518572208691944
"73",25,0,3,"medBMI","Cancer",0.010566577209734,0.0231620378201844,0.0250605862267367
"74",35,0,3,"medBMI","Cancer",0.0253486572788583,0.000431157492074896,0.00365899429311589
"75",45,0,3,"medBMI","Cancer",0.0120706393017364,0,0.00170665166718753
"76",55,0,3,"medBMI","Cancer",0.013175112387129,0.00910375500394123,0.0176122637072781
"77",65,0,3,"medBMI","Cancer",0.0113950954981785,0,0.00978361141430872
"78",75,0,3,"medBMI","Cancer",1.62653892198383e-05,0,3.52969761578947e-05
"79",25,1,3,"medBMI","Cancer",0.0244590657310669,0.0290932478290792,0.0226544381715041
"80",35,1,3,"medBMI","Cancer",0.00769335892057887,0.00985812390393526,0.00954970382740095
"81",45,1,3,"medBMI","Cancer",0.0221410393229901,0.0187245974950361,0.0335885749619637
"82",55,1,3,"medBMI","Cancer",0.0280677353397892,0.0231109645553423,0.0344176756385973
"83",65,1,3,"medBMI","Cancer",0.00766509619893629,0.0150838013774007,0.00381825322189489
"84",75,1,3,"medBMI","Cancer",0.0184632822214318,0.0398602780259186,0.0163382464252435
"85",25,0,4,"medBMI","Cancer",0.0212506133700556,0.0240220559580474,0.0389084469233471
"86",35,0,4,"medBMI","Cancer",0.00109061379625164,0.02888729596283,0
"87",45,0,4,"medBMI","Cancer",0.0332557018735983,0.036649519562689,0.0450791546861429
"88",55,0,4,"medBMI","Cancer",0.00886768989013109,0.00551122086845757,0.0175897879590735
"89",65,0,4,"medBMI","Cancer",0.0056641839394902,0.00373789661045643,0
"90",75,0,4,"medBMI","Cancer",0.0158375468780445,0.0286223488464142,0.0140110800855042
"91",25,1,4,"medBMI","Cancer",0.0214138321862595,0.0424253112327793,0.0521635307520747
"92",35,1,4,"medBMI","Cancer",0.0408007463070059,0.0393507653776577,0.0441016460263753
"93",45,1,4,"medBMI","Cancer",0.0313567374372083,0.0383739392814367,0.0386952594052475
"94",55,1,4,"medBMI","Cancer",0.0302417855694302,0.0193121794467006,0.0231329012151825
"95",65,1,4,"medBMI","Cancer",0.0375597062163905,0.0300764806799854,0.0490003840515141
"96",75,1,4,"medBMI","Cancer",0.0111151737943962,0.0334799030701656,0.0418877992439014
"97",25,0,1,"medSBP","Cancer",0,0,0
"98",35,0,1,"medSBP","Cancer",0,0,0
"99",45,0,1,"medSBP","Cancer",0,0,0
"100",55,0,1,"medSBP","Cancer",0,0,0
"101",65,0,1,"medSBP","Cancer",0,0,0
"102",75,0,1,"medSBP","Cancer",0,0,0
"103",25,1,1,"medSBP","Cancer",0,0,0
"104",35,1,1,"medSBP","Cancer",0,0,0
"105",45,1,1,"medSBP","Cancer",0,0,0
"106",55,1,1,"medSBP","Cancer",0,0,0
"107",65,1,1,"medSBP","Cancer",0,0,0
"108",75,1,1,"medSBP","Cancer",0,0,0
"109",25,0,2,"medSBP","Cancer",0,0,0
"110",35,0,2,"medSBP","Cancer",0,0,0
"111",45,0,2,"medSBP","Cancer",0,0,0
"112",55,0,2,"medSBP","Cancer",0,0,0
"113",65,0,2,"medSBP","Cancer",0,0,0
"114",75,0,2,"medSBP","Cancer",0,0,0
"115",25,1,2,"medSBP","Cancer",0,0,0
"116",35,1,2,"medSBP","Cancer",0,0,0
"117",45,1,2,"medSBP","Cancer",0,0,0
"118",55,1,2,"medSBP","Cancer",0,0,0
"119",65,1,2,"medSBP","Cancer",0,0,0
"120",75,1,2,"medSBP","Cancer",0,0,0
"121",25,0,3,"medSBP","Cancer",0,0,0
"122",35,0,3,"medSBP","Cancer",0,0,0
"123",45,0,3,"medSBP","Cancer",0,0,0
"124",55,0,3,"medSBP","Cancer",0,0,0
"125",65,0,3,"medSBP","Cancer",0,0,0
"126",75,0,3,"medSBP","Cancer",0,0,0
"127",25,1,3,"medSBP","Cancer",0,0,0
"128",35,1,3,"medSBP","Cancer",0,0,0
"129",45,1,3,"medSBP","Cancer",0,0,0
"130",55,1,3,"medSBP","Cancer",0,0,0
"131",65,1,3,"medSBP","Cancer",0,0,0
"132",75,1,3,"medSBP","Cancer",0,0,0
"133",25,0,4,"medSBP","Cancer",0,0,0
"134",35,0,4,"medSBP","Cancer",0,0,0
"135",45,0,4,"medSBP","Cancer",0,0,0
"136",55,0,4,"medSBP","Cancer",0,0,0
"137",65,0,4,"medSBP","Cancer",0,0,0
"138",75,0,4,"medSBP","Cancer",0,0,0
"139",25,1,4,"medSBP","Cancer",0,0,0
"140",35,1,4,"medSBP","Cancer",0,0,0
"141",45,1,4,"medSBP","Cancer",0,0,0
"142",55,1,4,"medSBP","Cancer",0,0,0
"143",65,1,4,"medSBP","Cancer",0,0,0
"144",75,1,4,"medSBP","Cancer",0,0,0
"145",25,0,1,"direct","DIAB",0,0,0
"146",35,0,1,"direct","DIAB",0,0,0
"147",45,0,1,"direct","DIAB",0,0,0
"148",55,0,1,"direct","DIAB",0,0,0
"149",65,0,1,"direct","DIAB",0,0,0
"150",75,0,1,"direct","DIAB",0,0,0
"151",25,1,1,"direct","DIAB",0,0,0
"152",35,1,1,"direct","DIAB",0,0,0
"153",45,1,1,"direct","DIAB",0,0,0
"154",55,1,1,"direct","DIAB",0,0,0
"155",65,1,1,"direct","DIAB",0,0,0
"156",75,1,1,"direct","DIAB",0,0,0
"157",25,0,2,"direct","DIAB",0,0,0
"158",35,0,2,"direct","DIAB",0,0,0
"159",45,0,2,"direct","DIAB",0,0,0
"160",55,0,2,"direct","DIAB",0,0,0
"161",65,0,2,"direct","DIAB",0,0,0
"162",75,0,2,"direct","DIAB",0,0,0
"163",25,1,2,"direct","DIAB",0,0,0
"164",35,1,2,"direct","DIAB",0,0,0
"165",45,1,2,"direct","DIAB",0,0,0
"166",55,1,2,"direct","DIAB",0,0,0
"167",65,1,2,"direct","DIAB",0,0,0
"168",75,1,2,"direct","DIAB",0,0,0
"169",25,0,3,"direct","DIAB",0,0,0
"170",35,0,3,"direct","DIAB",0,0,0
"171",45,0,3,"direct","DIAB",0,0,0
"172",55,0,3,"direct","DIAB",0,0,0
"173",65,0,3,"direct","DIAB",0,0,0
"174",75,0,3,"direct","DIAB",0,0,0
"175",25,1,3,"direct","DIAB",0,0,0
"176",35,1,3,"direct","DIAB",0,0,0
"177",45,1,3,"direct","DIAB",0,0,0
"178",55,1,3,"direct","DIAB",0,0,0
"179",65,1,3,"direct","DIAB",0,0,0
"180",75,1,3,"direct","DIAB",0,0,0
"181",25,0,4,"direct","DIAB",0,0,0
"182",35,0,4,"direct","DIAB",0,0,0
"183",45,0,4,"direct","DIAB",0,0,0
"184",55,0,4,"direct","DIAB",0,0,0
"185",65,0,4,"direct","DIAB",0,0,0
"186",75,0,4,"direct","DIAB",0,0,0
"187",25,1,4,"direct","DIAB",0,0,0
"188",35,1,4,"direct","DIAB",0,0,0
"189",45,1,4,"direct","DIAB",0,0,0
"190",55,1,4,"direct","DIAB",0,0,0
"191",65,1,4,"direct","DIAB",0,0,0
"192",75,1,4,"direct","DIAB",0,0,0
"193",25,0,1,"medBMI","DIAB",0.0150005470236066,0.0247363975292348,0.0184996714674653
"194",35,0,1,"medBMI","DIAB",0.0226136015729828,0.023772786614627,0.0194534692064964
"195",45,0,1,"medBMI","DIAB",0.0207406859319148,0.0295484170064153,0.0164939462198344
"196",55,0,1,"medBMI","DIAB",0.0113354551148424,0.0105082686991556,0.0129685755746991
"197",65,0,1,"medBMI","DIAB",0.0197992777582031,0.0287480127471795,0.0125365445883519
"198",75,0,1,"medBMI","DIAB",0.00833753140211357,0.0101428421515429,0.00963129749417757
"199",25,1,1,"medBMI","DIAB",0.0156810942196007,0.0316875777835555,0.0191296226967433
"200",35,1,1,"medBMI","DIAB",0.0208201936880344,0.039028392705642,0.0127915256640104
"201",45,1,1,"medBMI","DIAB",0.0156247528162933,0.0305832370426967,0.0364890488062561
"202",55,1,1,"medBMI","DIAB",0.0137135071641896,0.0125925081744372,0.0196415802297619
"203",65,1,1,"medBMI","DIAB",0.0109079014986122,0.0112207347603418,0.0161887035193788
"204",75,1,1,"medBMI","DIAB",0.0137587081905207,0.00791884503720464,0.0110713984851341
"205",25,0,2,"medBMI","DIAB",0.0315097065227312,0.0307984038360642,0.0281365122669442
"206",35,0,2,"medBMI","DIAB",0.0484727830063022,0.0375728767566416,0.0386800396093248
"207",45,0,2,"medBMI","DIAB",0.0354309114175367,0.0263126732885729,0.0119578697822698
"208",55,0,2,"medBMI","DIAB",0.0123093994189186,0.00464361859215856,0.0113211387129113
"209",65,0,2,"medBMI","DIAB",0.0118775316652022,0.0112625601344351,0.0075567605352469
"210",75,0,2,"medBMI","DIAB",0.00251362534462207,0.00352517233167071,0.00309633745864735
"211",25,1,2,"medBMI","DIAB",0.0100558737683195,0.0196591222073097,0.0262751683270639
"212",35,1,2,"medBMI","DIAB",0.0278291820829026,0.018041589619035,0.0163492353089706
"213",45,1,2,"medBMI","DIAB",0.0276028908746435,0.0142095842749633,0.0252847714697355
"214",55,1,2,"medBMI","DIAB",0.0123443720877573,0.0233907372355633,0.00831798286588958
"215",65,1,2,"medBMI","DIAB",0.00810882146136138,0.0106210891855019,0.00626793928966773
"216",75,1,2,"medBMI","DIAB",0,0.00339325958626191,0.0183856041806755
"217",25,0,3,"medBMI","DIAB",0.00415642253659587,0.00284663671758534,0.0115729023649609
"218",35,0,3,"medBMI","DIAB",0.0169361214585994,0.00038462038040521,0.00293564398287005
"219",45,0,3,"medBMI","DIAB",0.00560025589206525,0,0.000763612982771278
"220",55,0,3,"medBMI","DIAB",0.0057128808968846,0.00353775832106396,0.00582841625910635
"221",65,0,3,"medBMI","DIAB",0.002926668238869,0,0.00490354039726948
"222",75,0,3,"medBMI","DIAB",0,0,2.51232761135922e-05
"223",25,1,3,"medBMI","DIAB",0.0152779105084847,0.0208204275878744,0.0142432709652258
"224",35,1,3,"medBMI","DIAB",0.00307066724565297,0.00446163266940969,0.00500531808335314
"225",45,1,3,"medBMI","DIAB",0.0109408624831903,0.00501388336834507,0.0222922698179894
"226",55,1,3,"medBMI","DIAB",0.0126796376070981,0.0130142693868699,0.00804963866768271
"227",65,1,3,"medBMI","DIAB",0.0022565379610695,0.00422383828778516,0.00135049661518005
"228",75,1,3,"medBMI","DIAB",0.00379753152228735,0.0132703298038589,0.00356305514684319
"229",25,0,4,"medBMI","DIAB",0.0142606724080322,0.00933125914054855,0.0217559251696263
"230",35,0,4,"medBMI","DIAB",0.000297925801266419,0.0166994307926756,0
"231",45,0,4,"medBMI","DIAB",0.024521893571388,0.0203634143658198,0.0162628853209865
"232",55,0,4,"medBMI","DIAB",0.00395829516826574,0.00269352578984838,0.00749589741566725
"233",65,0,4,"medBMI","DIAB",0.00251555062948017,0.00105326887096746,0
"234",75,0,4,"medBMI","DIAB",0.00437632011025357,0.00698165641541049,0.00331841721366455
"235",25,1,4,"medBMI","DIAB",0.00653263086008482,0.0148649342973729,0.0307859747567906
"236",35,1,4,"medBMI","DIAB",0.0132822837685683,0.0140604374452615,0.0222404192951742
"237",45,1,4,"medBMI","DIAB",0.01635972866304,0.018447759314105,0.0154177589216794
"238",55,1,4,"medBMI","DIAB",0.0139942679207412,0.00663898338298541,0.0133031078427426
"239",65,1,4,"medBMI","DIAB",0.0118100550722658,0.0107913966006422,0.00763140637001292
"240",75,1,4,"medBMI","DIAB",0.00312297041012899,0.0100262976530087,0.00900476585144172
"241",25,0,1,"medSBP","DIAB",0,0,0
"242",35,0,1,"medSBP","DIAB",0,0,0
"243",45,0,1,"medSBP","DIAB",0,0,0
"244",55,0,1,"medSBP","DIAB",0,0,0
"245",65,0,1,"medSBP","DIAB",0,0,0
"246",75,0,1,"medSBP","DIAB",0,0,0
"247",25,1,1,"medSBP","DIAB",0,0,0
"248",35,1,1,"medSBP","DIAB",0,0,0
"249",45,1,1,"medSBP","DIAB",0,0,0
"250",55,1,1,"medSBP","DIAB",0,0,0
"251",65,1,1,"medSBP","DIAB",0,0,0
"252",75,1,1,"medSBP","DIAB",0,0,0
"253",25,0,2,"medSBP","DIAB",0,0,0
"254",35,0,2,"medSBP","DIAB",0,0,0
"255",45,0,2,"medSBP","DIAB",0,0,0
"256",55,0,2,"medSBP","DIAB",0,0,0
"257",65,0,2,"medSBP","DIAB",0,0,0
"258",75,0,2,"medSBP","DIAB",0,0,0
"259",25,1,2,"medSBP","DIAB",0,0,0
"260",35,1,2,"medSBP","DIAB",0,0,0
"261",45,1,2,"medSBP","DIAB",0,0,0
"262",55,1,2,"medSBP","DIAB",0,0,0
"263",65,1,2,"medSBP","DIAB",0,0,0
"264",75,1,2,"medSBP","DIAB",0,0,0
"265",25,0,3,"medSBP","DIAB",0,0,0
"266",35,0,3,"medSBP","DIAB",0,0,0
"267",45,0,3,"medSBP","DIAB",0,0,0
"268",55,0,3,"medSBP","DIAB",0,0,0
"269",65,0,3,"medSBP","DIAB",0,0,0
"270",75,0,3,"medSBP","DIAB",0,0,0
"271",25,1,3,"medSBP","DIAB",0,0,0
"272",35,1,3,"medSBP","DIAB",0,0,0
"273",45,1,3,"medSBP","DIAB",0,0,0
"274",55,1,3,"medSBP","DIAB",0,0,0
"275",65,1,3,"medSBP","DIAB",0,0,0
"276",75,1,3,"medSBP","DIAB",0,0,0
"277",25,0,4,"medSBP","DIAB",0,0,0
"278",35,0,4,"medSBP","DIAB",0,0,0
"279",45,0,4,"medSBP","DIAB",0,0,0
"280",55,0,4,"medSBP","DIAB",0,0,0
"281",65,0,4,"medSBP","DIAB",0,0,0
"282",75,0,4,"medSBP","DIAB",0,0,0
"283",25,1,4,"medSBP","DIAB",0,0,0
"284",35,1,4,"medSBP","DIAB",0,0,0
"285",45,1,4,"medSBP","DIAB",0,0,0
"286",55,1,4,"medSBP","DIAB",0,0,0
"287",65,1,4,"medSBP","DIAB",0,0,0
"288",75,1,4,"medSBP","DIAB",0,0,0
"289",25,0,1,"direct","HHD",0,0,0
"290",35,0,1,"direct","HHD",0,0,0
"291",45,0,1,"direct","HHD",0,0,0
"292",55,0,1,"direct","HHD",0,0,0
"293",65,0,1,"direct","HHD",0,0,0
"294",75,0,1,"direct","HHD",0,0,0
"295",25,1,1,"direct","HHD",0,0,0
"296",35,1,1,"direct","HHD",0,0,0
"297",45,1,1,"direct","HHD",0,0,0
"298",55,1,1,"direct","HHD",0,0,0
"299",65,1,1,"direct","HHD",0,0,0
"300",75,1,1,"direct","HHD",0,0,0
"301",25,0,2,"direct","HHD",0,0,0
"302",35,0,2,"direct","HHD",0,0,0
"303",45,0,2,"direct","HHD",0,0,0
"304",55,0,2,"direct","HHD",0,0,0
"305",65,0,2,"direct","HHD",0,0,0
"306",75,0,2,"direct","HHD",0,0,0
"307",25,1,2,"direct","HHD",0,0,0
"308",35,1,2,"direct","HHD",0,0,0
"309",45,1,2,"direct","HHD",0,0,0
"310",55,1,2,"direct","HHD",0,0,0
"311",65,1,2,"direct","HHD",0,0,0
"312",75,1,2,"direct","HHD",0,0,0
"313",25,0,3,"direct","HHD",0,0,0
"314",35,0,3,"direct","HHD",0,0,0
"315",45,0,3,"direct","HHD",0,0,0
"316",55,0,3,"direct","HHD",0,0,0
"317",65,0,3,"direct","HHD",0,0,0
"318",75,0,3,"direct","HHD",0,0,0
"319",25,1,3,"direct","HHD",0,0,0
"320",35,1,3,"direct","HHD",0,0,0
"321",45,1,3,"direct","HHD",0,0,0
"322",55,1,3,"direct","HHD",0,0,0
"323",65,1,3,"direct","HHD",0,0,0
"324",75,1,3,"direct","HHD",0,0,0
"325",25,0,4,"direct","HHD",0,0,0
"326",35,0,4,"direct","HHD",0,0,0
"327",45,0,4,"direct","HHD",0,0,0
"328",55,0,4,"direct","HHD",0,0,0
"329",65,0,4,"direct","HHD",0,0,0
"330",75,0,4,"direct","HHD",0,0,0
"331",25,1,4,"direct","HHD",0,0,0
"332",35,1,4,"direct","HHD",0,0,0
"333",45,1,4,"direct","HHD",0,0,0
"334",55,1,4,"direct","HHD",0,0,0
"335",65,1,4,"direct","HHD",0,0,0
"336",75,1,4,"direct","HHD",0,0,0
"337",25,0,1,"medBMI","HHD",0.0202269798807092,0.0188649282748897,0.0168376587906396
"338",35,0,1,"medBMI","HHD",0.0126388899472522,0.00831020666605153,0.0054193441708994
"339",45,0,1,"medBMI","HHD",0.0200363304923268,0.00906566506686002,0.00998684967488994
"340",55,0,1,"medBMI","HHD",0.00954104177343573,0.00689363275564914,0.00930055017733755
"341",65,0,1,"medBMI","HHD",0.0171095146243789,0.0110997507062875,0.0175997784753148
"342",75,0,1,"medBMI","HHD",0.0106920915622566,0.0132463646285981,0.00902709726605977
"343",25,1,1,"medBMI","HHD",0.0112449898313678,0.0118758023086767,3.59406469041534e-06
"344",35,1,1,"medBMI","HHD",0.0199830418800815,0.016396199626554,0.0148957044950963
"345",45,1,1,"medBMI","HHD",0.0213392517574499,7.94500809586651e-08,0.0151610984340802
"346",55,1,1,"medBMI","HHD",0.00697620965328638,0.00842636836621946,0.00905904663708723
"347",65,1,1,"medBMI","HHD",0.0169543847303995,0.0127380144535937,0.0063382580187944
"348",75,1,1,"medBMI","HHD",0.0125719826665783,0.00984605035281771,0.00495855539858814
"349",25,0,2,"medBMI","HHD",0.0268995320978729,0.00598728326982467,2.65437237523258e-07
"350",35,0,2,"medBMI","HHD",0.0252978617478974,0.032559724176363,4.87528373227519e-09
"351",45,0,2,"medBMI","HHD",0.0152218989920352,0.0102135650452329,0.00476396491198372
"352",55,0,2,"medBMI","HHD",0.0145968150299475,0.00612979514312295,0.0159024986396089
"353",65,0,2,"medBMI","HHD",0.0117498821645237,0.00550510990754682,0.00530683855346925
"354",75,0,2,"medBMI","HHD",0.00374794562539238,0.00499242644762021,0.00421925566140902
"355",25,1,2,"medBMI","HHD",0.015676979915324,0.0107880119048985,0.0365350546534831
"356",35,1,2,"medBMI","HHD",0.0348113146667973,0.00651208709289808,6.45114381359058e-07
"357",45,1,2,"medBMI","HHD",0.00488559903510988,0.00893389803828437,0.00368731233585329
"358",55,1,2,"medBMI","HHD",0.00366531080855237,0.00899692996136547,0.0157403882014076
"359",65,1,2,"medBMI","HHD",0.00873959058467044,0.00573381740356516,0.0082381994905687
"360",75,1,2,"medBMI","HHD",0,0.00451355851289725,0.0151352351472656
"361",25,0,3,"medBMI","HHD",5.11225436339302e-06,0.0107281711970292,1.49910495472749e-06
"362",35,0,3,"medBMI","HHD",0.00369095565306587,0.000112912083568562,0.00278415131074794
"363",45,0,3,"medBMI","HHD",0.00285869789555437,0,0.000594652605911739
"364",55,0,3,"medBMI","HHD",0.00351054174159071,0.00504322066103857,0.00473227309810864
"365",65,0,3,"medBMI","HHD",0.00194386465854224,0,0.00285284043190293
"366",75,0,3,"medBMI","HHD",0,0,2.19463609256731e-05
"367",25,1,3,"medBMI","HHD",0.00785793487121944,0.00737668210137377,0.0130311834019968
"368",35,1,3,"medBMI","HHD",0.0050652445499042,0.000702135423160666,0.00419181280179071
"369",45,1,3,"medBMI","HHD",0.00590417939168009,0.000618351594144695,0.0109226034105863
"370",55,1,3,"medBMI","HHD",0.0237388892269601,0.00613340204151425,0.0148075047434416
"371",65,1,3,"medBMI","HHD",0.00210162241317702,0.00393483189301569,0.000668809980244101
"372",75,1,3,"medBMI","HHD",0.00421799251942845,0.0141328686366723,0.00366896077493095
"373",25,0,4,"medBMI","HHD",0.0116802522091713,0.00260086819208161,0.00102809071207655
"374",35,0,4,"medBMI","HHD",0.000877765866158287,0.0101318869425818,0
"375",45,0,4,"medBMI","HHD",0.0032498567799728,0.0201419495871609,0.0135886430509783
"376",55,0,4,"medBMI","HHD",0.00203876508346568,0.00109310132324758,0.00473937661688595
"377",65,0,4,"medBMI","HHD",0.0014624413990233,0.00103298852861045,0
"378",75,0,4,"medBMI","HHD",0.00345020305731414,0.00567567450328244,0.00396142126084753
"379",25,1,4,"medBMI","HHD",0.00769053900436611,0.0316917103023059,0.00518812057732032
"380",35,1,4,"medBMI","HHD",0.00057248162088297,0.0301653175963139,0.025735606224141
"381",45,1,4,"medBMI","HHD",0.00346614051426186,0.00589574923425962,0.0148771592676871
"382",55,1,4,"medBMI","HHD",0.00989249427480332,0.00563955495447421,0.00406651796577606
"383",65,1,4,"medBMI","HHD",0.00771291952071307,0.00937710268905345,0.00881985609541402
"384",75,1,4,"medBMI","HHD",0.00246009356042931,0.00270416203438051,0.00426700552258819
"385",25,0,1,"medSBP","HHD",0,0,0
"386",35,0,1,"medSBP","HHD",0,0,0
"387",45,0,1,"medSBP","HHD",0,0,0
"388",55,0,1,"medSBP","HHD",0,0,0
"389",65,0,1,"medSBP","HHD",0,0,0
"390",75,0,1,"medSBP","HHD",0,0,0
"391",25,1,1,"medSBP","HHD",0,0,0
"392",35,1,1,"medSBP","HHD",0,0,0
"393",45,1,1,"medSBP","HHD",0,0,0
"394",55,1,1,"medSBP","HHD",0,0,0
"395",65,1,1,"medSBP","HHD",0,0,0
"396",75,1,1,"medSBP","HHD",0,0,0
"397",25,0,2,"medSBP","HHD",0,0,0
"398",35,0,2,"medSBP","HHD",0,0,0
"399",45,0,2,"medSBP","HHD",0,0,0
"400",55,0,2,"medSBP","HHD",0,0,0
"401",65,0,2,"medSBP","HHD",0,0,0
"402",75,0,2,"medSBP","HHD",0,0,0
"403",25,1,2,"medSBP","HHD",0,0,0
"404",35,1,2,"medSBP","HHD",0,0,0
"405",45,1,2,"medSBP","HHD",0,0,0
"406",55,1,2,"medSBP","HHD",0,0,0
"407",65,1,2,"medSBP","HHD",0,0,0
"408",75,1,2,"medSBP","HHD",0,0,0
"409",25,0,3,"medSBP","HHD",0,0,0
"410",35,0,3,"medSBP","HHD",0,0,0
"411",45,0,3,"medSBP","HHD",0,0,0
"412",55,0,3,"medSBP","HHD",0,0,0
"413",65,0,3,"medSBP","HHD",0,0,0
"414",75,0,3,"medSBP","HHD",0,0,0
"415",25,1,3,"medSBP","HHD",0,0,0
"416",35,1,3,"medSBP","HHD",0,0,0
"417",45,1,3,"medSBP","HHD",0,0,0
"418",55,1,3,"medSBP","HHD",0,0,0
"419",65,1,3,"medSBP","HHD",0,0,0
"420",75,1,3,"medSBP","HHD",0,0,0
"421",25,0,4,"medSBP","HHD",0,0,0
"422",35,0,4,"medSBP","HHD",0,0,0
"423",45,0,4,"medSBP","HHD",0,0,0
"424",55,0,4,"medSBP","HHD",0,0,0
"425",65,0,4,"medSBP","HHD",0,0,0
"426",75,0,4,"medSBP","HHD",0,0,0
"427",25,1,4,"medSBP","HHD",0,0,0
"428",35,1,4,"medSBP","HHD",0,0,0
"429",45,1,4,"medSBP","HHD",0,0,0
"430",55,1,4,"medSBP","HHD",0,0,0
"431",65,1,4,"medSBP","HHD",0,0,0
"432",75,1,4,"medSBP","HHD",0,0,0
"433",25,0,1,"direct","HSTK",0.0436489846402272,0.0338634498835977,0.0489824633033468
"434",35,0,1,"direct","HSTK",0.00444207557887943,0.0355488241477095,0.0272280207775281
"435",45,0,1,"direct","HSTK",0.0243080792389153,0.0369149666155941,0.0230056089777416
"436",55,0,1,"direct","HSTK",0.0281207267503982,0.0056386957589214,0.0144702160250822
"437",65,0,1,"direct","HSTK",0.0211870527769792,0.0327145484490717,0.0123868038149015
"438",75,0,1,"direct","HSTK",0.0123158268225972,0.00889775948485372,0.0119845746775687
"439",25,1,1,"direct","HSTK",0.0329402362936499,0.0335446628515588,0.0496420431417867
"440",35,1,1,"direct","HSTK",0.0374694668946917,0.0755209058709267,0.0615802151792709
"441",45,1,1,"direct","HSTK",0.0287242821080936,0.0200961510578831,0.042386353052064
"442",55,1,1,"direct","HSTK",0.0165161658061864,0.00625829271306455,0.0284778997012615
"443",65,1,1,"direct","HSTK",0.0351703863833986,0.0295049346862971,0.0174756787451132
"444",75,1,1,"direct","HSTK",0.0230320520936151,0.0227931510324327,0.0222562147467729
"445",25,0,2,"direct","HSTK",0.022202080508567,0.0604732508869207,0.04677560610916
"446",35,0,2,"direct","HSTK",0.043961178133302,0.0128146089636539,0.0152251741896186
"447",45,0,2,"direct","HSTK",0.0662229153794048,0.0378732962505456,0.0192625268723335
"448",55,0,2,"direct","HSTK",0.0167348347794234,0.0265086667075868,0.0390334802009399
"449",65,0,2,"direct","HSTK",0.0162600113290383,0.00256770684322871,0.0367685464299238
"450",75,0,2,"direct","HSTK",0.00793975211587861,0.00521707041918884,0.0066643546995715
"451",25,1,2,"direct","HSTK",0.0464944120069967,0.0384313510814215,0.0444466336562229
"452",35,1,2,"direct","HSTK",0.0757103610372066,0.0439451154595195,0.0184982750480842
"453",45,1,2,"direct","HSTK",0.0393967666464388,0.0317359214298666,0.0491167636741725
"454",55,1,2,"direct","HSTK",0.02852185771331,0.044752687915679,0.0278587582012326
"455",65,1,2,"direct","HSTK",0.0145844821269886,0.0175424838872449,0.00504577373226989
"456",75,1,2,"direct","HSTK",0,0.00748912258221157,0.0215596009874421
"457",25,0,3,"direct","HSTK",0.0199779089193134,0.012532880427213,0.02391197040974
"458",35,0,3,"direct","HSTK",0.0114275700662859,0.00176721441118,0.00679686585197603
"459",45,0,3,"direct","HSTK",0.00696389040658985,0,0.00110692876676555
"460",55,0,3,"direct","HSTK",0.00775507735342085,0.00534798436354811,0.0205151112892585
"461",65,0,3,"direct","HSTK",0.000551482702765504,0,0.0060716037704952
"462",75,0,3,"direct","HSTK",0,0,6.35801122362833e-05
"463",25,1,3,"direct","HSTK",0.0011458892563565,0.0314669377515784,0.0252177691122522
"464",35,1,3,"direct","HSTK",0.0106887983188355,0.0133162499884285,0.0185876337751375
"465",45,1,3,"direct","HSTK",0.00815125210624479,0.00680641406069615,0.0366717957975202
"466",55,1,3,"direct","HSTK",0.0150845060898527,0.0239586130856111,0.0288834570099574
"467",65,1,3,"direct","HSTK",0.00538186719526124,0.00605970905579367,0.00277691062208252
"468",75,1,3,"direct","HSTK",0.00789803431444636,0.0164966233048162,0.00594878326529991
"469",25,0,4,"direct","HSTK",0.025053851221052,0.042800379102368,0.061939336648303
"470",35,0,4,"direct","HSTK",0.00278330066497923,0.0142361017352788,0
"471",45,0,4,"direct","HSTK",0.0256595417842663,0.0346024544460332,0.0470309385526061
"472",55,0,4,"direct","HSTK",0.00822109745166888,0.00441777387929565,0.0150740267149483
"473",65,0,4,"direct","HSTK",0.00364216478495349,0.000912875872739582,0
"474",75,0,4,"direct","HSTK",0.00586910842928245,0.00674113092031292,0.00576290717703098
"475",25,1,4,"direct","HSTK",0.0139987141506785,0.038169277143508,0.0730877240246658
"476",35,1,4,"direct","HSTK",0.0396481972979221,0.0221913444130424,0.0389802906338026
"477",45,1,4,"direct","HSTK",0.0289504460004919,0.0599710256774213,0.0188225430851405
"478",55,1,4,"direct","HSTK",0.0236385460864086,0.0211615835422986,0.0306763078503125
"479",65,1,4,"direct","HSTK",0.01607993878355,0.0169206052815847,0.0146894279394767
"480",75,1,4,"direct","HSTK",0.00217165490919091,0.0122341736867844,0.0157589119251906
"481",25,0,1,"medBMI","HSTK",0.010827757810983,0.00859242003590399,0.00876325730714245
"482",35,0,1,"medBMI","HSTK",0.0101275668756973,0.0119090907301127,0.00585241181657847
"483",45,0,1,"medBMI","HSTK",0.00771254331535332,0.00729869420301676,0.00665231110453612
"484",55,0,1,"medBMI","HSTK",0.00598638095207871,0.0049058874753356,0.00401635296625413
"485",65,0,1,"medBMI","HSTK",0.00609030896089569,0.00782735657356126,0.00325003722622952
"486",75,0,1,"medBMI","HSTK",0.00503639098387221,0.00466455956130785,0.00355493515494443
"487",25,1,1,"medBMI","HSTK",0.016363466375822,0.00832407078387065,0.00953533457554268
"488",35,1,1,"medBMI","HSTK",0.00805856214428613,0.011146331331869,0.0117417057012484
"489",45,1,1,"medBMI","HSTK",0.00462532590893761,0.00233984264109954,0.0066495808125826
"490",55,1,1,"medBMI","HSTK",0.00730667309705202,0.00423637803831356,0.00455968969703802
"491",65,1,1,"medBMI","HSTK",0.00422129083124467,0.00681939094140782,0.00373227451582481
"492",75,1,1,"medBMI","HSTK",0.00396311243692682,0.00557877053226452,0.00540580757163578
"493",25,0,2,"medBMI","HSTK",0.00917499077177475,0.018458751843325,0.0120844553255016
"494",35,0,2,"medBMI","HSTK",0.00920508994515679,0.0160362599809302,0.0109952323877557
"495",45,0,2,"medBMI","HSTK",0.0123896196529196,0.0113476809348737,0.00646476257189621
"496",55,0,2,"medBMI","HSTK",0.00771121951222253,0.00299225790910418,0.00601294276703179
"497",65,0,2,"medBMI","HSTK",0.0053586468630259,0.00440858316024528,0.00715214425381339
"498",75,0,2,"medBMI","HSTK",0.0014207372468954,0.0011599174206598,0.00224790481788284
"499",25,1,2,"medBMI","HSTK",0.0146758901853572,0.00612661910034062,0.00885782410106739
"500",35,1,2,"medBMI","HSTK",0.0147147880314419,0.00812971691129483,0.0135532332754058
"501",45,1,2,"medBMI","HSTK",0.00657594009064055,0.012255372028189,0.0124756875245144
"502",55,1,2,"medBMI","HSTK",0.00627177909959042,0.010012854765252,0.00734091085936239
"503",65,1,2,"medBMI","HSTK",0.00376691232318049,0.00435516304126882,0.00588161224530259
"504",75,1,2,"medBMI","HSTK",0,0.000954626426469263,0.00588195937668456
"505",25,0,3,"medBMI","HSTK",0.00305583135553933,0.00614370768758377,0.00543120384355644
"506",35,0,3,"medBMI","HSTK",0.00462075787599336,0.000111841549583103,0.000891207544820749
"507",45,0,3,"medBMI","HSTK",0.00307395585268933,0,0.000305883828257691
"508",55,0,3,"medBMI","HSTK",0.00225160284837667,0.0016112807494898,0.00413873019403255
"509",65,0,3,"medBMI","HSTK",0.00157269879258193,0,0.00098953956779857
"510",75,0,3,"medBMI","HSTK",0,0,0
"511",25,1,3,"medBMI","HSTK",0.00649457998277703,0.00510642843066367,0.00503239944400269
"512",35,1,3,"medBMI","HSTK",0.00178438964639727,0.00230512084598256,0.00248933444142718
"513",45,1,3,"medBMI","HSTK",0.00295356308266059,0.00323617068980775,0.00428477716889719
"514",55,1,3,"medBMI","HSTK",0.00224241937889358,0.00179957679345755,0.00195035403454591
"515",65,1,3,"medBMI","HSTK",0.000669299727220629,0.00073107150490348,0.000731320752276998
"516",75,1,3,"medBMI","HSTK",0.000750799617216691,0.00370966979538245,0.00134470887067184
"517",25,0,4,"medBMI","HSTK",0.0048612028251932,0.00422594825478306,0.0149134413726046
"518",35,0,4,"medBMI","HSTK",0.000244036279003268,0.0054347386492446,0
"519",45,0,4,"medBMI","HSTK",0.00458726363484641,0.00869988672288347,0.0106477868880243
"520",55,0,4,"medBMI","HSTK",0.000979846542700336,0.00101033256780447,0.00160340351586463
"521",65,0,4,"medBMI","HSTK",0.000748927129135102,0.000467007384051144,0
"522",75,0,4,"medBMI","HSTK",0.00217137305743254,0.00118606375126784,0.00138804620451261
"523",25,1,4,"medBMI","HSTK",0.00541928888320387,0.0123664884111889,0.0115598255210111
"524",35,1,4,"medBMI","HSTK",0.00682413966655571,0.00707044393504463,0.00911778807364427
"525",45,1,4,"medBMI","HSTK",0.00579073992193813,0.00825621386790498,0.00636449202915756
"526",55,1,4,"medBMI","HSTK",0.00551485385755757,0.00294192880582833,0.00342954973823817
"527",65,1,4,"medBMI","HSTK",0.00285314031727657,0.00570750850674095,0.00244969159876718
"528",75,1,4,"medBMI","HSTK",0.00147644771260769,0.00343830317135951,0.00366225964954536
"529",25,0,1,"medSBP","HSTK",0,0,0
"530",35,0,1,"medSBP","HSTK",0,0,0
"531",45,0,1,"medSBP","HSTK",0,0,0
"532",55,0,1,"medSBP","HSTK",0,0,0
"533",65,0,1,"medSBP","HSTK",0,0,0
"534",75,0,1,"medSBP","HSTK",0,0,0
"535",25,1,1,"medSBP","HSTK",0,0,0
"536",35,1,1,"medSBP","HSTK",0,0,0
"537",45,1,1,"medSBP","HSTK",0,0,0
"538",55,1,1,"medSBP","HSTK",0,0,0
"539",65,1,1,"medSBP","HSTK",0,0,0
"540",75,1,1,"medSBP","HSTK",0,0,0
"541",25,0,2,"medSBP","HSTK",0,0,0
"542",35,0,2,"medSBP","HSTK",0,0,0
"543",45,0,2,"medSBP","HSTK",0,0,0
"544",55,0,2,"medSBP","HSTK",0,0,0
"545",65,0,2,"medSBP","HSTK",0,0,0
"546",75,0,2,"medSBP","HSTK",0,0,0
"547",25,1,2,"medSBP","HSTK",0,0,0
"548",35,1,2,"medSBP","HSTK",0,0,0
"549",45,1,2,"medSBP","HSTK",0,0,0
"550",55,1,2,"medSBP","HSTK",0,0,0
"551",65,1,2,"medSBP","HSTK",0,0,0
"552",75,1,2,"medSBP","HSTK",0,0,0
"553",25,0,3,"medSBP","HSTK",0,0,0
"554",35,0,3,"medSBP","HSTK",0,0,0
"555",45,0,3,"medSBP","HSTK",0,0,0
"556",55,0,3,"medSBP","HSTK",0,0,0
"557",65,0,3,"medSBP","HSTK",0,0,0
"558",75,0,3,"medSBP","HSTK",0,0,0
"559",25,1,3,"medSBP","HSTK",0,0,0
"560",35,1,3,"medSBP","HSTK",0,0,0
"561",45,1,3,"medSBP","HSTK",0,0,0
"562",55,1,3,"medSBP","HSTK",0,0,0
"563",65,1,3,"medSBP","HSTK",0,0,0
"564",75,1,3,"medSBP","HSTK",0,0,0
"565",25,0,4,"medSBP","HSTK",0,0,0
"566",35,0,4,"medSBP","HSTK",0,0,0
"567",45,0,4,"medSBP","HSTK",0,0,0
"568",55,0,4,"medSBP","HSTK",0,0,0
"569",65,0,4,"medSBP","HSTK",0,0,0
"570",75,0,4,"medSBP","HSTK",0,0,0
"571",25,1,4,"medSBP","HSTK",0,0,0
"572",35,1,4,"medSBP","HSTK",0,0,0
"573",45,1,4,"medSBP","HSTK",0,0,0
"574",55,1,4,"medSBP","HSTK",0,0,0
"575",65,1,4,"medSBP","HSTK",0,0,0
"576",75,1,4,"medSBP","HSTK",0,0,0
"577",25,0,1,"direct","IHD",0.00927251865951217,0.0158832897950892,0.0119046478014828
"578",35,0,1,"direct","IHD",0.00865486768436918,0.0169577960788557,0.0109802565280473
"579",45,0,1,"direct","IHD",0.00912184306196884,0.012771986781935,0.0101715240599822
"580",55,0,1,"direct","IHD",0.00437029404372868,0.00720796447894079,0.0100931836533866
"581",65,0,1,"direct","IHD",0.00647661516283515,0.0154977989310456,0.00899384947122095
"582",75,0,1,"direct","IHD",0.00552980209838116,0.00170533662564987,0.00293163683770792
"583",25,1,1,"direct","IHD",0.0127274376333998,0.00916475451639409,0.013894555458728
"584",35,1,1,"direct","IHD",0.0122310956246177,0.0168474163479174,0.0130858014665036
"585",45,1,1,"direct","IHD",0.00949085906278024,0.0106905822265927,0.00968497637286425
"586",55,1,1,"direct","IHD",0.0119090618727896,0.0024864151407944,0.00787674142149386
"587",65,1,1,"direct","IHD",0.0141163048607442,0.00486067043940752,0.00642248173940585
"588",75,1,1,"direct","IHD",0.00416239850375688,0.00287828153818925,0.00287270634767389
"589",25,0,2,"direct","IHD",0.019441480009214,0.0108016113146916,0.0164183389981576
"590",35,0,2,"direct","IHD",0.0221968466319881,0.0154057577842444,0.0120705660679407
"591",45,0,2,"direct","IHD",0.0162540785367101,0.00605798114528677,0.00410171843675189
"592",55,0,2,"direct","IHD",0.00667696417954566,0.00366768861602462,0.0087566051677106
"593",65,0,2,"direct","IHD",0.00482789031566799,0.00732694538855749,0.00850272327145529
"594",75,0,2,"direct","IHD",0.00228487988865878,0.00145283875302271,0.00355643301652797
"595",25,1,2,"direct","IHD",0.0124082325515771,0.0123591668813443,0.0139767974095083
"596",35,1,2,"direct","IHD",0.0103564738924213,0.0080263912474059,0.0148983169256741
"597",45,1,2,"direct","IHD",0.00752386354940471,0.0120778036449078,0.010175933550261
"598",55,1,2,"direct","IHD",0.00523069130548659,0.00819960542259768,0.00439994831877988
"599",65,1,2,"direct","IHD",0.0050314325961236,0.00406097972516106,0.00632941514610941
"600",75,1,2,"direct","IHD",0,0.00137083879033173,0.00818339928776546
"601",25,0,3,"direct","IHD",0.0031861836383873,0.006380394191008,0.00302868721946958
"602",35,0,3,"direct","IHD",0.00693361880300869,0.000115134737277423,0.00121913497843129
"603",45,0,3,"direct","IHD",0.00304969240305386,0,0.000239779187796052
"604",55,0,3,"direct","IHD",0.00229143000963117,0.00140745624476768,0.00267542081214389
"605",65,0,3,"direct","IHD",0.0019837676858121,0,0.00186442115807872
"606",75,0,3,"direct","IHD",0,0,0
"607",25,1,3,"direct","IHD",0.00606149078856677,0.0106726200016625,0.00560212644630043
"608",35,1,3,"direct","IHD",0.00164808146080508,0.00390436625576485,0.00214387519037362
"609",45,1,3,"direct","IHD",0.00563708823129083,0.00224341049462307,0.00118205163035423
"610",55,1,3,"direct","IHD",0.0054740540534427,0.00605574953133992,0.00764153079682173
"611",65,1,3,"direct","IHD",0.00204251358787855,0.00239804272958599,0.000598723727516681
"612",75,1,3,"direct","IHD",0.00155641511851046,0.00251481209170779,0.00157744659611925
"613",25,0,4,"direct","IHD",0.00631430994595095,0.0103737168501716,0.0119863172340391
"614",35,0,4,"direct","IHD",0.000214020760188949,0.00579707803665053,0
"615",45,0,4,"direct","IHD",0.00913422386154505,0.0146073637489532,0.0118920703577197
"616",55,0,4,"direct","IHD",0.00193605910456407,0.00163642287688515,0.00538197562833376
"617",65,0,4,"direct","IHD",0.00106682747424025,0.000294866451089448,0
"618",75,0,4,"direct","IHD",0.00183380743368133,0.00454197953965829,0.00175270804721073
"619",25,1,4,"direct","IHD",0.00410475502736063,0.0173283515036005,0.00850701268165655
"620",35,1,4,"direct","IHD",0.00793488633115258,0.015941724547433,0.0114250718791689
"621",45,1,4,"direct","IHD",0.00877854607862505,0.00665502489137415,0.00763192733618667
"622",55,1,4,"direct","IHD",0.00729859527215271,0.00425577398993315,0.0125110780007367
"623",65,1,4,"direct","IHD",0.00439476283258389,0.00436091422862228,0.00744195562621919
"624",75,1,4,"direct","IHD",0.00146786167383373,0.00306895621493941,0.00559479124330342
"625",25,0,1,"medBMI","IHD",0.00841196362787211,0.00604716579545705,0.00597205986126603
"626",35,0,1,"medBMI","IHD",0.0101416222344922,0.00926503966513093,0.00863345396155313
"627",45,0,1,"medBMI","IHD",0.00997646755674353,0.00867802102625559,0.00599581453557396
"628",55,0,1,"medBMI","IHD",0.00940865776431554,0.0058297632046963,0.00388830956357666
"629",65,0,1,"medBMI","IHD",0.00858915501322022,0.00781131339406105,0.00776066554450183
"630",75,0,1,"medBMI","IHD",0.00424010468950586,0.004490791369818,0.00334640030651856
"631",25,1,1,"medBMI","IHD",0.0100268972656685,0.0115548686405598,0.00881460475637152
"632",35,1,1,"medBMI","IHD",0.00601712952232758,0.0100349785006973,0.00628452464663409
"633",45,1,1,"medBMI","IHD",0.00273428061122261,0.00937194313471679,0.0113264635315039
"634",55,1,1,"medBMI","IHD",0.00504766186237759,0.00527291383859685,0.00644506829786129
"635",65,1,1,"medBMI","IHD",0.0052162648129338,0.00552639177578274,0.00760206481535552
"636",75,1,1,"medBMI","IHD",0.00422581981836156,0.00437759424273665,0.00567349526668171
"637",25,0,2,"medBMI","IHD",0.0260175450289208,0.0111888865912756,0.0125551100860017
"638",35,0,2,"medBMI","IHD",0.00377530823077987,0.0110881437584396,0.0108807806672214
"639",45,0,2,"medBMI","IHD",0.00712354701586659,0.00409494085846496,0.00370431614930034
"640",55,0,2,"medBMI","IHD",0.00688091867820007,0.00295690704913598,0.00815541757708382
"641",65,0,2,"medBMI","IHD",0.00339399015393738,0.00446993171421983,0.00366093108178822
"642",75,0,2,"medBMI","IHD",0.00175248311548226,0.00232722347534908,0.00193150701019928
"643",25,1,2,"medBMI","IHD",0.0167559175339549,0.00718310996817773,0.00978043524475103
"644",35,1,2,"medBMI","IHD",0.00644997383779577,0.00863618861674342,0.00592530138439895
"645",45,1,2,"medBMI","IHD",0.004263452589787,0.00778370676734619,0.0113951915732019
"646",55,1,2,"medBMI","IHD",0.00353327024201111,0.00541730617682468,0.00746122875553012
"647",65,1,2,"medBMI","IHD",0.00288152387259721,0.00461781385603877,0.00398445135461223
"648",75,1,2,"medBMI","IHD",0,0.00250685824455044,0.00692557413444539
"649",25,0,3,"medBMI","IHD",0.00279333336607435,0.00373019429970489,0.00604076388509744
"650",35,0,3,"medBMI","IHD",0.00109064223580446,0.000106418847449108,0.000608603346030301
"651",45,0,3,"medBMI","IHD",0.00196896442097649,0,0.000267075018115071
"652",55,0,3,"medBMI","IHD",0.00266908623538042,0.00197857049495898,0.00373922253486692
"653",65,0,3,"medBMI","IHD",0.00073875424562686,0,0.00133639986438816
"654",75,0,3,"medBMI","IHD",0,0,0
"655",25,1,3,"medBMI","IHD",0.00471197740435014,0.00746158930849428,0.00783777164249755
"656",35,1,3,"medBMI","IHD",0.00166992963924362,0.00212573592590115,0.00276690300732907
"657",45,1,3,"medBMI","IHD",0.00383050145553554,0.00542597071105178,0.00784230646607709
"658",55,1,3,"medBMI","IHD",0.00374284834887306,0.00394086647240177,0.00293928716371472
"659",65,1,3,"medBMI","IHD",0.000976478608203712,0.000463052948767584,0.000656724485738613
"660",75,1,3,"medBMI","IHD",0.00204583067450537,0.00559499824868226,0.000788534026554322
"661",25,0,4,"medBMI","IHD",0.00597621446501662,0.00444223149054301,0.00886728539758797
"662",35,0,4,"medBMI","IHD",0.000188308110213531,0.00681801506003199,0
"663",45,0,4,"medBMI","IHD",0.0083949832730964,0.0104855309440296,0.00674170641776028
"664",55,0,4,"medBMI","IHD",0.00147114337943932,0.00113484811617293,0.00267361525018517
"665",65,0,4,"medBMI","IHD",0.000994947548348057,0.000387817101902277,0
"666",75,0,4,"medBMI","IHD",0.00212392516658366,0.00367795960495054,0.000925896997269304
"667",25,1,4,"medBMI","IHD",0.00295414087005663,0.00944320662150311,0.0102614663807677
"668",35,1,4,"medBMI","IHD",0.00362648100102358,0.0102760615086993,0.00894703264400476
"669",45,1,4,"medBMI","IHD",0.00669726459615783,0.00823374703172963,0.00840338060062129
"670",55,1,4,"medBMI","IHD",0.00499870263471203,0.00331905784272213,0.00449540437623963
"671",65,1,4,"medBMI","IHD",0.00560004654142132,0.00264534929792848,0.00867966841190004
"672",75,1,4,"medBMI","IHD",0.000863335277181743,0.00235051353979332,0.00469887837868876
"673",25,0,1,"medSBP","IHD",0,0,0
"674",35,0,1,"medSBP","IHD",0,0,0
"675",45,0,1,"medSBP","IHD",0,0,0
"676",55,0,1,"medSBP","IHD",0,0,0
"677",65,0,1,"medSBP","IHD",0,0,0
"678",75,0,1,"medSBP","IHD",0,0,0
"679",25,1,1,"medSBP","IHD",0,0,0
"680",35,1,1,"medSBP","IHD",0,0,0
"681",45,1,1,"medSBP","IHD",0,0,0
"682",55,1,1,"medSBP","IHD",0,0,0
"683",65,1,1,"medSBP","IHD",0,0,0
"684",75,1,1,"medSBP","IHD",0,0,0
"685",25,0,2,"medSBP","IHD",0,0,0
"686",35,0,2,"medSBP","IHD",0,0,0
"687",45,0,2,"medSBP","IHD",0,0,0
"688",55,0,2,"medSBP","IHD",0,0,0
"689",65,0,2,"medSBP","IHD",0,0,0
"690",75,0,2,"medSBP","IHD",0,0,0
"691",25,1,2,"medSBP","IHD",0,0,0
"692",35,1,2,"medSBP","IHD",0,0,0
"693",45,1,2,"medSBP","IHD",0,0,0
"694",55,1,2,"medSBP","IHD",0,0,0
"695",65,1,2,"medSBP","IHD",0,0,0
"696",75,1,2,"medSBP","IHD",0,0,0
"697",25,0,3,"medSBP","IHD",0,0,0
"698",35,0,3,"medSBP","IHD",0,0,0
"699",45,0,3,"medSBP","IHD",0,0,0
"700",55,0,3,"medSBP","IHD",0,0,0
"701",65,0,3,"medSBP","IHD",0,0,0
"702",75,0,3,"medSBP","IHD",0,0,0
"703",25,1,3,"medSBP","IHD",0,0,0
"704",35,1,3,"medSBP","IHD",0,0,0
"705",45,1,3,"medSBP","IHD",0,0,0
"706",55,1,3,"medSBP","IHD",0,0,0
"707",65,1,3,"medSBP","IHD",0,0,0
"708",75,1,3,"medSBP","IHD",0,0,0
"709",25,0,4,"medSBP","IHD",0,0,0
"710",35,0,4,"medSBP","IHD",0,0,0
"711",45,0,4,"medSBP","IHD",0,0,0
"712",55,0,4,"medSBP","IHD",0,0,0
"713",65,0,4,"medSBP","IHD",0,0,0
"714",75,0,4,"medSBP","IHD",0,0,0
"715",25,1,4,"medSBP","IHD",0,0,0
"716",35,1,4,"medSBP","IHD",0,0,0
"717",45,1,4,"medSBP","IHD",0,0,0
"718",55,1,4,"medSBP","IHD",0,0,0
"719",65,1,4,"medSBP","IHD",0,0,0
"720",75,1,4,"medSBP","IHD",0,0,0
"721",25,0,1,"direct","ISTK",0.0264196555802746,0.0316855041871422,0.0493414789418273
"722",35,0,1,"direct","ISTK",0.048714435591902,0.0477870531705866,0.0293082919806276
"723",45,0,1,"direct","ISTK",0.0267719644953044,0.0595930930791493,0.030123798536955
"724",55,0,1,"direct","ISTK",0.0289008977491225,0.0259997200633342,0.0139358471971287
"725",65,0,1,"direct","ISTK",0.0316126167343507,0.0284150682779086,0.0177715188632538
"726",75,0,1,"direct","ISTK",0.0148101932994246,0.00906359848546789,0.0139510138717146
"727",25,1,1,"direct","ISTK",0.0637456900822996,0.0241019552650813,0.0515136053728671
"728",35,1,1,"direct","ISTK",0.0518003095196203,0.0366957055415305,0.0414075183069924
"729",45,1,1,"direct","ISTK",0.0509612243420472,0.0460385315327348,0.0515665250329852
"730",55,1,1,"direct","ISTK",0.0288688241351427,0.0179637947202781,0.0235935163204042
"731",65,1,1,"direct","ISTK",0.0212063039802303,0.0255368886854258,0.0132518270352777
"732",75,1,1,"direct","ISTK",0.0103950644872396,0.0206349812473401,0.013224326081466
"733",25,0,2,"direct","ISTK",0.0549902633593146,0.0106041946343876,0.04709649673148
"734",35,0,2,"direct","ISTK",0.0936528975363469,0.0404874350386001,0.0170901131043983
"735",45,0,2,"direct","ISTK",0.0536614421233884,0.045537642531864,0.0166450188128349
"736",55,0,2,"direct","ISTK",0.0162522432470432,0.0152028369216985,0.0334679581483011
"737",65,0,2,"direct","ISTK",0.0251581221223073,0.0213395970194784,0.0217340320198818
"738",75,0,2,"direct","ISTK",0.0063522202235039,0.00677755378131595,0.00851282981589685
"739",25,1,2,"direct","ISTK",0.0408262222678851,0.0495272087093631,0.0714811651263975
"740",35,1,2,"direct","ISTK",0.0381880950304559,0.0331025699937256,0.064119173810312
"741",45,1,2,"direct","ISTK",0.0270696307339807,0.0433343710055846,0.0337259850835887
"742",55,1,2,"direct","ISTK",0.0299826928823612,0.0260074644528482,0.0245110075630247
"743",65,1,2,"direct","ISTK",0.0190122783789424,0.0178509410465157,0.019609952985708
"744",75,1,2,"direct","ISTK",0,0.00587854590634418,0.02479241711463
"745",25,0,3,"direct","ISTK",0.0155137977935584,0.0214307303128097,0.0370642100445863
"746",35,0,3,"direct","ISTK",0.0257114241089178,0.00147504813630861,0.00421740416121996
"747",45,0,3,"direct","ISTK",0.00728656375357084,0,0.00175615786801342
"748",55,0,3,"direct","ISTK",0.0116731915259175,0.00458915675314719,0.0122948787504784
"749",65,0,3,"direct","ISTK",0.00312063696791165,0,0.00695212099677134
"750",75,0,3,"direct","ISTK",0,0,0.000248783583715828
"751",25,1,3,"direct","ISTK",0.0065016936260669,0.0293895181514499,0.0312854148567068
"752",35,1,3,"direct","ISTK",0.0112380446482878,0.0158148259158342,0.0125264385728769
"753",45,1,3,"direct","ISTK",0.0145333927833844,0.000485136056358026,0.0229093079397026
"754",55,1,3,"direct","ISTK",0.0195440535783394,0.0207062878080548,0.0155942060280596
"755",65,1,3,"direct","ISTK",0.00664226584439465,0.00284454561060055,0.002057356742585
"756",75,1,3,"direct","ISTK",0.0050990213892077,0.0210746505720384,0.0041692284715894
"757",25,0,4,"direct","ISTK",0.0294030226450555,0.00967666448181914,0.0347924978649301
"758",35,0,4,"direct","ISTK",0.00147700889491809,0.0194043616630534,0
"759",45,0,4,"direct","ISTK",0.0434658737972954,0.0512039180868598,0.0283292540312224
"760",55,0,4,"direct","ISTK",0.00522656338266969,0.00447184573105075,0.0143491135908383
"761",65,0,4,"direct","ISTK",0.00220130409119312,0.00170038830498209,5.82256320214025e-06
"762",75,0,4,"direct","ISTK",0.00542873678880162,0.0157918796344512,0.00596416569861646
"763",25,1,4,"direct","ISTK",0.0208083871835111,0.0297348387709399,0.0740021482833578
"764",35,1,4,"direct","ISTK",0.0312538283263554,0.0234248279321246,0.0538761345419754
"765",45,1,4,"direct","ISTK",0.0378251376157973,0.0494958417092053,0.0508463224152259
"766",55,1,4,"direct","ISTK",0.014365668578699,0.0205392532036847,0.00824401291248034
"767",65,1,4,"direct","ISTK",0.0141659437675234,0.027209397885539,0.0212695475634308
"768",75,1,4,"direct","ISTK",0.00545184578225633,0.0108018905397581,0.0222264454500309
"769",25,0,1,"medBMI","ISTK",0.0104922068685174,0.0138126284029964,0.0184565805652726
"770",35,0,1,"medBMI","ISTK",0.0139145547444145,0.0103479756932164,0.00813520570307791
"771",45,0,1,"medBMI","ISTK",0.0101798826509063,0.010521890588518,0.010985893647505
"772",55,0,1,"medBMI","ISTK",0.010020956919443,0.0060427572755376,0.00679449589553993
"773",65,0,1,"medBMI","ISTK",0.00707268284264051,0.00527389446849047,0.00723053526406681
"774",75,0,1,"medBMI","ISTK",0.0043493968922419,0.00296504066451075,0.00473625123773114
"775",25,1,1,"medBMI","ISTK",0.012997273726682,0.010021916646053,0.0114166504919776
"776",35,1,1,"medBMI","ISTK",0.0117010768249926,0.0173838715286637,0.0151657005876918
"777",45,1,1,"medBMI","ISTK",0.0132509793507644,0.0111697507078146,0.0135341721511721
"778",55,1,1,"medBMI","ISTK",0.00809499143909831,0.00339521539133347,0.00813423129579061
"779",65,1,1,"medBMI","ISTK",0.00724196188209036,0.00405478888071897,0.0055859498532016
"780",75,1,1,"medBMI","ISTK",0.00610328598150911,0.0033549166690342,0.00248479575086891
"781",25,0,2,"medBMI","ISTK",0.022960188948365,0.0122501409849844,0.0133308374765926
"782",35,0,2,"medBMI","ISTK",0.0146846296139583,0.0113123901741804,0.00835407151145862
"783",45,0,2,"medBMI","ISTK",0.0122656300457616,0.00978564341810828,0.00354638513069705
"784",55,0,2,"medBMI","ISTK",0.00809964466250768,0.00301444762736558,0.00375189351399152
"785",65,0,2,"medBMI","ISTK",0.00570742581608519,0.00570603494305022,0.00565030747028328
"786",75,0,2,"medBMI","ISTK",0.00158798333968235,0.00154434325789243,0.00182410908545028
"787",25,1,2,"medBMI","ISTK",0.00897659367018722,0.0141537782530313,0.00982415720144059
"788",35,1,2,"medBMI","ISTK",0.0122310359945338,0.00544989179502853,0.0193286193225743
"789",45,1,2,"medBMI","ISTK",0.00750173456886161,0.0113529913412448,0.013685777699434
"790",55,1,2,"medBMI","ISTK",0.00859205073413805,0.0105086642439054,0.00633238142693282
"791",65,1,2,"medBMI","ISTK",0.00278427063339337,0.00652973071715279,0.00519737928852493
"792",75,1,2,"medBMI","ISTK",0,0.00104293100529662,0.00443334373086024
"793",25,0,3,"medBMI","ISTK",0.00605099406765497,0.00456828781426544,0.00437442054621096
"794",35,0,3,"medBMI","ISTK",0.00456622973813381,0.000175351796251833,0.000973503590551039
"795",45,0,3,"medBMI","ISTK",0.00299578949349966,0,0.000485710923061933
"796",55,0,3,"medBMI","ISTK",0.00279308022113656,0.00195951060521538,0.00382670844343924
"797",65,0,3,"medBMI","ISTK",0.00142858697493542,0,0.00139145659558859
"798",75,0,3,"medBMI","ISTK",0,0,0
"799",25,1,3,"medBMI","ISTK",0.00580211291266597,0.0081998000157304,0.0141764795118856
"800",35,1,3,"medBMI","ISTK",0.00137144443630677,0.0028351289962556,0.00232880842352845
"801",45,1,3,"medBMI","ISTK",0.00415222672354043,0.00514122444960297,0.00558091012443618
"802",55,1,3,"medBMI","ISTK",0.00482606122316054,0.00383600126674766,0.00663475593720142
"803",65,1,3,"medBMI","ISTK",0.00104378037823816,0.0023261828711153,0.000810326128172445
"804",75,1,3,"medBMI","ISTK",0.00147015644790516,0.00374260154227435,0.00191281531288678
"805",25,0,4,"medBMI","ISTK",0.0061874963946893,0.00762023437272097,0.015633805040363
"806",35,0,4,"medBMI","ISTK",0.000301663809388675,0.00473882705082973,0
"807",45,0,4,"medBMI","ISTK",0.0061096292201539,0.00956119511274878,0.0122753106367048
"808",55,0,4,"medBMI","ISTK",0.00160805189333846,0.00128890027415818,0.00238314937212492
"809",65,0,4,"medBMI","ISTK",0.000621528166559804,0.000450670947363063,0
"810",75,0,4,"medBMI","ISTK",0.000864742820803843,0.00320050551140183,0.000411231720392591
"811",25,1,4,"medBMI","ISTK",0.00951061847256218,0.0150689588632787,0.0127188180719509
"812",35,1,4,"medBMI","ISTK",0.0107859508276198,0.012450356745905,0.00932444723220427
"813",45,1,4,"medBMI","ISTK",0.005712260250475,0.0103051297079743,0.0071674883257995
"814",55,1,4,"medBMI","ISTK",0.00279145243869328,0.00351277134293115,0.0049036296522551
"815",65,1,4,"medBMI","ISTK",0.00401004284177742,0.00531534679236545,0.00277402357572387
"816",75,1,4,"medBMI","ISTK",0.000742094701598917,0.00227640613629609,0.00409370015475108
"817",25,0,1,"medSBP","ISTK",0,0,0
"818",35,0,1,"medSBP","ISTK",0,0,0
"819",45,0,1,"medSBP","ISTK",0,0,0
"820",55,0,1,"medSBP","ISTK",0,0,0
"821",65,0,1,"medSBP","ISTK",0,0,0
"822",75,0,1,"medSBP","ISTK",0,0,0
"823",25,1,1,"medSBP","ISTK",0,0,0
"824",35,1,1,"medSBP","ISTK",0,0,0
"825",45,1,1,"medSBP","ISTK",0,0,0
"826",55,1,1,"medSBP","ISTK",0,0,0
"827",65,1,1,"medSBP","ISTK",0,0,0
"828",75,1,1,"medSBP","ISTK",0,0,0
"829",25,0,2,"medSBP","ISTK",0,0,0
"830",35,0,2,"medSBP","ISTK",0,0,0
"831",45,0,2,"medSBP","ISTK",0,0,0
"832",55,0,2,"medSBP","ISTK",0,0,0
"833",65,0,2,"medSBP","ISTK",0,0,0
"834",75,0,2,"medSBP","ISTK",0,0,0
"835",25,1,2,"medSBP","ISTK",0,0,0
"836",35,1,2,"medSBP","ISTK",0,0,0
"837",45,1,2,"medSBP","ISTK",0,0,0
"838",55,1,2,"medSBP","ISTK",0,0,0
"839",65,1,2,"medSBP","ISTK",0,0,0
"840",75,1,2,"medSBP","ISTK",0,0,0
"841",25,0,3,"medSBP","ISTK",0,0,0
"842",35,0,3,"medSBP","ISTK",0,0,0
"843",45,0,3,"medSBP","ISTK",0,0,0
"844",55,0,3,"medSBP","ISTK",0,0,0
"845",65,0,3,"medSBP","ISTK",0,0,0
"846",75,0,3,"medSBP","ISTK",0,0,0
"847",25,1,3,"medSBP","ISTK",0,0,0
"848",35,1,3,"medSBP","ISTK",0,0,0
"849",45,1,3,"medSBP","ISTK",0,0,0
"850",55,1,3,"medSBP","ISTK",0,0,0
"851",65,1,3,"medSBP","ISTK",0,0,0
"852",75,1,3,"medSBP","ISTK",0,0,0
"853",25,0,4,"medSBP","ISTK",0,0,0
"854",35,0,4,"medSBP","ISTK",0,0,0
"855",45,0,4,"medSBP","ISTK",0,0,0
"856",55,0,4,"medSBP","ISTK",0,0,0
"857",65,0,4,"medSBP","ISTK",0,0,0
"858",75,0,4,"medSBP","ISTK",0,0,0
"859",25,1,4,"medSBP","ISTK",0,0,0
"860",35,1,4,"medSBP","ISTK",0,0,0
"861",45,1,4,"medSBP","ISTK",0,0,0
"862",55,1,4,"medSBP","ISTK",0,0,0
"863",65,1,4,"medSBP","ISTK",0,0,0
"864",75,1,4,"medSBP","ISTK",0,0,0
"865",25,0,1,"direct","OSTK",0.0544173749848652,0.0328787345357103,0.0330511440327166
"866",35,0,1,"direct","OSTK",0.0443503324936063,0.0373424394187156,0.0314863878842347
"867",45,0,1,"direct","OSTK",0.016935937573954,0.0579641601128651,0.0167973784062967
"868",55,0,1,"direct","OSTK",0.0236558592008455,0.0314882436740997,0.0258470023036786
"869",65,0,1,"direct","OSTK",0.0380872265027402,0.0286358745301825,0.0403965558264427
"870",75,0,1,"direct","OSTK",0.0118457957741942,0.0214046840831182,0.0152975377723794
"871",25,1,1,"direct","OSTK",0.0468737268500641,0.0315483259336464,0.0239332034950431
"872",35,1,1,"direct","OSTK",0.0247640608938337,0.0577025782404238,0.0495320820970638
"873",45,1,1,"direct","OSTK",0.0443246889906604,0.046277307342762,0.0567640708425697
"874",55,1,1,"direct","OSTK",0.0355220645305105,0.0269946693676411,0.0335231100512601
"875",65,1,1,"direct","OSTK",0.0255883541628255,0.0282341144304284,0.0220338922957646
"876",75,1,1,"direct","OSTK",0.0178753507328016,0.0165923199648855,0.010286006314955
"877",25,0,2,"direct","OSTK",0.0622656209566768,0.0649151427833431,0.0475466035420734
"878",35,0,2,"direct","OSTK",0.0593415769946321,0.0548661913773796,0.0586424847000599
"879",45,0,2,"direct","OSTK",0.0303654565044508,0.0370775655479832,0.0268940758898053
"880",55,0,2,"direct","OSTK",0.0253099954330291,0.0176728548945669,0.0143714722433356
"881",65,0,2,"direct","OSTK",0.0240399701755757,0.024485341683146,0.031921720190894
"882",75,0,2,"direct","OSTK",0.00585985677251655,0.00825407895980823,0.00788626484341037
"883",25,1,2,"direct","OSTK",0.0572094669688828,0.0310672234254566,0.0365327517941378
"884",35,1,2,"direct","OSTK",0.0568636024460329,0.0204380653103536,0.0689445264046328
"885",45,1,2,"direct","OSTK",0.0427538081048964,0.0529801315921148,0.0412335001674761
"886",55,1,2,"direct","OSTK",0.00990433354425002,0.0424178400011268,0.0226821615984621
"887",65,1,2,"direct","OSTK",0.0167000439494422,0.00812452856335699,0.0176077497093114
"888",75,1,2,"direct","OSTK",0,0.00521754601907554,0.0213435698528378
"889",25,0,3,"direct","OSTK",0.0151342451429635,0.0250068519606798,0.0163841385163418
"890",35,0,3,"direct","OSTK",0.0156231032120717,0.000779596838611396,0.00791919724050238
"891",45,0,3,"direct","OSTK",0.0128237757440759,0,0.000733765768678896
"892",55,0,3,"direct","OSTK",0.00541025997986733,0.00544833514345389,0.0142087645374024
"893",65,0,3,"direct","OSTK",0.00394455966229779,0,0.00864339518510882
"894",75,0,3,"direct","OSTK",0,0,2.13286297210402e-05
"895",25,1,3,"direct","OSTK",0.0361107549268828,0.022424443166336,0.0184018126116684
"896",35,1,3,"direct","OSTK",0.00631628287546038,0.0104114041376697,0.00549484625055652
"897",45,1,3,"direct","OSTK",0.0187144211081257,0.011478479455977,0.0436324982105917
"898",55,1,3,"direct","OSTK",0.0235105150592476,0.0257752008116721,0.0214325764740405
"899",65,1,3,"direct","OSTK",0.00364267708806476,0.00844219787889378,0.00210278018822962
"900",75,1,3,"direct","OSTK",0.00559552354738668,0.0128683062860964,0.00438121927668966
"901",25,0,4,"direct","OSTK",0.0322603557675653,0.0287894374931453,0.0428156575799471
"902",35,0,4,"direct","OSTK",0.0012868324937152,0.0210896023040987,0
"903",45,0,4,"direct","OSTK",0.030719641383302,0.032144649327472,0.0324285769593601
"904",55,0,4,"direct","OSTK",0.00636351207371144,0.00532828844646949,0.015106591290811
"905",65,0,4,"direct","OSTK",0.00422205864163927,0.00250111974187639,0
"906",75,0,4,"direct","OSTK",0.00527854298051944,0.0110849114097176,0.00523922748311034
"907",25,1,4,"direct","OSTK",0.0200819602946348,0.0292092789496978,0.0536023984734205
"908",35,1,4,"direct","OSTK",0.0317135624076748,0.0528701533026515,0.0326745248879106
"909",45,1,4,"direct","OSTK",0.0127045210424441,0.0263793782682981,0.0329447282149619
"910",55,1,4,"direct","OSTK",0.0144578656077039,0.0146644259979741,0.0240250567983245
"911",65,1,4,"direct","OSTK",0.0283347741304324,0.0150453576416081,0.0234853393472649
"912",75,1,4,"direct","OSTK",0.00361954700315847,0.00828529594277916,0.0187109275658186
"913",25,0,1,"medBMI","OSTK",0.00940137698526455,0.00966724583968137,0.00773344357628292
"914",35,0,1,"medBMI","OSTK",0.00974272762636708,0.0122460141486666,0.00666880738042941
"915",45,0,1,"medBMI","OSTK",0.0080404228422114,0.0093469828890369,0.00730703404472
"916",55,0,1,"medBMI","OSTK",0.00490140368855874,0.00672849158995081,0.00652578126417891
"917",65,0,1,"medBMI","OSTK",0.00931468428832227,0.00839339873594969,0.00728356805032382
"918",75,0,1,"medBMI","OSTK",0.00335617488738538,0.00384206345211302,0.00300350400109362
"919",25,1,1,"medBMI","OSTK",0.0114966702824376,0.00735642578895879,0.00352135723098446
"920",35,1,1,"medBMI","OSTK",0.0123765301161805,0.00904517887984824,0.00876385827075488
"921",45,1,1,"medBMI","OSTK",0.0130260362223099,0.00729310574558095,0.0102561451325583
"922",55,1,1,"medBMI","OSTK",0.0077057906375213,0.00318667757158386,0.00443080194448775
"923",65,1,1,"medBMI","OSTK",0.00475473740096799,0.00495643174859672,0.00574795621262592
"924",75,1,1,"medBMI","OSTK",0.00427083555323204,0.004194287423952,0.00424069595277587
"925",25,0,2,"medBMI","OSTK",0.0170755549814934,0.0120925442868991,0.00308838453405724
"926",35,0,2,"medBMI","OSTK",0.0137344700254832,0.0126015826482901,0.0130015649811418
"927",45,0,2,"medBMI","OSTK",0.0143348989912888,0.00629333928146902,0.00429849503441448
"928",55,0,2,"medBMI","OSTK",0.00646502946397098,0.00458709962997783,0.00632766925825778
"929",65,0,2,"medBMI","OSTK",0.00390500648214254,0.00506562870947758,0.00538799746094609
"930",75,0,2,"medBMI","OSTK",0.00205607422616794,0.00189673968584003,0.00207316589728013
"931",25,1,2,"medBMI","OSTK",0.00758909450237999,0.00929076030785547,0.0140941183740033
"932",35,1,2,"medBMI","OSTK",0.0151074540947094,0.0146479149956987,0.0111837403091113
"933",45,1,2,"medBMI","OSTK",0.0089364881301055,0.00752441609316135,0.00746175069792399
"934",55,1,2,"medBMI","OSTK",0.00675712591092148,0.00607780567787419,0.00607377248893037
"935",65,1,2,"medBMI","OSTK",0.00358797597178584,0.00324046252637478,0.00533186640931427
"936",75,1,2,"medBMI","OSTK",0,0.00143435609624565,0.00325536245447544
"937",25,0,3,"medBMI","OSTK",0.00328777227272925,0.00696514215459121,0.00511767722696155
"938",35,0,3,"medBMI","OSTK",0.00686163570437792,0.000181881988419508,0.000462487038252468
"939",45,0,3,"medBMI","OSTK",0.00164526770869655,0,0.000265584619727366
"940",55,0,3,"medBMI","OSTK",0.00146975746361933,0.00139205667551923,0.00195832920468653
"941",65,0,3,"medBMI","OSTK",0.00124906568062944,0,0.00177968133659256
"942",75,0,3,"medBMI","OSTK",0,0,1.62820936733254e-06
"943",25,1,3,"medBMI","OSTK",0.00268116413426644,0.00636606432055431,0.0032205399760058
"944",35,1,3,"medBMI","OSTK",0.00212777515427787,0.00223217832543876,0.00140695999344276
"945",45,1,3,"medBMI","OSTK",0.00408121053865962,0.00323771315623478,0.00401166105050765
"946",55,1,3,"medBMI","OSTK",0.00301226835200741,0.00430684728431197,0.00736391168402151
"947",65,1,3,"medBMI","OSTK",0.000142396961417379,0.00158438427189012,0.000451419708146439
"948",75,1,3,"medBMI","OSTK",0.00179648341536787,0.0020774119450464,0.00172599422737263
"949",25,0,4,"medBMI","OSTK",0.00468104470998465,0.00701094296869953,0.0112601814854232
"950",35,0,4,"medBMI","OSTK",0.000232949189895137,0.00696726402828529,0
"951",45,0,4,"medBMI","OSTK",0.007957502195995,0.00123535917964679,0.00848649883826003
"952",55,0,4,"medBMI","OSTK",0.00170036578672961,0.00128415219315225,0.00227649064751656
"953",65,0,4,"medBMI","OSTK",0.00081628804074485,0.000544277270574267,0
"954",75,0,4,"medBMI","OSTK",0.00125384885581048,0.00174003837732806,0.00188074175358433
"955",25,1,4,"medBMI","OSTK",0.00520483599842803,0.00916223717251197,0.0111502642934158
"956",35,1,4,"medBMI","OSTK",0.00612586758809786,0.00565809820830765,0.00834350273219986
"957",45,1,4,"medBMI","OSTK",0.00611869388260555,0.00983531053575437,0.00771870680256626
"958",55,1,4,"medBMI","OSTK",0.00397310122930061,0.00331822271385729,0.00445554692292216
"959",65,1,4,"medBMI","OSTK",0.00499633696260737,0.0053218292762196,0.00398509809264658
"960",75,1,4,"medBMI","OSTK",0.000689227222812394,0.00428115619235425,0.00362140649687492
"961",25,0,1,"medSBP","OSTK",0,0,0
"962",35,0,1,"medSBP","OSTK",0,0,0
"963",45,0,1,"medSBP","OSTK",0,0,0
"964",55,0,1,"medSBP","OSTK",0,0,0
"965",65,0,1,"medSBP","OSTK",0,0,0
"966",75,0,1,"medSBP","OSTK",0,0,0
"967",25,1,1,"medSBP","OSTK",0,0,0
"968",35,1,1,"medSBP","OSTK",0,0,0
"969",45,1,1,"medSBP","OSTK",0,0,0
"970",55,1,1,"medSBP","OSTK",0,0,0
"971",65,1,1,"medSBP","OSTK",0,0,0
"972",75,1,1,"medSBP","OSTK",0,0,0
"973",25,0,2,"medSBP","OSTK",0,0,0
"974",35,0,2,"medSBP","OSTK",0,0,0
"975",45,0,2,"medSBP","OSTK",0,0,0
"976",55,0,2,"medSBP","OSTK",0,0,0
"977",65,0,2,"medSBP","OSTK",0,0,0
"978",75,0,2,"medSBP","OSTK",0,0,0
"979",25,1,2,"medSBP","OSTK",0,0,0
"980",35,1,2,"medSBP","OSTK",0,0,0
"981",45,1,2,"medSBP","OSTK",0,0,0
"982",55,1,2,"medSBP","OSTK",0,0,0
"983",65,1,2,"medSBP","OSTK",0,0,0
"984",75,1,2,"medSBP","OSTK",0,0,0
"985",25,0,3,"medSBP","OSTK",0,0,0
"986",35,0,3,"medSBP","OSTK",0,0,0
"987",45,0,3,"medSBP","OSTK",0,0,0
"988",55,0,3,"medSBP","OSTK",0,0,0
"989",65,0,3,"medSBP","OSTK",0,0,0
"990",75,0,3,"medSBP","OSTK",0,0,0
"991",25,1,3,"medSBP","OSTK",0,0,0
"992",35,1,3,"medSBP","OSTK",0,0,0
"993",45,1,3,"medSBP","OSTK",0,0,0
"994",55,1,3,"medSBP","OSTK",0,0,0
"995",65,1,3,"medSBP","OSTK",0,0,0
"996",75,1,3,"medSBP","OSTK",0,0,0
"997",25,0,4,"medSBP","OSTK",0,0,0
"998",35,0,4,"medSBP","OSTK",0,0,0
"999",45,0,4,"medSBP","OSTK",0,0,0
"1000",55,0,4,"medSBP","OSTK",0,0,0
"1001",65,0,4,"medSBP","OSTK",0,0,0
"1002",75,0,4,"medSBP","OSTK",0,0,0
"1003",25,1,4,"medSBP","OSTK",0,0,0
"1004",35,1,4,"medSBP","OSTK",0,0,0
"1005",45,1,4,"medSBP","OSTK",0,0,0
"1006",55,1,4,"medSBP","OSTK",0,0,0
"1007",65,1,4,"medSBP","OSTK",0,0,0
"1008",75,1,4,"medSBP","OSTK",0,0,0
"1009",25,0,1,"direct","Other_CVD",0,0,0
"1010",35,0,1,"direct","Other_CVD",0,0,0
"1011",45,0,1,"direct","Other_CVD",0,0,0
"1012",55,0,1,"direct","Other_CVD",0,0,0
"1013",65,0,1,"direct","Other_CVD",0,0,0
"1014",75,0,1,"direct","Other_CVD",0,0,0
"1015",25,1,1,"direct","Other_CVD",0,0,0
"1016",35,1,1,"direct","Other_CVD",0,0,0
"1017",45,1,1,"direct","Other_CVD",0,0,0
"1018",55,1,1,"direct","Other_CVD",0,0,0
"1019",65,1,1,"direct","Other_CVD",0,0,0
"1020",75,1,1,"direct","Other_CVD",0,0,0
"1021",25,0,2,"direct","Other_CVD",0,0,0
"1022",35,0,2,"direct","Other_CVD",0,0,0
"1023",45,0,2,"direct","Other_CVD",0,0,0
"1024",55,0,2,"direct","Other_CVD",0,0,0
"1025",65,0,2,"direct","Other_CVD",0,0,0
"1026",75,0,2,"direct","Other_CVD",0,0,0
"1027",25,1,2,"direct","Other_CVD",0,0,0
"1028",35,1,2,"direct","Other_CVD",0,0,0
"1029",45,1,2,"direct","Other_CVD",0,0,0
"1030",55,1,2,"direct","Other_CVD",0,0,0
"1031",65,1,2,"direct","Other_CVD",0,0,0
"1032",75,1,2,"direct","Other_CVD",0,0,0
"1033",25,0,3,"direct","Other_CVD",0,0,0
"1034",35,0,3,"direct","Other_CVD",0,0,0
"1035",45,0,3,"direct","Other_CVD",0,0,0
"1036",55,0,3,"direct","Other_CVD",0,0,0
"1037",65,0,3,"direct","Other_CVD",0,0,0
"1038",75,0,3,"direct","Other_CVD",0,0,0
"1039",25,1,3,"direct","Other_CVD",0,0,0
"1040",35,1,3,"direct","Other_CVD",0,0,0
"1041",45,1,3,"direct","Other_CVD",0,0,0
"1042",55,1,3,"direct","Other_CVD",0,0,0
"1043",65,1,3,"direct","Other_CVD",0,0,0
"1044",75,1,3,"direct","Other_CVD",0,0,0
"1045",25,0,4,"direct","Other_CVD",0,0,0
"1046",35,0,4,"direct","Other_CVD",0,0,0
"1047",45,0,4,"direct","Other_CVD",0,0,0
"1048",55,0,4,"direct","Other_CVD",0,0,0
"1049",65,0,4,"direct","Other_CVD",0,0,0
"1050",75,0,4,"direct","Other_CVD",0,0,0
"1051",25,1,4,"direct","Other_CVD",0,0,0
"1052",35,1,4,"direct","Other_CVD",0,0,0
"1053",45,1,4,"direct","Other_CVD",0,0,0
"1054",55,1,4,"direct","Other_CVD",0,0,0
"1055",65,1,4,"direct","Other_CVD",0,0,0
"1056",75,1,4,"direct","Other_CVD",0,0,0
"1057",25,0,1,"medBMI","Other_CVD",0.0662426675892436,0.0530303795472348,0.0642886633885553
"1058",35,0,1,"medBMI","Other_CVD",0.0537783483901819,0.0680095143570169,0.0595197014133959
"1059",45,0,1,"medBMI","Other_CVD",0.0538341989041853,0.0713011396316572,0.0367584948572464
"1060",55,0,1,"medBMI","Other_CVD",0.0454109735258142,0.0401263104135692,0.0341077201924506
"1061",65,0,1,"medBMI","Other_CVD",0.0481232465780449,0.0466440206674925,0.0393815263633562
"1062",75,0,1,"medBMI","Other_CVD",0.0288088448632814,0.0312433266541632,0.0283062659725984
"1063",25,1,1,"medBMI","Other_CVD",0.0774547137209897,0.0685032440038641,0.0547433020297741
"1064",35,1,1,"medBMI","Other_CVD",0.058439182384765,0.0689418712599077,0.0624291865368339
"1065",45,1,1,"medBMI","Other_CVD",0.0650570257166514,0.0577420824191508,0.0618393787676937
"1066",55,1,1,"medBMI","Other_CVD",0.0508219768410699,0.0342387041448139,0.0355559123353804
"1067",65,1,1,"medBMI","Other_CVD",0.0395906655801523,0.0321371810525682,0.0388697602025688
"1068",75,1,1,"medBMI","Other_CVD",0.0274629996879505,0.0297190398876029,0.0264094598678167
"1069",25,0,2,"medBMI","Other_CVD",0.119931784385546,0.0891497646683233,0.0615849451358544
"1070",35,0,2,"medBMI","Other_CVD",0.101462219756296,0.0930383879419691,0.0661298161735295
"1071",45,0,2,"medBMI","Other_CVD",0.0632577172602989,0.0666060493447951,0.0350549595508951
"1072",55,0,2,"medBMI","Other_CVD",0.0472793367905439,0.0316511015882749,0.0435646242896167
"1073",65,0,2,"medBMI","Other_CVD",0.0349506798414416,0.0299371444412582,0.0347421937906973
"1074",75,0,2,"medBMI","Other_CVD",0.0114702230519814,0.0137378421850631,0.0131330034200318
"1075",25,1,2,"medBMI","Other_CVD",0.105669685962113,0.0701843804434177,0.0574045573166209
"1076",35,1,2,"medBMI","Other_CVD",0.0762798901781852,0.0639433708570671,0.0560033379123489
"1077",45,1,2,"medBMI","Other_CVD",0.0614201607244661,0.0550106367326202,0.0667632531091917
"1078",55,1,2,"medBMI","Other_CVD",0.0435565565298094,0.0526741946111189,0.031343538798569
"1079",65,1,2,"medBMI","Other_CVD",0.0336374137521049,0.0307391532602346,0.0239542599989399
"1080",75,1,2,"medBMI","Other_CVD",0,0.00986432971708573,0.0424483717143208
"1081",25,0,3,"medBMI","Other_CVD",0.0198943065447131,0.0389193011123919,0.0306824427557204
"1082",35,0,3,"medBMI","Other_CVD",0.0327268012614438,0.000693812175015629,0.00644673082834024
"1083",45,0,3,"medBMI","Other_CVD",0.0178931744208133,0,0.00221030909430475
"1084",55,0,3,"medBMI","Other_CVD",0.017819665265111,0.0103312939227316,0.0223136258737732
"1085",65,0,3,"medBMI","Other_CVD",0.0111177797062835,0,0.00953452210850736
"1086",75,0,3,"medBMI","Other_CVD",0,0,1.84605736253118e-08
"1087",25,1,3,"medBMI","Other_CVD",0.0381396647308913,0.0516975710045933,0.05218551202642
"1088",35,1,3,"medBMI","Other_CVD",0.0118908791908872,0.0141467578545025,0.0156805507434515
"1089",45,1,3,"medBMI","Other_CVD",0.0260974379537677,0.0199720548419515,0.0405261552609185
"1090",55,1,3,"medBMI","Other_CVD",0.031757048451028,0.0263725049356657,0.03761331246077
"1091",65,1,3,"medBMI","Other_CVD",0.00737829057076433,0.0143288818660715,0.00410209755086577
"1092",75,1,3,"medBMI","Other_CVD",0.0115539919545765,0.0355328544133163,0.0100084671111687
"1093",25,0,4,"medBMI","Other_CVD",0.0418179733652123,0.0461785710090755,0.0873332365365607
"1094",35,0,4,"medBMI","Other_CVD",0.00195908113721932,0.0437361937063895,0
"1095",45,0,4,"medBMI","Other_CVD",0.0550727636373112,0.0644127797410955,0.0472826460278469
"1096",55,0,4,"medBMI","Other_CVD",0.010941255994133,0.00715018839673498,0.0184341200845614
"1097",65,0,4,"medBMI","Other_CVD",0.00484055327622268,0.00324702989337466,0
"1098",75,0,4,"medBMI","Other_CVD",0.0132203256480168,0.020265177369542,0.00979538925846413
"1099",25,1,4,"medBMI","Other_CVD",0.0413714311426923,0.0682232581008043,0.0744628880940381
"1100",35,1,4,"medBMI","Other_CVD",0.0497698883064186,0.066339413987472,0.0782352481365274
"1101",45,1,4,"medBMI","Other_CVD",0.0386537874603088,0.0487546070560496,0.0502183236792475
"1102",55,1,4,"medBMI","Other_CVD",0.0321862455194876,0.0240834216952873,0.0274240659329362
"1103",65,1,4,"medBMI","Other_CVD",0.0317469550102879,0.0284528237929219,0.0432353277276232
"1104",75,1,4,"medBMI","Other_CVD",0.00665719132998033,0.0244825012396489,0.0307040000817331
"1105",25,0,1,"medSBP","Other_CVD",0,0,0
"1106",35,0,1,"medSBP","Other_CVD",0,0,0
"1107",45,0,1,"medSBP","Other_CVD",0,0,0
"1108",55,0,1,"medSBP","Other_CVD",0,0,0
"1109",65,0,1,"medSBP","Other_CVD",0,0,0
"1110",75,0,1,"medSBP","Other_CVD",0,0,0
"1111",25,1,1,"medSBP","Other_CVD",0,0,0
"1112",35,1,1,"medSBP","Other_CVD",0,0,0
"1113",45,1,1,"medSBP","Other_CVD",0,0,0
"1114",55,1,1,"medSBP","Other_CVD",0,0,0
"1115",65,1,1,"medSBP","Other_CVD",0,0,0
"1116",75,1,1,"medSBP","Other_CVD",0,0,0
"1117",25,0,2,"medSBP","Other_CVD",0,0,0
"1118",35,0,2,"medSBP","Other_CVD",0,0,0
"1119",45,0,2,"medSBP","Other_CVD",0,0,0
"1120",55,0,2,"medSBP","Other_CVD",0,0,0
"1121",65,0,2,"medSBP","Other_CVD",0,0,0
"1122",75,0,2,"medSBP","Other_CVD",0,0,0
"1123",25,1,2,"medSBP","Other_CVD",0,0,0
"1124",35,1,2,"medSBP","Other_CVD",0,0,0
"1125",45,1,2,"medSBP","Other_CVD",0,0,0
"1126",55,1,2,"medSBP","Other_CVD",0,0,0
"1127",65,1,2,"medSBP","Other_CVD",0,0,0
"1128",75,1,2,"medSBP","Other_CVD",0,0,0
"1129",25,0,3,"medSBP","Other_CVD",0,0,0
"1130",35,0,3,"medSBP","Other_CVD",0,0,0
"1131",45,0,3,"medSBP","Other_CVD",0,0,0
"1132",55,0,3,"medSBP","Other_CVD",0,0,0
"1133",65,0,3,"medSBP","Other_CVD",0,0,0
"1134",75,0,3,"medSBP","Other_CVD",0,0,0
"1135",25,1,3,"medSBP","Other_CVD",0,0,0
"1136",35,1,3,"medSBP","Other_CVD",0,0,0
"1137",45,1,3,"medSBP","Other_CVD",0,0,0
"1138",55,1,3,"medSBP","Other_CVD",0,0,0
"1139",65,1,3,"medSBP","Other_CVD",0,0,0
"1140",75,1,3,"medSBP","Other_CVD",0,0,0
"1141",25,0,4,"medSBP","Other_CVD",0,0,0
"1142",35,0,4,"medSBP","Other_CVD",0,0,0
"1143",45,0,4,"medSBP","Other_CVD",0,0,0
"1144",55,0,4,"medSBP","Other_CVD",0,0,0
"1145",65,0,4,"medSBP","Other_CVD",0,0,0
"1146",75,0,4,"medSBP","Other_CVD",0,0,0
"1147",25,1,4,"medSBP","Other_CVD",0,0,0
"1148",35,1,4,"medSBP","Other_CVD",0,0,0
"1149",45,1,4,"medSBP","Other_CVD",0,0,0
"1150",55,1,4,"medSBP","Other_CVD",0,0,0
"1151",65,1,4,"medSBP","Other_CVD",0,0,0
"1152",75,1,4,"medSBP","Other_CVD",0,0,0
