Foodgroup,sex_gp,race_gp,age_gp,subgroup_id,population,Mean_Intake,SE_Intake,CF_Mean_Intake,CF_SE_Intake,Intake_unit,GHG_unit,WATER_unit,BLUEWATER_unit,CED_to_intake_conversion,GHG_to_intake_conversion,WATER_to_intake_conversion,BLUEWATER_to_intake_conversion,Food_price_to_intake_conversion,FL_to_intake_conversion,outcome,outcome_unit,X1,X2,X3
added_sugar,Female,NHW,20-34,1,18192633,7.05996697,0.292664447,3.214806388,0,tsp eq/day,kgCO2-eq,L-eq,L,1,1,1,1,1,1,CED,MJ,-1653311.02966936,-1596506.81115887,-1801611.03251653
added_sugar,Female,NHW,20-34,1,18192633,7.05996697,0.292664447,3.214806388,0,tsp eq/day,kgCO2-eq,L-eq,L,1,1,1,1,1,1,Food_price,USD,-5149904.11431176,-4972964.46208192,-5611844.29441677
added_sugar,Female,NHW,20-34,1,18192633,7.05996697,0.292664447,3.214806388,0,tsp eq/day,kgCO2-eq,L-eq,L,1,1,1,1,1,1,FL,mrh-eq,-76072.9648497178,-73459.2610513897,-82896.6179321396
oil,Female,NHW,20-34,1,18192633,12.58021707,0.412117884,11.47132255,0,g/day,kgCO2-eq,L-eq,L,1,1,1,1,1,1,CED,MJ,-179984.794263988,-163008.183710101,-97108.2785641072
oil,Female,NHW,20-34,1,18192633,12.58021707,0.412117884,11.47132255,0,g/day,kgCO2-eq,L-eq,L,1,1,1,1,1,1,Food_price,USD,-24216.3233745879,-21932.1799131441,-13065.5785988722
oil,Female,NHW,20-34,1,18192633,12.58021707,0.412117884,11.47132255,0,g/day,kgCO2-eq,L-eq,L,1,1,1,1,1,1,FL,mrh-eq,-9595.15572232997,-8690.11692409137,-5176.93207673619
sat_fat,Female,NHW,20-34,1,18192633,10.68167737,0.189826181,5.271631225,0,g/day,kgCO2-eq,L-eq,L,1,1,1,1,1,1,CED,MJ,-4782917.55369801,-5039326.95774552,-5288840.2427047
sat_fat,Female,NHW,20-34,1,18192633,10.68167737,0.189826181,5.271631225,0,g/day,kgCO2-eq,L-eq,L,1,1,1,1,1,1,Food_price,USD,-216753.350162488,-228373.370101467,-239680.870140462
sat_fat,Female,NHW,20-34,1,18192633,10.68167737,0.189826181,5.271631225,0,g/day,kgCO2-eq,L-eq,L,1,1,1,1,1,1,FL,mrh-eq,-124663.352166457,-131346.481339539,-137849.868061943
added_sugar,Female,NHB,20-34,2,4596338,9.101918056,0.431751215,3.584539157,0,tsp eq/day,kgCO2-eq,L-eq,L,1,1,1,1,1,1,CED,MJ,-689518.597375579,-670494.255626531,-656515.810872692
added_sugar,Female,NHB,20-34,2,4596338,9.101918056,0.431751215,3.584539157,0,tsp eq/day,kgCO2-eq,L-eq,L,1,1,1,1,1,1,Food_price,USD,-1863050.39875493,-1811647.42337977,-1773878.25055145
added_sugar,Female,NHB,20-34,2,4596338,9.101918056,0.431751215,3.584539157,0,tsp eq/day,kgCO2-eq,L-eq,L,1,1,1,1,1,1,FL,mrh-eq,-27103.5291759916,-26355.7222225433,-25806.258891659
oil,Female,NHB,20-34,2,4596338,19.22382295,0.564513904,16.38911335,0,g/day,kgCO2-eq,L-eq,L,1,1,1,1,1,1,CED,MJ,-131686.026281236,-109459.553569173,-113140.292426431
oil,Female,NHB,20-34,2,4596338,19.22382295,0.564513904,16.38911335,0,g/day,kgCO2-eq,L-eq,L,1,1,1,1,1,1,Food_price,USD,-45499.2984107552,-37819.752272846,-39091.4971980122
oil,Female,NHB,20-34,2,4596338,19.22382295,0.564513904,16.38911335,0,g/day,kgCO2-eq,L-eq,L,1,1,1,1,1,1,FL,mrh-eq,-6783.85033380747,-5638.84604910777,-5828.46056046181
sat_fat,Female,NHB,20-34,2,4596338,13.04730107,0.308124415,6.733276161,0,g/day,kgCO2-eq,L-eq,L,1,1,1,1,1,1,CED,MJ,-1305924.84954489,-1300236.48080769,-1515877.22494794
sat_fat,Female,NHB,20-34,2,4596338,13.04730107,0.308124415,6.733276161,0,g/day,kgCO2-eq,L-eq,L,1,1,1,1,1,1,Food_price,USD,-61308.6777443328,-61041.6284069061,-71165.2192824838
sat_fat,Female,NHB,20-34,2,4596338,13.04730107,0.308124415,6.733276161,0,g/day,kgCO2-eq,L-eq,L,1,1,1,1,1,1,FL,mrh-eq,-34216.6004422069,-34067.5592165065,-39717.5728324344
added_sugar,Female,HIS,20-34,3,6549965,7.336884092,0.318807647,3.076062972,0,tsp eq/day,kgCO2-eq,L-eq,L,1,1,1,1,1,1,CED,MJ,-662218.111668129,-696844.669146973,-650805.256810141
added_sugar,Female,HIS,20-34,3,6549965,7.336884092,0.318807647,3.076062972,0,tsp eq/day,kgCO2-eq,L-eq,L,1,1,1,1,1,1,Food_price,USD,-1513619.09509194,-1592764.3459901,-1487532.9540786
added_sugar,Female,HIS,20-34,3,6549965,7.336884092,0.318807647,3.076062972,0,tsp eq/day,kgCO2-eq,L-eq,L,1,1,1,1,1,1,FL,mrh-eq,-28704.8690700468,-30205.8108009712,-28210.1612107454
oil,Female,HIS,20-34,3,6549965,13.45344601,0.461399773,13.11346723,0,g/day,kgCO2-eq,L-eq,L,1,1,1,1,1,1,CED,MJ,-53397.2157737353,-52162.9163707072,-30499.7931982184
oil,Female,HIS,20-34,3,6549965,13.45344601,0.461399773,13.11346723,0,g/day,kgCO2-eq,L-eq,L,1,1,1,1,1,1,Food_price,USD,-12406.324961682,-12119.5474720304,-7086.33100430898
oil,Female,HIS,20-34,3,6549965,13.45344601,0.461399773,13.11346723,0,g/day,kgCO2-eq,L-eq,L,1,1,1,1,1,1,FL,mrh-eq,-2756.22661190865,-2692.51525894027,-1574.320691679
sat_fat,Female,HIS,20-34,3,6549965,10.6708378,0.23141576,5.712540879,0,g/day,kgCO2-eq,L-eq,L,1,1,1,1,1,1,CED,MJ,-1475032.97543373,-1615328.77883192,-1659568.63693937
sat_fat,Female,HIS,20-34,3,6549965,10.6708378,0.23141576,5.712540879,0,g/day,kgCO2-eq,L-eq,L,1,1,1,1,1,1,Food_price,USD,-70363.8434364176,-77056.4069990691,-79166.7913100409
sat_fat,Female,HIS,20-34,3,6549965,10.6708378,0.23141576,5.712540879,0,g/day,kgCO2-eq,L-eq,L,1,1,1,1,1,1,FL,mrh-eq,-40379.3730458463,-44220.003510746,-45431.0799841316
added_sugar,Female,OTH,20-34,4,3878604,6.183358511,0.397342171,3.187666409,0,tsp eq/day,kgCO2-eq,L-eq,L,1,1,1,1,1,1,CED,MJ,-368637.284864011,-242259.772570461,-290799.8538418
added_sugar,Female,OTH,20-34,4,3878604,6.183358511,0.397342171,3.187666409,0,tsp eq/day,kgCO2-eq,L-eq,L,1,1,1,1,1,1,Food_price,USD,-1089067.95501368,-715709.902194837,-859112.236187928
added_sugar,Female,OTH,20-34,4,3878604,6.183358511,0.397342171,3.187666409,0,tsp eq/day,kgCO2-eq,L-eq,L,1,1,1,1,1,1,FL,mrh-eq,-16759.2448156828,-11013.7823931666,-13220.5453517741
oil,Female,OTH,20-34,4,3878604,12.83657671,0.735115411,11.60708543,0,g/day,kgCO2-eq,L-eq,L,1,1,1,1,1,1,CED,MJ,-51652.9234793951,-24836.7342993713,-72366.8834955512
oil,Female,OTH,20-34,4,3878604,12.83657671,0.735115411,11.60708543,0,g/day,kgCO2-eq,L-eq,L,1,1,1,1,1,1,Food_price,USD,-17217.8573492492,-8279.01538541896,-24122.5973846995
oil,Female,OTH,20-34,4,3878604,12.83657671,0.735115411,11.60708543,0,g/day,kgCO2-eq,L-eq,L,1,1,1,1,1,1,FL,mrh-eq,-2643.74048833794,-1271.21323716619,-3703.93865486321
sat_fat,Female,OTH,20-34,4,3878604,10.00381795,0.275373914,5.735522293,0,g/day,kgCO2-eq,L-eq,L,1,1,1,1,1,1,CED,MJ,-958800.993348327,-828373.569877161,-775972.686999639
sat_fat,Female,OTH,20-34,4,3878604,10.00381795,0.275373914,5.735522293,0,g/day,kgCO2-eq,L-eq,L,1,1,1,1,1,1,Food_price,USD,-52904.482061703,-45707.7902213164,-42816.4273760089
sat_fat,Female,OTH,20-34,4,3878604,10.00381795,0.275373914,5.735522293,0,g/day,kgCO2-eq,L-eq,L,1,1,1,1,1,1,FL,mrh-eq,-25394.3237636898,-21939.8882319492,-20552.0246455255
added_sugar,Male,NHW,20-34,5,19295314,6.859218932,0.352159133,3.752860013,0,tsp eq/day,kgCO2-eq,L-eq,L,1,1,1,1,1,1,CED,MJ,-1688367.7664867,-1537792.966438,-1680191.53966437
added_sugar,Male,NHW,20-34,5,19295314,6.859218932,0.352159133,3.752860013,0,tsp eq/day,kgCO2-eq,L-eq,L,1,1,1,1,1,1,Food_price,USD,-4631289.45284898,-4218254.1549876,-4608861.59453636
added_sugar,Male,NHW,20-34,5,19295314,6.859218932,0.352159133,3.752860013,0,tsp eq/day,kgCO2-eq,L-eq,L,1,1,1,1,1,1,FL,mrh-eq,-69260.684240777,-63083.7636149512,-68925.2768280894
oil,Male,NHW,20-34,5,19295314,12.75400232,0.379034607,13.82964107,0,g/day,kgCO2-eq,L-eq,L,1,1,1,1,1,1,CED,MJ,134638.177738963,133687.713072555,161479.648846972
oil,Male,NHW,20-34,5,19295314,12.75400232,0.379034607,13.82964107,0,g/day,kgCO2-eq,L-eq,L,1,1,1,1,1,1,Food_price,USD,45836.9485727259,45513.3672470874,54975.003999913
oil,Male,NHW,20-34,5,19295314,12.75400232,0.379034607,13.82964107,0,g/day,kgCO2-eq,L-eq,L,1,1,1,1,1,1,FL,mrh-eq,6903.99970971236,6855.26161854706,8280.38129664405
sat_fat,Male,NHW,20-34,5,19295314,11.83471833,0.207061557,6.13362346,0,g/day,kgCO2-eq,L-eq,L,1,1,1,1,1,1,CED,MJ,-5607572.58160483,-5318914.93405654,-5723439.7009335
sat_fat,Male,NHW,20-34,5,19295314,11.83471833,0.207061557,6.13362346,0,g/day,kgCO2-eq,L-eq,L,1,1,1,1,1,1,Food_price,USD,-250533.849213657,-237637.268653565,-255710.533952065
sat_fat,Male,NHW,20-34,5,19295314,11.83471833,0.207061557,6.13362346,0,g/day,kgCO2-eq,L-eq,L,1,1,1,1,1,1,FL,mrh-eq,-152613.794846269,-144757.786143277,-155767.195095899
added_sugar,Male,NHB,20-34,6,4186659,9.056733492,0.532435831,3.801591836,0,tsp eq/day,kgCO2-eq,L-eq,L,1,1,1,1,1,1,CED,MJ,-547600.968079751,-524249.05877031,-540425.767576216
added_sugar,Male,NHB,20-34,6,4186659,9.056733492,0.532435831,3.801591836,0,tsp eq/day,kgCO2-eq,L-eq,L,1,1,1,1,1,1,Food_price,USD,-1395283.12133892,-1335782.63319195,-1377000.76477204
added_sugar,Male,NHB,20-34,6,4186659,9.056733492,0.532435831,3.801591836,0,tsp eq/day,kgCO2-eq,L-eq,L,1,1,1,1,1,1,FL,mrh-eq,-21353.0930625747,-20442.5112306583,-21073.3040683517
oil,Male,NHB,20-34,6,4186659,16.08719987,0.79026991,16.54053299,0,g/day,kgCO2-eq,L-eq,L,1,1,1,1,1,1,CED,MJ,15131.9702168755,60623.6614946162,-4619.50755618757
oil,Male,NHB,20-34,6,4186659,16.08719987,0.79026991,16.54053299,0,g/day,kgCO2-eq,L-eq,L,1,1,1,1,1,1,Food_price,USD,0,0,0
oil,Male,NHB,20-34,6,4186659,16.08719987,0.79026991,16.54053299,0,g/day,kgCO2-eq,L-eq,L,1,1,1,1,1,1,FL,mrh-eq,747.330161009283,2994.05100964432,-228.145923912749
sat_fat,Male,NHB,20-34,6,4186659,12.64334618,0.408350101,6.890261837,0,g/day,kgCO2-eq,L-eq,L,1,1,1,1,1,1,CED,MJ,-1261803.30945097,-1109080.26279018,-1153027.55287306
sat_fat,Male,NHB,20-34,6,4186659,12.64334618,0.408350101,6.890261837,0,g/day,kgCO2-eq,L-eq,L,1,1,1,1,1,1,Food_price,USD,-68145.8849873649,-59897.8109058388,-62271.2608350494
sat_fat,Male,NHB,20-34,6,4186659,12.64334618,0.408350101,6.890261837,0,g/day,kgCO2-eq,L-eq,L,1,1,1,1,1,1,FL,mrh-eq,-33955.1709733024,-29845.3884722664,-31028.0115779442
added_sugar,Male,HIS,20-34,7,6886181,7.543377618,0.378704168,3.653983459,0,tsp eq/day,kgCO2-eq,L-eq,L,1,1,1,1,1,1,CED,MJ,-674031.887894131,-637633.787903201,-680108.338514451
added_sugar,Male,HIS,20-34,7,6886181,7.543377618,0.378704168,3.653983459,0,tsp eq/day,kgCO2-eq,L-eq,L,1,1,1,1,1,1,Food_price,USD,-1686710.19831904,-1595626.90158371,-1701916.02376284
added_sugar,Male,HIS,20-34,7,6886181,7.543377618,0.378704168,3.653983459,0,tsp eq/day,kgCO2-eq,L-eq,L,1,1,1,1,1,1,FL,mrh-eq,-24653.5516831231,-23322.2460647829,-24875.8053956085
oil,Male,HIS,20-34,7,6886181,12.95604257,0.424876448,14.52109379,0,g/day,kgCO2-eq,L-eq,L,1,1,1,1,1,1,CED,MJ,72017.5262442352,161930.745171396,115236.992659629
oil,Male,HIS,20-34,7,6886181,12.95604257,0.424876448,14.52109379,0,g/day,kgCO2-eq,L-eq,L,1,1,1,1,1,1,Food_price,USD,0,0,0
oil,Male,HIS,20-34,7,6886181,12.95604257,0.424876448,14.52109379,0,g/day,kgCO2-eq,L-eq,L,1,1,1,1,1,1,FL,mrh-eq,3773.02343583788,8483.60848222381,6037.30642601822
sat_fat,Male,HIS,20-34,7,6886181,12.01525291,0.262926674,6.612853891,0,g/day,kgCO2-eq,L-eq,L,1,1,1,1,1,1,CED,MJ,-1769796.84635521,-1958640.57167301,-1881161.80322308
sat_fat,Male,HIS,20-34,7,6886181,12.01525291,0.262926674,6.612853891,0,g/day,kgCO2-eq,L-eq,L,1,1,1,1,1,1,Food_price,USD,-89514.1664090718,-99065.6517607494,-95146.8701296937
sat_fat,Male,HIS,20-34,7,6886181,12.01525291,0.262926674,6.612853891,0,g/day,kgCO2-eq,L-eq,L,1,1,1,1,1,1,FL,mrh-eq,-48792.2420226203,-53998.5507405589,-51862.5073694743
added_sugar,Male,OTH,20-34,8,3785306,7.132744133,0.478818472,3.929613666,0,tsp eq/day,kgCO2-eq,L-eq,L,1,1,1,1,1,1,CED,MJ,-373247.884606303,-277154.957628687,-345802.375391909
added_sugar,Male,OTH,20-34,8,3785306,7.132744133,0.478818472,3.929613666,0,tsp eq/day,kgCO2-eq,L-eq,L,1,1,1,1,1,1,Food_price,USD,-837770.438418552,-622085.857518989,-776167.848730961
added_sugar,Male,OTH,20-34,8,3785306,7.132744133,0.478818472,3.929613666,0,tsp eq/day,kgCO2-eq,L-eq,L,1,1,1,1,1,1,FL,mrh-eq,-15960.4599400457,-11851.4284497114,-14786.8619950432
oil,Male,OTH,20-34,8,3785306,12.97224883,0.44975853,13.64435989,0,g/day,kgCO2-eq,L-eq,L,1,1,1,1,1,1,CED,MJ,28812.3027393829,35340.3759578379,39598.2447829416
oil,Male,OTH,20-34,8,3785306,12.97224883,0.44975853,13.64435989,0,g/day,kgCO2-eq,L-eq,L,1,1,1,1,1,1,Food_price,USD,0,0,0
oil,Male,OTH,20-34,8,3785306,12.97224883,0.44975853,13.64435989,0,g/day,kgCO2-eq,L-eq,L,1,1,1,1,1,1,FL,mrh-eq,1526.44966292217,1872.30106029143,2097.8790882483
sat_fat,Male,OTH,20-34,8,3785306,11.31750173,0.362585489,6.444352759,0,g/day,kgCO2-eq,L-eq,L,1,1,1,1,1,1,CED,MJ,-957542.480485458,-840540.91752351,-918949.337942647
sat_fat,Male,OTH,20-34,8,3785306,11.31750173,0.362585489,6.444352759,0,g/day,kgCO2-eq,L-eq,L,1,1,1,1,1,1,Food_price,USD,-54377.1634658816,-47732.8492504747,-52185.5263704197
sat_fat,Male,OTH,20-34,8,3785306,11.31750173,0.362585489,6.444352759,0,g/day,kgCO2-eq,L-eq,L,1,1,1,1,1,1,FL,mrh-eq,-26088.1586577248,-22900.4616103776,-25036.6919643134
added_sugar,Female,NHW,35-44,9,10789518,5.777862837,0.402939376,2.568738521,0,tsp eq/day,kgCO2-eq,L-eq,L,1,1,1,1,1,1,CED,MJ,-935979.276667738,-872469.168437105,-942667.141876141
added_sugar,Female,NHW,35-44,9,10789518,5.777862837,0.402939376,2.568738521,0,tsp eq/day,kgCO2-eq,L-eq,L,1,1,1,1,1,1,Food_price,USD,-2678412.82206734,-2496671.31084348,-2697550.92092592
added_sugar,Female,NHW,35-44,9,10789518,5.777862837,0.402939376,2.568738521,0,tsp eq/day,kgCO2-eq,L-eq,L,1,1,1,1,1,1,FL,mrh-eq,-43884.2721148299,-40906.5407257783,-44197.8389896412
oil,Female,NHW,35-44,9,10789518,12.54775625,0.637613693,10.82740233,0,g/day,kgCO2-eq,L-eq,L,1,1,1,1,1,1,CED,MJ,-153473.151789267,-195611.170326139,-91059.1842705988
oil,Female,NHW,35-44,9,10789518,12.54775625,0.637613693,10.82740233,0,g/day,kgCO2-eq,L-eq,L,1,1,1,1,1,1,Food_price,USD,-53104.9462085517,-67685.589022274,-31508.3975673126
oil,Female,NHW,35-44,9,10789518,12.54775625,0.637613693,10.82740233,0,g/day,kgCO2-eq,L-eq,L,1,1,1,1,1,1,FL,mrh-eq,-7336.86320006622,-9351.29291576908,-4353.13128266468
sat_fat,Female,NHW,35-44,9,10789518,9.842482724,0.262466206,4.727938548,0,g/day,kgCO2-eq,L-eq,L,1,1,1,1,1,1,CED,MJ,-2807949.17449419,-2905428.98864736,-3056306.7518775
sat_fat,Female,NHW,35-44,9,10789518,9.842482724,0.262466206,4.727938548,0,g/day,kgCO2-eq,L-eq,L,1,1,1,1,1,1,Food_price,USD,-140085.201841287,-144948.352344556,-152475.462203752
sat_fat,Female,NHW,35-44,9,10789518,9.842482724,0.262466206,4.727938548,0,g/day,kgCO2-eq,L-eq,L,1,1,1,1,1,1,FL,mrh-eq,-74462.7348789477,-77047.7580065989,-81048.8172083056
added_sugar,Female,NHB,35-44,10,2841551,8.06461754,0.423156193,2.933335162,0,tsp eq/day,kgCO2-eq,L-eq,L,1,1,1,1,1,1,CED,MJ,-320557.022731983,-410979.680849345,-314798.254746144
added_sugar,Female,NHB,35-44,10,2841551,8.06461754,0.423156193,2.933335162,0,tsp eq/day,kgCO2-eq,L-eq,L,1,1,1,1,1,1,Food_price,USD,-748377.835046992,-959480.098676526,-734933.318121268
added_sugar,Female,NHB,35-44,10,2841551,8.06461754,0.423156193,2.933335162,0,tsp eq/day,kgCO2-eq,L-eq,L,1,1,1,1,1,1,FL,mrh-eq,-13389.7553347027,-17166.7347269691,-13149.210006129
oil,Female,NHB,35-44,10,2841551,15.84506597,0.688245977,13.86764283,0,g/day,kgCO2-eq,L-eq,L,1,1,1,1,1,1,CED,MJ,-70079.7718134857,-62941.4978546135,-52472.2498124183
oil,Female,NHB,35-44,10,2841551,15.84506597,0.688245977,13.86764283,0,g/day,kgCO2-eq,L-eq,L,1,1,1,1,1,1,Food_price,USD,0,0,0
oil,Female,NHB,35-44,10,2841551,15.84506597,0.688245977,13.86764283,0,g/day,kgCO2-eq,L-eq,L,1,1,1,1,1,1,FL,mrh-eq,-3502.77017018836,-3145.98057965835,-2622.70019792276
sat_fat,Female,NHB,35-44,10,2841551,11.27104339,0.240498259,6.165080363,0,g/day,kgCO2-eq,L-eq,L,1,1,1,1,1,1,CED,MJ,-655490.401932976,-707238.000264452,-630738.059382704
sat_fat,Female,NHB,35-44,10,2841551,11.27104339,0.240498259,6.165080363,0,g/day,kgCO2-eq,L-eq,L,1,1,1,1,1,1,Food_price,USD,-38853.6042511421,-41920.896618184,-37386.4314002492
sat_fat,Female,NHB,35-44,10,2841551,11.27104339,0.240498259,6.165080363,0,g/day,kgCO2-eq,L-eq,L,1,1,1,1,1,1,FL,mrh-eq,-17356.2428394296,-18726.429008975,-16700.8439703075
added_sugar,Female,HIS,35-44,11,4706043,5.715080026,0.256072832,2.770242457,0,tsp eq/day,kgCO2-eq,L-eq,L,1,1,1,1,1,1,CED,MJ,-414361.804327048,-257570.117057266,-343537.864781378
added_sugar,Female,HIS,35-44,11,4706043,5.715080026,0.256072832,2.770242457,0,tsp eq/day,kgCO2-eq,L-eq,L,1,1,1,1,1,1,Food_price,USD,-1155477.83233262,-718252.882922783,-957980.159311346
added_sugar,Female,HIS,35-44,11,4706043,5.715080026,0.256072832,2.770242457,0,tsp eq/day,kgCO2-eq,L-eq,L,1,1,1,1,1,1,FL,mrh-eq,-20702.9875333598,-12869.1179223503,-17164.3719511182
oil,Female,HIS,35-44,11,4706043,10.82579537,0.408671772,10.8177822,0,g/day,kgCO2-eq,L-eq,L,1,1,1,1,1,1,CED,MJ,-1800.15673421519,31813.9759122777,9910.95062580591
oil,Female,HIS,35-44,11,4706043,10.82579537,0.408671772,10.8177822,0,g/day,kgCO2-eq,L-eq,L,1,1,1,1,1,1,Food_price,USD,-610.559962667328,10790.3604036833,3361.50154543511
oil,Female,HIS,35-44,11,4706043,10.82579537,0.408671772,10.8177822,0,g/day,kgCO2-eq,L-eq,L,1,1,1,1,1,1,FL,mrh-eq,-91.6053462419732,1618.93140935228,504.342786607336
sat_fat,Female,HIS,35-44,11,4706043,8.847628741,0.183484628,4.891700171,0,g/day,kgCO2-eq,L-eq,L,1,1,1,1,1,1,CED,MJ,-973431.374873167,-944872.220377741,-913374.660201384
sat_fat,Female,HIS,35-44,11,4706043,8.847628741,0.183484628,4.891700171,0,g/day,kgCO2-eq,L-eq,L,1,1,1,1,1,1,Food_price,USD,-47550.6352782456,-46155.5642189796,-44616.9565320271
sat_fat,Female,HIS,35-44,11,4706043,8.847628741,0.183484628,4.891700171,0,g/day,kgCO2-eq,L-eq,L,1,1,1,1,1,1,FL,mrh-eq,-26051.1974926781,-25286.8907390755,-24443.9456873006
added_sugar,Female,OTH,35-44,12,2705155,5.232982927,0.338530334,2.25897812,0,tsp eq/day,kgCO2-eq,L-eq,L,1,1,1,1,1,1,CED,MJ,-156624.363731408,-177011.390336707,-194855.123446353
added_sugar,Female,OTH,35-44,12,2705155,5.232982927,0.338530334,2.25897812,0,tsp eq/day,kgCO2-eq,L-eq,L,1,1,1,1,1,1,Food_price,USD,-382250.203148365,-432005.84062269,-475554.433214479
added_sugar,Female,OTH,35-44,12,2705155,5.232982927,0.338530334,2.25897812,0,tsp eq/day,kgCO2-eq,L-eq,L,1,1,1,1,1,1,FL,mrh-eq,-7926.20880012679,-8957.92459349117,-9860.93323806786
oil,Female,OTH,35-44,12,2705155,10.29831488,0.482677228,9.725585935,0,g/day,kgCO2-eq,L-eq,L,1,1,1,1,1,1,CED,MJ,-10183.7463191779,-4901.74449678147,-24698.5086876146
oil,Female,OTH,35-44,12,2705155,10.29831488,0.482677228,9.725585935,0,g/day,kgCO2-eq,L-eq,L,1,1,1,1,1,1,Food_price,USD,-3345.2779438244,-1610.18325058488,-8113.25947921909
oil,Female,OTH,35-44,12,2705155,10.29831488,0.482677228,9.725585935,0,g/day,kgCO2-eq,L-eq,L,1,1,1,1,1,1,FL,mrh-eq,-580.932598685653,-279.620395025535,-1408.92834383903
sat_fat,Female,OTH,35-44,12,2705155,7.186572908,0.28154183,3.869023298,0,g/day,kgCO2-eq,L-eq,L,1,1,1,1,1,1,CED,MJ,-491824.863944535,-472881.900941315,-378283.253285691
sat_fat,Female,OTH,35-44,12,2705155,7.186572908,0.28154183,3.869023298,0,g/day,kgCO2-eq,L-eq,L,1,1,1,1,1,1,Food_price,USD,-25161.8650602366,-24192.7390280444,-19353.0520140504
sat_fat,Female,OTH,35-44,12,2705155,7.186572908,0.28154183,3.869023298,0,g/day,kgCO2-eq,L-eq,L,1,1,1,1,1,1,FL,mrh-eq,-13223.7216646474,-12714.4011958747,-10170.9222501029
added_sugar,Male,NHW,35-44,13,10698668,7.488611422,0.516138141,3.290380649,0,tsp eq/day,kgCO2-eq,L-eq,L,1,1,1,1,1,1,CED,MJ,-1160570.78054956,-1237527.87128605,-1037281.22223922
added_sugar,Male,NHW,35-44,13,10698668,7.488611422,0.516138141,3.290380649,0,tsp eq/day,kgCO2-eq,L-eq,L,1,1,1,1,1,1,Food_price,USD,-3488511.42478152,-3719833.54209784,-3117920.47080433
added_sugar,Male,NHW,35-44,13,10698668,7.488611422,0.516138141,3.290380649,0,tsp eq/day,kgCO2-eq,L-eq,L,1,1,1,1,1,1,FL,mrh-eq,-49816.7322170155,-53120.0643753564,-44524.6095697503
oil,Male,NHW,35-44,13,10698668,12.16409848,0.604192707,12.74468991,0,g/day,kgCO2-eq,L-eq,L,1,1,1,1,1,1,CED,MJ,66632.8577687406,179022.468688899,54452.5443609121
oil,Male,NHW,35-44,13,10698668,12.16409848,0.604192707,12.74468991,0,g/day,kgCO2-eq,L-eq,L,1,1,1,1,1,1,Food_price,USD,0,0,0
oil,Male,NHW,35-44,13,10698668,12.16409848,0.604192707,12.74468991,0,g/day,kgCO2-eq,L-eq,L,1,1,1,1,1,1,FL,mrh-eq,3175.89806602127,8532.68389083194,2595.35214482257
sat_fat,Male,NHW,35-44,13,10698668,11.34986872,0.411698178,5.776775487,0,g/day,kgCO2-eq,L-eq,L,1,1,1,1,1,1,CED,MJ,-3039589.43155892,-3573814.12917166,-3268274.34656715
sat_fat,Male,NHW,35-44,13,10698668,11.34986872,0.411698178,5.776775487,0,g/day,kgCO2-eq,L-eq,L,1,1,1,1,1,1,Food_price,USD,-140336.259843651,-165001.135698489,-150894.523180703
sat_fat,Male,NHW,35-44,13,10698668,11.34986872,0.411698178,5.776775487,0,g/day,kgCO2-eq,L-eq,L,1,1,1,1,1,1,FL,mrh-eq,-84472.0876152926,-99318.5254251032,-90827.3841485364
added_sugar,Male,NHB,35-44,14,2373836,8.055645376,0.5055449,3.373449149,0,tsp eq/day,kgCO2-eq,L-eq,L,1,1,1,1,1,1,CED,MJ,-293234.571817109,-294455.305710759,-326786.606346415
added_sugar,Male,NHB,35-44,14,2373836,8.055645376,0.5055449,3.373449149,0,tsp eq/day,kgCO2-eq,L-eq,L,1,1,1,1,1,1,Food_price,USD,-765542.330037222,-768729.278504823,-853136.03541748
added_sugar,Male,NHB,35-44,14,2373836,8.055645376,0.5055449,3.373449149,0,tsp eq/day,kgCO2-eq,L-eq,L,1,1,1,1,1,1,FL,mrh-eq,-11213.5407313669,-11260.2226391439,-12496.5992175581
oil,Male,NHB,35-44,14,2373836,13.51145452,0.65405055,15.09347422,0,g/day,kgCO2-eq,L-eq,L,1,1,1,1,1,1,CED,MJ,43195.5251372955,13336.3131124094,29348.9182124838
oil,Male,NHB,35-44,14,2373836,13.51145452,0.65405055,15.09347422,0,g/day,kgCO2-eq,L-eq,L,1,1,1,1,1,1,Food_price,USD,0,0,0
oil,Male,NHB,35-44,14,2373836,13.51145452,0.65405055,15.09347422,0,g/day,kgCO2-eq,L-eq,L,1,1,1,1,1,1,FL,mrh-eq,2199.68756475884,679.137989869429,1494.5633888216
sat_fat,Male,NHB,35-44,14,2373836,12.71742021,0.312339424,6.93914087,0,g/day,kgCO2-eq,L-eq,L,1,1,1,1,1,1,CED,MJ,-729887.791334038,-668065.987761041,-645910.723309899
sat_fat,Male,NHB,35-44,14,2373836,12.71742021,0.312339424,6.93914087,0,g/day,kgCO2-eq,L-eq,L,1,1,1,1,1,1,Food_price,USD,-36426.2977766381,-33340.9750013073,-32235.2786603089
sat_fat,Male,NHB,35-44,14,2373836,12.71742021,0.312339424,6.93914087,0,g/day,kgCO2-eq,L-eq,L,1,1,1,1,1,1,FL,mrh-eq,-19979.0682428458,-18286.8327415187,-17680.3812490247
added_sugar,Male,HIS,35-44,15,4477083,6.123810974,0.375950196,2.982538223,0,tsp eq/day,kgCO2-eq,L-eq,L,1,1,1,1,1,1,CED,MJ,-284973.174078578,-328971.157917207,-363585.123806781
added_sugar,Male,HIS,35-44,15,4477083,6.123810974,0.375950196,2.982538223,0,tsp eq/day,kgCO2-eq,L-eq,L,1,1,1,1,1,1,Food_price,USD,-686841.856292955,-792885.721616711,-876312.242944998
added_sugar,Male,HIS,35-44,15,4477083,6.123810974,0.375950196,2.982538223,0,tsp eq/day,kgCO2-eq,L-eq,L,1,1,1,1,1,1,FL,mrh-eq,-12030.0147048224,-13887.3698550841,-15348.5828972948
oil,Male,HIS,35-44,15,4477083,10.01284872,0.473610872,12.06367316,0,g/day,kgCO2-eq,L-eq,L,1,1,1,1,1,1,CED,MJ,108050.970055577,80957.6016462519,60301.0950259458
oil,Male,HIS,35-44,15,4477083,10.01284872,0.473610872,12.06367316,0,g/day,kgCO2-eq,L-eq,L,1,1,1,1,1,1,Food_price,USD,38406.0235922058,28775.8597372618,21433.637078974
oil,Male,HIS,35-44,15,4477083,10.01284872,0.473610872,12.06367316,0,g/day,kgCO2-eq,L-eq,L,1,1,1,1,1,1,FL,mrh-eq,5517.21820189324,4133.79679196383,3079.04962722795
sat_fat,Male,HIS,35-44,15,4477083,9.92835405,0.23117491,5.406248345,0,g/day,kgCO2-eq,L-eq,L,1,1,1,1,1,1,CED,MJ,-1056869.85984078,-1102961.08178509,-999137.814075298
sat_fat,Male,HIS,35-44,15,4477083,9.92835405,0.23117491,5.406248345,0,g/day,kgCO2-eq,L-eq,L,1,1,1,1,1,1,Food_price,USD,-37310.7964731576,-38937.9601065517,-35272.6755167521
sat_fat,Male,HIS,35-44,15,4477083,9.92835405,0.23117491,5.406248345,0,g/day,kgCO2-eq,L-eq,L,1,1,1,1,1,1,FL,mrh-eq,-29510.8712658037,-30797.8718407723,-27898.8251329399
added_sugar,Male,OTH,35-44,16,2268050,3.485973963,0.279607327,2.169995998,0,tsp eq/day,kgCO2-eq,L-eq,L,1,1,1,1,1,1,CED,MJ,-65964.6204226588,-74432.0318251389,-72570.8841364053
added_sugar,Male,OTH,35-44,16,2268050,3.485973963,0.279607327,2.169995998,0,tsp eq/day,kgCO2-eq,L-eq,L,1,1,1,1,1,1,Food_price,USD,-194020.195700535,-218925.194878273,-213451.044697737
added_sugar,Male,OTH,35-44,16,2268050,3.485973963,0.279607327,2.169995998,0,tsp eq/day,kgCO2-eq,L-eq,L,1,1,1,1,1,1,FL,mrh-eq,-3418.21590863887,-3856.98808947607,-3760.54541161036
oil,Male,OTH,35-44,16,2268050,11.11094312,0.634911035,11.90458191,0,g/day,kgCO2-eq,L-eq,L,1,1,1,1,1,1,CED,MJ,17990.8017453425,-11437.6490159073,25836.8424476426
oil,Male,OTH,35-44,16,2268050,11.11094312,0.634911035,11.90458191,0,g/day,kgCO2-eq,L-eq,L,1,1,1,1,1,1,Food_price,USD,2437.81330575565,-1549.83937637799,3500.97784351835
oil,Male,OTH,35-44,16,2268050,11.11094312,0.634911035,11.90458191,0,g/day,kgCO2-eq,L-eq,L,1,1,1,1,1,1,FL,mrh-eq,991.141864494529,-630.118264406706,1423.39271805034
sat_fat,Male,OTH,35-44,16,2268050,8.114498622,0.263596531,4.748299677,0,g/day,kgCO2-eq,L-eq,L,1,1,1,1,1,1,CED,MJ,-402062.892101041,-420372.371692355,-411976.666183143
sat_fat,Male,OTH,35-44,16,2268050,8.114498622,0.263596531,4.748299677,0,g/day,kgCO2-eq,L-eq,L,1,1,1,1,1,1,Food_price,USD,-19079.719962221,-19948.5883659445,-19550.1738065606
sat_fat,Male,OTH,35-44,16,2268050,8.114498622,0.263596531,4.748299677,0,g/day,kgCO2-eq,L-eq,L,1,1,1,1,1,1,FL,mrh-eq,-10949.9491503027,-11448.5971838124,-11219.9450246281
added_sugar,Female,NHW,45-54,17,12961330,5.173423375,0.422438374,2.065897254,0,tsp eq/day,kgCO2-eq,L-eq,L,1,1,1,1,1,1,CED,MJ,-985243.665744143,-1256906.70661851,-891947.05283711
added_sugar,Female,NHW,45-54,17,12961330,5.173423375,0.422438374,2.065897254,0,tsp eq/day,kgCO2-eq,L-eq,L,1,1,1,1,1,1,Food_price,USD,-2308463.56436387,-2944980.45195951,-2089866.03457232
added_sugar,Female,NHW,45-54,17,12961330,5.173423375,0.422438374,2.065897254,0,tsp eq/day,kgCO2-eq,L-eq,L,1,1,1,1,1,1,FL,mrh-eq,-43588.4888998011,-55607.2227961464,-39460.9227783627
oil,Female,NHW,45-54,17,12961330,11.57889272,0.519123737,10.95026632,0,g/day,kgCO2-eq,L-eq,L,1,1,1,1,1,1,CED,MJ,-86098.5597882271,-74081.5031650575,-20308.6987871964
oil,Female,NHW,45-54,17,12961330,11.57889272,0.519123737,10.95026632,0,g/day,kgCO2-eq,L-eq,L,1,1,1,1,1,1,Food_price,USD,-28668.9022524769,-24667.4901203864,-6762.34424637544
oil,Female,NHW,45-54,17,12961330,11.57889272,0.519123737,10.95026632,0,g/day,kgCO2-eq,L-eq,L,1,1,1,1,1,1,FL,mrh-eq,-4808.52561865126,-4137.38402493095,-1134.2222058058
sat_fat,Female,NHW,45-54,17,12961330,9.288233702,0.261493066,4.647603425,0,g/day,kgCO2-eq,L-eq,L,1,1,1,1,1,1,CED,MJ,-3048340.2952794,-3133384.23007972,-2682264.96369208
sat_fat,Female,NHW,45-54,17,12961330,9.288233702,0.261493066,4.647603425,0,g/day,kgCO2-eq,L-eq,L,1,1,1,1,1,1,Food_price,USD,-151502.53327749,-155729.217411833,-133308.586823492
sat_fat,Female,NHW,45-54,17,12961330,9.288233702,0.261493066,4.647603425,0,g/day,kgCO2-eq,L-eq,L,1,1,1,1,1,1,FL,mrh-eq,-81991.7715391254,-84279.2139495854,-72145.3757807194
added_sugar,Female,NHB,45-54,18,2294986,7.481485813,0.386141203,2.871925199,0,tsp eq/day,kgCO2-eq,L-eq,L,1,1,1,1,1,1,CED,MJ,-288062.483245265,-260263.09956518,-283845.915253579
added_sugar,Female,NHB,45-54,18,2294986,7.481485813,0.386141203,2.871925199,0,tsp eq/day,kgCO2-eq,L-eq,L,1,1,1,1,1,1,Food_price,USD,-680827.173489781,-615124.150998112,-670861.439544613
added_sugar,Female,NHB,45-54,18,2294986,7.481485813,0.386141203,2.871925199,0,tsp eq/day,kgCO2-eq,L-eq,L,1,1,1,1,1,1,FL,mrh-eq,-12209.5815915144,-11031.2995764044,-12030.8615778886
oil,Female,NHB,45-54,18,2294986,13.94247237,0.548074178,12.03089658,0,g/day,kgCO2-eq,L-eq,L,1,1,1,1,1,1,CED,MJ,-45239.4703301401,-39145.8844042169,-53384.3374512363
oil,Female,NHB,45-54,18,2294986,13.94247237,0.548074178,12.03089658,0,g/day,kgCO2-eq,L-eq,L,1,1,1,1,1,1,Food_price,USD,0,0,0
oil,Female,NHB,45-54,18,2294986,13.94247237,0.548074178,12.03089658,0,g/day,kgCO2-eq,L-eq,L,1,1,1,1,1,1,FL,mrh-eq,-2184.11163545647,-1889.92004069778,-2577.3368195405
sat_fat,Female,NHB,45-54,18,2294986,9.637659214,0.293512358,5.359616075,0,g/day,kgCO2-eq,L-eq,L,1,1,1,1,1,1,CED,MJ,-474987.800339717,-474955.532775397,-483732.079593462
sat_fat,Female,NHB,45-54,18,2294986,9.637659214,0.293512358,5.359616075,0,g/day,kgCO2-eq,L-eq,L,1,1,1,1,1,1,Food_price,USD,-31565.1794057001,-31563.0350738752,-32146.2780006969
sat_fat,Female,NHB,45-54,18,2294986,9.637659214,0.293512358,5.359616075,0,g/day,kgCO2-eq,L-eq,L,1,1,1,1,1,1,FL,mrh-eq,-12345.5019946286,-12344.6633219734,-12572.7762886031
added_sugar,Female,HIS,45-54,19,2981376,5.636557719,0.264504691,2.659948587,0,tsp eq/day,kgCO2-eq,L-eq,L,1,1,1,1,1,1,CED,MJ,-234839.189061555,-231263.09218209,-217556.548119777
added_sugar,Female,HIS,45-54,19,2981376,5.636557719,0.264504691,2.659948587,0,tsp eq/day,kgCO2-eq,L-eq,L,1,1,1,1,1,1,Food_price,USD,-561628.329435142,-553075.935244302,-520296.127603132
added_sugar,Female,HIS,45-54,19,2981376,5.636557719,0.264504691,2.659948587,0,tsp eq/day,kgCO2-eq,L-eq,L,1,1,1,1,1,1,FL,mrh-eq,-11152.9304227479,-10983.0952268377,-10332.1470913319
oil,Female,HIS,45-54,19,2981376,9.033159185,0.330159327,8.914301827,0,g/day,kgCO2-eq,L-eq,L,1,1,1,1,1,1,CED,MJ,-2565.33391179264,-3320.37939617957,-2480.12284769345
oil,Female,HIS,45-54,19,2981376,9.033159185,0.330159327,8.914301827,0,g/day,kgCO2-eq,L-eq,L,1,1,1,1,1,1,Food_price,USD,-861.868243292851,-1115.53881703115,-833.240114304773
oil,Female,HIS,45-54,19,2981376,9.033159185,0.330159327,8.914301827,0,g/day,kgCO2-eq,L-eq,L,1,1,1,1,1,1,FL,mrh-eq,-126.291879189506,-163.462912815355,-122.096922204236
sat_fat,Female,HIS,45-54,19,2981376,7.506180252,0.117383208,4.228967995,0,g/day,kgCO2-eq,L-eq,L,1,1,1,1,1,1,CED,MJ,-476974.274102089,-518649.676605139,-507036.470835873
sat_fat,Female,HIS,45-54,19,2981376,7.506180252,0.117383208,4.228967995,0,g/day,kgCO2-eq,L-eq,L,1,1,1,1,1,1,Food_price,USD,-21264.0375778233,-23121.9728439633,-22604.2433619246
sat_fat,Female,HIS,45-54,19,2981376,7.506180252,0.117383208,4.228967995,0,g/day,kgCO2-eq,L-eq,L,1,1,1,1,1,1,FL,mrh-eq,-12702.5083980857,-13812.3840853754,-13503.1077746342
added_sugar,Female,OTH,45-54,20,1908325,2.856626882,0.311674631,1.673200651,0,tsp eq/day,kgCO2-eq,L-eq,L,1,1,1,1,1,1,CED,MJ,-68635.2140814774,-56626.2941374654,-48765.6471754684
added_sugar,Female,OTH,45-54,20,1908325,2.856626882,0.311674631,1.673200651,0,tsp eq/day,kgCO2-eq,L-eq,L,1,1,1,1,1,1,Food_price,USD,-168395.987978048,-138932.192088659,-119646.153150385
added_sugar,Female,OTH,45-54,20,1908325,2.856626882,0.311674631,1.673200651,0,tsp eq/day,kgCO2-eq,L-eq,L,1,1,1,1,1,1,FL,mrh-eq,-3440.32809216474,-2838.38308197074,-2444.36952890097
oil,Female,OTH,45-54,20,1908325,6.173747437,0.380778601,5.775855191,0,g/day,kgCO2-eq,L-eq,L,1,1,1,1,1,1,CED,MJ,1954.81416904623,-2517.30135748648,-515.537871795867
oil,Female,OTH,45-54,20,1908325,6.173747437,0.380778601,5.775855191,0,g/day,kgCO2-eq,L-eq,L,1,1,1,1,1,1,Food_price,USD,311.412790102832,-401.020133615561,-82.1280557516925
oil,Female,OTH,45-54,20,1908325,6.173747437,0.380778601,5.775855191,0,g/day,kgCO2-eq,L-eq,L,1,1,1,1,1,1,FL,mrh-eq,107.828170126198,-138.855142003804,-28.4372326673003
sat_fat,Female,OTH,45-54,20,1908325,5.220380332,0.29002113,2.842633571,0,g/day,kgCO2-eq,L-eq,L,1,1,1,1,1,1,CED,MJ,-270049.586344158,-222525.732412365,-204499.462059423
sat_fat,Female,OTH,45-54,20,1908325,5.220380332,0.29002113,2.842633571,0,g/day,kgCO2-eq,L-eq,L,1,1,1,1,1,1,Food_price,USD,-11811.7199042953,-9733.07035324728,-8944.61790934425
sat_fat,Female,OTH,45-54,20,1908325,5.220380332,0.29002113,2.842633571,0,g/day,kgCO2-eq,L-eq,L,1,1,1,1,1,1,FL,mrh-eq,-6851.08660193282,-5645.41899343154,-5188.09728089069
added_sugar,Male,NHW,45-54,21,10622756,5.853373265,0.288916501,2.679043917,0,tsp eq/day,kgCO2-eq,L-eq,L,1,1,1,1,1,1,CED,MJ,-933724.773872453,-849470.445583813,-872899.983850423
added_sugar,Male,NHW,45-54,21,10622756,5.853373265,0.288916501,2.679043917,0,tsp eq/day,kgCO2-eq,L-eq,L,1,1,1,1,1,1,Food_price,USD,-2888292.15121884,-2627668.1194787,-2700142.74302486
added_sugar,Male,NHW,45-54,21,10622756,5.853373265,0.288916501,2.679043917,0,tsp eq/day,kgCO2-eq,L-eq,L,1,1,1,1,1,1,FL,mrh-eq,-42854.2420165687,-38987.3044815922,-40062.626815656
oil,Male,NHW,45-54,21,10622756,13.0214114,0.555252637,13.26709841,0,g/day,kgCO2-eq,L-eq,L,1,1,1,1,1,1,CED,MJ,-47728.318134463,-3571.93102119403,95662.3312844439
oil,Male,NHW,45-54,21,10622756,13.0214114,0.555252637,13.26709841,0,g/day,kgCO2-eq,L-eq,L,1,1,1,1,1,1,Food_price,USD,-16260.4991206967,-1216.91657069677,32591.0762108191
oil,Male,NHW,45-54,21,10622756,13.0214114,0.555252637,13.26709841,0,g/day,kgCO2-eq,L-eq,L,1,1,1,1,1,1,FL,mrh-eq,-2536.21905993165,-189.807642313968,5083.36847817637
sat_fat,Male,NHW,45-54,21,10622756,11.18680715,0.297923221,5.593403573,0,g/day,kgCO2-eq,L-eq,L,1,1,1,1,1,1,CED,MJ,-3128207.51502172,-3129298.76302262,-3245764.72264808
sat_fat,Male,NHW,45-54,21,10622756,11.18680715,0.297923221,5.593403573,0,g/day,kgCO2-eq,L-eq,L,1,1,1,1,1,1,Food_price,USD,-135812.265584341,-135859.642512695,-140916.054456031
sat_fat,Male,NHW,45-54,21,10622756,11.18680715,0.297923221,5.593403573,0,g/day,kgCO2-eq,L-eq,L,1,1,1,1,1,1,FL,mrh-eq,-86281.6059235296,-86311.7045117869,-89524.0457594999
added_sugar,Male,NHB,45-54,22,2323392,7.609368138,0.387386014,3.292781122,0,tsp eq/day,kgCO2-eq,L-eq,L,1,1,1,1,1,1,CED,MJ,-253768.729623478,-255945.15972239,-264693.582692468
added_sugar,Male,NHB,45-54,22,2323392,7.609368138,0.387386014,3.292781122,0,tsp eq/day,kgCO2-eq,L-eq,L,1,1,1,1,1,1,Food_price,USD,-557095.498988752,-561873.390314319,-581078.700074552
added_sugar,Male,NHB,45-54,22,2323392,7.609368138,0.387386014,3.292781122,0,tsp eq/day,kgCO2-eq,L-eq,L,1,1,1,1,1,1,FL,mrh-eq,-10924.4190686574,-11018.1115992912,-11394.7200130102
oil,Male,NHB,45-54,22,2323392,14.42233717,0.849281097,13.89732704,0,g/day,kgCO2-eq,L-eq,L,1,1,1,1,1,1,CED,MJ,-1904.81136655594,7514.71647034049,8388.14863226753
oil,Male,NHB,45-54,22,2323392,14.42233717,0.849281097,13.89732704,0,g/day,kgCO2-eq,L-eq,L,1,1,1,1,1,1,Food_price,USD,0,0,0
oil,Male,NHB,45-54,22,2323392,14.42233717,0.849281097,13.89732704,0,g/day,kgCO2-eq,L-eq,L,1,1,1,1,1,1,FL,mrh-eq,-92.9368875012906,366.647517686166,409.26279602724
sat_fat,Male,NHB,45-54,22,2323392,10.27026324,0.333783555,5.704275372,0,g/day,kgCO2-eq,L-eq,L,1,1,1,1,1,1,CED,MJ,-468932.836073696,-511835.043767646,-484692.318446553
sat_fat,Male,NHB,45-54,22,2323392,10.27026324,0.333783555,5.704275372,0,g/day,kgCO2-eq,L-eq,L,1,1,1,1,1,1,Food_price,USD,-33655.373791109,-36734.4711059679,-34786.4339967747
sat_fat,Male,NHB,45-54,22,2323392,10.27026324,0.333783555,5.704275372,0,g/day,kgCO2-eq,L-eq,L,1,1,1,1,1,1,FL,mrh-eq,-12984.2113765736,-14172.1242083643,-13420.5733341364
added_sugar,Male,HIS,45-54,23,3207152,5.505628958,0.347102027,2.636498374,0,tsp eq/day,kgCO2-eq,L-eq,L,1,1,1,1,1,1,CED,MJ,-205267.132893348,-270674.669204313,-186839.670374492
added_sugar,Male,HIS,45-54,23,3207152,5.505628958,0.347102027,2.636498374,0,tsp eq/day,kgCO2-eq,L-eq,L,1,1,1,1,1,1,Food_price,USD,-421633.984838382,-555985.937752257,-383782.603846366
added_sugar,Male,HIS,45-54,23,3207152,5.505628958,0.347102027,2.636498374,0,tsp eq/day,kgCO2-eq,L-eq,L,1,1,1,1,1,1,FL,mrh-eq,-9233.46926165177,-12175.6766549877,-8404.55229701283
oil,Male,HIS,45-54,23,3207152,8.268716676,0.436754059,9.993525078,0,g/day,kgCO2-eq,L-eq,L,1,1,1,1,1,1,CED,MJ,54164.3305729759,56460.8529086416,38206.2922434407
oil,Male,HIS,45-54,23,3207152,8.268716676,0.436754059,9.993525078,0,g/day,kgCO2-eq,L-eq,L,1,1,1,1,1,1,Food_price,USD,7569.88176884655,7890.83842752956,5339.62318096374
oil,Male,HIS,45-54,23,3207152,8.268716676,0.436754059,9.993525078,0,g/day,kgCO2-eq,L-eq,L,1,1,1,1,1,1,FL,mrh-eq,2632.80655739912,2744.43535444311,1857.12212609944
sat_fat,Male,HIS,45-54,23,3207152,8.686086313,0.358897632,5.08947387,0,g/day,kgCO2-eq,L-eq,L,1,1,1,1,1,1,CED,MJ,-501281.740364357,-755733.043870346,-600041.051600202
sat_fat,Male,HIS,45-54,23,3207152,8.686086313,0.358897632,5.08947387,0,g/day,kgCO2-eq,L-eq,L,1,1,1,1,1,1,Food_price,USD,-22277.3649158293,-33585.3861044551,-26666.3083743278
sat_fat,Male,HIS,45-54,23,3207152,8.686086313,0.358897632,5.08947387,0,g/day,kgCO2-eq,L-eq,L,1,1,1,1,1,1,FL,mrh-eq,-14001.5099931567,-21108.695796935,-16759.9976296321
added_sugar,Male,OTH,45-54,24,2807268,5.137130482,0.479767252,3.231639792,0,tsp eq/day,kgCO2-eq,L-eq,L,1,1,1,1,1,1,CED,MJ,-94911.1668061316,-121395.757281824,-93516.4420973421
added_sugar,Male,OTH,45-54,24,2807268,5.137130482,0.479767252,3.231639792,0,tsp eq/day,kgCO2-eq,L-eq,L,1,1,1,1,1,1,Food_price,USD,-109618.674216376,-140207.337203095,-108007.821893944
added_sugar,Male,OTH,45-54,24,2807268,5.137130482,0.479767252,3.231639792,0,tsp eq/day,kgCO2-eq,L-eq,L,1,1,1,1,1,1,FL,mrh-eq,-4579.49899946164,-5857.39031263374,-4512.20301498099
oil,Male,OTH,45-54,24,2807268,10.98823209,0.641212529,10.75325359,0,g/day,kgCO2-eq,L-eq,L,1,1,1,1,1,1,CED,MJ,-2221.50225460936,4553.55265988979,-25609.0407264106
oil,Male,OTH,45-54,24,2807268,10.98823209,0.641212529,10.75325359,0,g/day,kgCO2-eq,L-eq,L,1,1,1,1,1,1,Food_price,USD,0,0,0
oil,Male,OTH,45-54,24,2807268,10.98823209,0.641212529,10.75325359,0,g/day,kgCO2-eq,L-eq,L,1,1,1,1,1,1,FL,mrh-eq,-113.673481408503,233.003672425999,-1310.40551899647
sat_fat,Male,OTH,45-54,24,2807268,9.512529697,0.385242636,5.643169598,0,g/day,kgCO2-eq,L-eq,L,1,1,1,1,1,1,CED,MJ,-532870.595775531,-547475.916173642,-611043.782606033
sat_fat,Male,OTH,45-54,24,2807268,9.512529697,0.385242636,5.643169598,0,g/day,kgCO2-eq,L-eq,L,1,1,1,1,1,1,Food_price,USD,-28094.1640562853,-28864.1901575791,-32215.6343588874
sat_fat,Male,OTH,45-54,24,2807268,9.512529697,0.385242636,5.643169598,0,g/day,kgCO2-eq,L-eq,L,1,1,1,1,1,1,FL,mrh-eq,-14707.6134307841,-15110.7308257973,-16865.2498657279
added_sugar,Female,NHW,55-64,25,16626401,4.761551875,0.279923266,2.039440935,0,tsp eq/day,kgCO2-eq,L-eq,L,1,1,1,1,1,1,CED,MJ,-1196200.17801981,-1117115.31869708,-1181763.94184889
added_sugar,Female,NHW,55-64,25,16626401,4.761551875,0.279923266,2.039440935,0,tsp eq/day,kgCO2-eq,L-eq,L,1,1,1,1,1,1,Food_price,USD,-3212640.22884251,-3000241.66443738,-3173868.76405929
added_sugar,Female,NHW,55-64,25,16626401,4.761551875,0.279923266,2.039440935,0,tsp eq/day,kgCO2-eq,L-eq,L,1,1,1,1,1,1,FL,mrh-eq,-57667.4544876795,-53854.8630757571,-56971.4999077878
oil,Female,NHW,55-64,25,16626401,10.81307609,0.382127601,10.21529231,0,g/day,kgCO2-eq,L-eq,L,1,1,1,1,1,1,CED,MJ,-107394.815106107,-53255.7729379672,-124594.293640344
oil,Female,NHW,55-64,25,16626401,10.81307609,0.382127601,10.21529231,0,g/day,kgCO2-eq,L-eq,L,1,1,1,1,1,1,Food_price,USD,-37221.4460063325,-18457.6590124725,-43182.5295182939
oil,Female,NHW,55-64,25,16626401,10.81307609,0.382127601,10.21529231,0,g/day,kgCO2-eq,L-eq,L,1,1,1,1,1,1,FL,mrh-eq,-5572.90876490457,-2763.53717350818,-6465.42042462047
sat_fat,Female,NHW,55-64,25,16626401,8.799908173,0.160628245,4.198381387,0,g/day,kgCO2-eq,L-eq,L,1,1,1,1,1,1,CED,MJ,-4217884.22309328,-4063758.81202835,-4094488.93470163
sat_fat,Female,NHW,55-64,25,16626401,8.799908173,0.160628245,4.198381387,0,g/day,kgCO2-eq,L-eq,L,1,1,1,1,1,1,Food_price,USD,-189972.498646885,-183030.726920512,-184414.804310784
sat_fat,Female,NHW,55-64,25,16626401,8.799908173,0.160628245,4.198381387,0,g/day,kgCO2-eq,L-eq,L,1,1,1,1,1,1,FL,mrh-eq,-113219.950886711,-109082.788615726,-109907.672087103
added_sugar,Female,NHB,55-64,26,3005374,6.895535336,0.368406907,2.656995267,0,tsp eq/day,kgCO2-eq,L-eq,L,1,1,1,1,1,1,CED,MJ,-331713.662790738,-299441.356409054,-352173.347916923
added_sugar,Female,NHB,55-64,26,3005374,6.895535336,0.368406907,2.656995267,0,tsp eq/day,kgCO2-eq,L-eq,L,1,1,1,1,1,1,Food_price,USD,-847872.906052459,-765383.647193936,-900168.649733661
added_sugar,Female,NHB,55-64,26,3005374,6.895535336,0.368406907,2.656995267,0,tsp eq/day,kgCO2-eq,L-eq,L,1,1,1,1,1,1,FL,mrh-eq,-14969.1704764722,-13512.8251097119,-15892.4502472606
oil,Female,NHB,55-64,26,3005374,12.5039994,0.477469951,11.01853733,0,g/day,kgCO2-eq,L-eq,L,1,1,1,1,1,1,CED,MJ,-42422.0066867383,-32883.573071721,-34404.8046202296
oil,Female,NHB,55-64,26,3005374,12.5039994,0.477469951,11.01853733,0,g/day,kgCO2-eq,L-eq,L,1,1,1,1,1,1,Food_price,USD,-6372.58626835836,-4939.73346802845,-5168.25116518986
oil,Female,NHB,55-64,26,3005374,12.5039994,0.477469951,11.01853733,0,g/day,kgCO2-eq,L-eq,L,1,1,1,1,1,1,FL,mrh-eq,-2107.99129219218,-1634.01713179737,-1709.60862564971
sat_fat,Female,NHB,55-64,26,3005374,9.12342029,0.253533455,5.044180525,0,g/day,kgCO2-eq,L-eq,L,1,1,1,1,1,1,CED,MJ,-549745.499372865,-596799.95466898,-594190.834039485
sat_fat,Female,NHB,55-64,26,3005374,9.12342029,0.253533455,5.044180525,0,g/day,kgCO2-eq,L-eq,L,1,1,1,1,1,1,Food_price,USD,-30316.278132858,-32911.1442223021,-32767.2615952025
sat_fat,Female,NHB,55-64,26,3005374,9.12342029,0.253533455,5.044180525,0,g/day,kgCO2-eq,L-eq,L,1,1,1,1,1,1,FL,mrh-eq,-14857.7670764355,-16129.4903329165,-16058.9746003973
added_sugar,Female,HIS,55-64,27,2911586,5.022346055,0.311315568,2.268156283,0,tsp eq/day,kgCO2-eq,L-eq,L,1,1,1,1,1,1,CED,MJ,-218382.172364203,-188109.634452672,-148391.70031067
added_sugar,Female,HIS,55-64,27,2911586,5.022346055,0.311315568,2.268156283,0,tsp eq/day,kgCO2-eq,L-eq,L,1,1,1,1,1,1,Food_price,USD,-482646.195205121,-415740.892981841,-327960.331100285
added_sugar,Female,HIS,55-64,27,2911586,5.022346055,0.311315568,2.268156283,0,tsp eq/day,kgCO2-eq,L-eq,L,1,1,1,1,1,1,FL,mrh-eq,-10453.0069088169,-9003.99188844736,-7102.86673937668
oil,Female,HIS,55-64,27,2911586,8.799103126,0.325400795,8.96512394,0,g/day,kgCO2-eq,L-eq,L,1,1,1,1,1,1,CED,MJ,14703.8010188572,-14675.6827111913,5112.40645833691
oil,Female,HIS,55-64,27,2911586,8.799103126,0.325400795,8.96512394,0,g/day,kgCO2-eq,L-eq,L,1,1,1,1,1,1,Food_price,USD,4692.5290266927,-4683.55543035971,1631.55878342141
oil,Female,HIS,55-64,27,2911586,8.799103126,0.325400795,8.96512394,0,g/day,kgCO2-eq,L-eq,L,1,1,1,1,1,1,FL,mrh-eq,789.571766994841,-788.061856609069,274.528456671039
sat_fat,Female,HIS,55-64,27,2911586,7.603050574,0.208261409,4.023368962,0,g/day,kgCO2-eq,L-eq,L,1,1,1,1,1,1,CED,MJ,-606504.503370995,-499530.203231746,-557521.014531055
sat_fat,Female,HIS,55-64,27,2911586,7.603050574,0.208261409,4.023368962,0,g/day,kgCO2-eq,L-eq,L,1,1,1,1,1,1,Food_price,USD,-26007.8264921939,-21420.607400362,-23907.3407222602
sat_fat,Female,HIS,55-64,27,2911586,7.603050574,0.208261409,4.023368962,0,g/day,kgCO2-eq,L-eq,L,1,1,1,1,1,1,FL,mrh-eq,-16243.6750132475,-13378.6414371182,-14931.7772955742
added_sugar,Female,OTH,55-64,28,2629488,3.726044561,0.396086742,2.020042382,0,tsp eq/day,kgCO2-eq,L-eq,L,1,1,1,1,1,1,CED,MJ,-49010.024769798,-64316.1923443539,-81758.3872221062
added_sugar,Female,OTH,55-64,28,2629488,3.726044561,0.396086742,2.020042382,0,tsp eq/day,kgCO2-eq,L-eq,L,1,1,1,1,1,1,Food_price,USD,-174440.015903253,-228918.831771323,-291000.350116887
added_sugar,Female,OTH,55-64,28,2629488,3.726044561,0.396086742,2.020042382,0,tsp eq/day,kgCO2-eq,L-eq,L,1,1,1,1,1,1,FL,mrh-eq,-2337.7282858485,-3067.81689639388,-3899.79183467489
oil,Female,OTH,55-64,28,2629488,10.01479315,0.57290694,8.54612563,0,g/day,kgCO2-eq,L-eq,L,1,1,1,1,1,1,CED,MJ,-36121.3683373495,-37151.9205362452,-64054.8714364544
oil,Female,OTH,55-64,28,2629488,10.01479315,0.57290694,8.54612563,0,g/day,kgCO2-eq,L-eq,L,1,1,1,1,1,1,Food_price,USD,-5066.68646373431,-5211.24036954295,-8984.87418893664
oil,Female,OTH,55-64,28,2629488,10.01479315,0.57290694,8.54612563,0,g/day,kgCO2-eq,L-eq,L,1,1,1,1,1,1,FL,mrh-eq,-1915.25835537928,-1969.90118316907,-3396.37265608684
sat_fat,Female,OTH,55-64,28,2629488,8.412569756,0.369482527,4.560372299,0,g/day,kgCO2-eq,L-eq,L,1,1,1,1,1,1,CED,MJ,-485572.44351442,-504588.920500809,-414035.508599603
sat_fat,Female,OTH,55-64,28,2629488,8.412569756,0.369482527,4.560372299,0,g/day,kgCO2-eq,L-eq,L,1,1,1,1,1,1,Food_price,USD,-24597.4286407722,-25560.7379099023,-20973.6137491956
sat_fat,Female,OTH,55-64,28,2629488,8.412569756,0.369482527,4.560372299,0,g/day,kgCO2-eq,L-eq,L,1,1,1,1,1,1,FL,mrh-eq,-12621.5372472351,-13115.8345983322,-10762.0699305862
added_sugar,Male,NHW,55-64,29,15564860,5.195883743,0.315000452,2.31866312,0,tsp eq/day,kgCO2-eq,L-eq,L,1,1,1,1,1,1,CED,MJ,-1511079.99099788,-1295136.84815315,-1078897.77431
added_sugar,Male,NHW,55-64,29,15564860,5.195883743,0.315000452,2.31866312,0,tsp eq/day,kgCO2-eq,L-eq,L,1,1,1,1,1,1,Food_price,USD,-3413350.56081696,-2925560.60123522,-2437102.16861073
added_sugar,Male,NHW,55-64,29,15564860,5.195883743,0.315000452,2.31866312,0,tsp eq/day,kgCO2-eq,L-eq,L,1,1,1,1,1,1,FL,mrh-eq,-68797.4299195205,-58965.8304509508,-49120.7576439434
oil,Male,NHW,55-64,29,15564860,10.02085641,0.370456799,10.00233357,0,g/day,kgCO2-eq,L-eq,L,1,1,1,1,1,1,CED,MJ,37346.6045457179,116502.735384872,-3204.1529309505
oil,Male,NHW,55-64,29,15564860,10.02085641,0.370456799,10.00233357,0,g/day,kgCO2-eq,L-eq,L,1,1,1,1,1,1,Food_price,USD,12672.1454591797,39530.7586097193,-1087.20705692955
oil,Male,NHW,55-64,29,15564860,10.02085641,0.370456799,10.00233357,0,g/day,kgCO2-eq,L-eq,L,1,1,1,1,1,1,FL,mrh-eq,1961.9436448545,6120.28333169376,-168.325007225885
sat_fat,Male,NHW,55-64,29,15564860,8.961009841,0.213111857,4.581904917,0,g/day,kgCO2-eq,L-eq,L,1,1,1,1,1,1,CED,MJ,-3391079.88602949,-3932199.36027955,-3555393.69656201
sat_fat,Male,NHW,55-64,29,15564860,8.961009841,0.213111857,4.581904917,0,g/day,kgCO2-eq,L-eq,L,1,1,1,1,1,1,Food_price,USD,-177333.048951778,-205630.337556294,-185925.671357007
sat_fat,Male,NHW,55-64,29,15564860,8.961009841,0.213111857,4.581904917,0,g/day,kgCO2-eq,L-eq,L,1,1,1,1,1,1,FL,mrh-eq,-95286.1529219841,-110491.100816275,-99903.216336532
added_sugar,Male,NHB,55-64,30,2050599,5.894773078,0.239565901,2.591667474,0,tsp eq/day,kgCO2-eq,L-eq,L,1,1,1,1,1,1,CED,MJ,-152633.79115185,-167403.259662481,-184792.202570008
added_sugar,Male,NHB,55-64,30,2050599,5.894773078,0.239565901,2.591667474,0,tsp eq/day,kgCO2-eq,L-eq,L,1,1,1,1,1,1,Food_price,USD,-349574.65557491,-383400.925817335,-423226.535086667
added_sugar,Male,NHB,55-64,30,2050599,5.894773078,0.239565901,2.591667474,0,tsp eq/day,kgCO2-eq,L-eq,L,1,1,1,1,1,1,FL,mrh-eq,-6278.02035553641,-6885.50722492793,-7600.73638035201
oil,Male,NHB,55-64,30,2050599,11.56465057,0.565802029,11.57322333,0,g/day,kgCO2-eq,L-eq,L,1,1,1,1,1,1,CED,MJ,6144.81851232492,-1190.2239127571,5771.74516641893
oil,Male,NHB,55-64,30,2050599,11.56465057,0.565802029,11.57322333,0,g/day,kgCO2-eq,L-eq,L,1,1,1,1,1,1,Food_price,USD,0,0,0
oil,Male,NHB,55-64,30,2050599,11.56465057,0.565802029,11.57322333,0,g/day,kgCO2-eq,L-eq,L,1,1,1,1,1,1,FL,mrh-eq,296.597484793683,-57.4496086673658,278.590017881953
sat_fat,Male,NHB,55-64,30,2050599,9.941597909,0.204857169,5.354404046,0,g/day,kgCO2-eq,L-eq,L,1,1,1,1,1,1,CED,MJ,-442845.834789681,-468643.698520463,-469368.862151679
sat_fat,Male,NHB,55-64,30,2050599,9.941597909,0.204857169,5.354404046,0,g/day,kgCO2-eq,L-eq,L,1,1,1,1,1,1,Food_price,USD,-15954.1726820032,-16883.5786749107,-16909.7037615351
sat_fat,Male,NHB,55-64,30,2050599,9.941597909,0.204857169,5.354404046,0,g/day,kgCO2-eq,L-eq,L,1,1,1,1,1,1,FL,mrh-eq,-12142.8880514399,-12850.2686941821,-12870.1527714411
added_sugar,Male,HIS,55-64,31,2832735,4.873515221,0.288198777,2.638127269,0,tsp eq/day,kgCO2-eq,L-eq,L,1,1,1,1,1,1,CED,MJ,-178222.581259723,-162211.007331661,-138775.453370484
added_sugar,Male,HIS,55-64,31,2832735,4.873515221,0.288198777,2.638127269,0,tsp eq/day,kgCO2-eq,L-eq,L,1,1,1,1,1,1,Food_price,USD,-282615.001293802,-257224.778829227,-220062.040716895
added_sugar,Male,HIS,55-64,31,2832735,4.873515221,0.288198777,2.638127269,0,tsp eq/day,kgCO2-eq,L-eq,L,1,1,1,1,1,1,FL,mrh-eq,-8481.65007679304,-7719.65591041623,-6604.35297489856
oil,Male,HIS,55-64,31,2832735,9.596738096,0.352355483,10.689436,0,g/day,kgCO2-eq,L-eq,L,1,1,1,1,1,1,CED,MJ,40763.6812969957,15061.0808138886,21467.1515135411
oil,Male,HIS,55-64,31,2832735,9.596738096,0.352355483,10.689436,0,g/day,kgCO2-eq,L-eq,L,1,1,1,1,1,1,Food_price,USD,14238.1860314395,5260.62572465691,7498.17698229881
oil,Male,HIS,55-64,31,2832735,9.596738096,0.352355483,10.689436,0,g/day,kgCO2-eq,L-eq,L,1,1,1,1,1,1,FL,mrh-eq,1989.36908642474,735.018222740913,1047.65041418823
sat_fat,Male,HIS,55-64,31,2832735,8.684124835,0.190441334,5.077165967,0,g/day,kgCO2-eq,L-eq,L,1,1,1,1,1,1,CED,MJ,-498896.045522374,-493420.876223064,-535932.951332266
sat_fat,Male,HIS,55-64,31,2832735,8.684124835,0.190441334,5.077165967,0,g/day,kgCO2-eq,L-eq,L,1,1,1,1,1,1,Food_price,USD,-18660.9621122812,-18456.1660875988,-20046.3094251685
sat_fat,Male,HIS,55-64,31,2832735,8.684124835,0.190441334,5.077165967,0,g/day,kgCO2-eq,L-eq,L,1,1,1,1,1,1,FL,mrh-eq,-13822.1022271803,-13670.4106063599,-14848.2236063281
added_sugar,Male,OTH,55-64,32,2195076,2.557631558,0.334513119,1.65862755,0,tsp eq/day,kgCO2-eq,L-eq,L,1,1,1,1,1,1,CED,MJ,-38489.9090562127,-46639.9286816457,-36229.6777067398
added_sugar,Male,OTH,55-64,32,2195076,2.557631558,0.334513119,1.65862755,0,tsp eq/day,kgCO2-eq,L-eq,L,1,1,1,1,1,1,Food_price,USD,-114522.2260121,-138771.656900174,-107797.171789032
added_sugar,Male,OTH,55-64,32,2195076,2.557631558,0.334513119,1.65862755,0,tsp eq/day,kgCO2-eq,L-eq,L,1,1,1,1,1,1,FL,mrh-eq,-2261.96552811199,-2740.92388104657,-2129.13680693733
oil,Male,OTH,55-64,32,2195076,9.068131539,0.665342507,8.763047657,0,g/day,kgCO2-eq,L-eq,L,1,1,1,1,1,1,CED,MJ,-21256.2928034662,-13242.8605419561,-3809.23943722419
oil,Male,OTH,55-64,32,2195076,9.068131539,0.665342507,8.763047657,0,g/day,kgCO2-eq,L-eq,L,1,1,1,1,1,1,Food_price,USD,-7311.66335423571,-4555.23166834084,-1310.28851823681
oil,Male,OTH,55-64,32,2195076,9.068131539,0.665342507,8.763047657,0,g/day,kgCO2-eq,L-eq,L,1,1,1,1,1,1,FL,mrh-eq,-1030.73235292141,-642.155475182143,-184.712657295109
sat_fat,Male,OTH,55-64,32,2195076,5.576923423,0.31638557,3.347158453,0,g/day,kgCO2-eq,L-eq,L,1,1,1,1,1,1,CED,MJ,-184721.585593279,-292820.350877877,-270833.395732367
sat_fat,Male,OTH,55-64,32,2195076,5.576923423,0.31638557,3.347158453,0,g/day,kgCO2-eq,L-eq,L,1,1,1,1,1,1,Food_price,USD,-11322.5496634845,-17948.4869331609,-16600.7917475426
sat_fat,Male,OTH,55-64,32,2195076,5.576923423,0.31638557,3.347158453,0,g/day,kgCO2-eq,L-eq,L,1,1,1,1,1,1,FL,mrh-eq,-5163.42078022347,-8185.04605046099,-7570.45679860099
added_sugar,Female,NHW,65-74,33,11513863,3.796359188,0.167556837,1.709079736,0,tsp eq/day,kgCO2-eq,L-eq,L,1,1,1,1,1,1,CED,MJ,-539453.941494365,-525035.161696694,-629260.760677679
added_sugar,Female,NHW,65-74,33,11513863,3.796359188,0.167556837,1.709079736,0,tsp eq/day,kgCO2-eq,L-eq,L,1,1,1,1,1,1,Food_price,USD,-1615802.21177451,-1572614.28691919,-1884796.55198983
added_sugar,Female,NHW,65-74,33,11513863,3.796359188,0.167556837,1.709079736,0,tsp eq/day,kgCO2-eq,L-eq,L,1,1,1,1,1,1,FL,mrh-eq,-26212.5352991002,-25511.9142722719,-30576.3266015077
oil,Female,NHW,65-74,33,11513863,9.569576689,0.452768076,8.731955748,0,g/day,kgCO2-eq,L-eq,L,1,1,1,1,1,1,CED,MJ,-64298.8963230376,-53763.9820472391,-147806.165839153
oil,Female,NHW,65-74,33,11513863,9.569576689,0.452768076,8.731955748,0,g/day,kgCO2-eq,L-eq,L,1,1,1,1,1,1,Food_price,USD,-20876.8766197698,-17456.3497038685,-47990.4207431884
oil,Female,NHW,65-74,33,11513863,9.569576689,0.452768076,8.731955748,0,g/day,kgCO2-eq,L-eq,L,1,1,1,1,1,1,FL,mrh-eq,-3062.41862073153,-2560.66323314401,-7039.69088754913
sat_fat,Female,NHW,65-74,33,11513863,7.995898199,0.165275159,3.79847908,0,g/day,kgCO2-eq,L-eq,L,1,1,1,1,1,1,CED,MJ,-2605487.94243383,-2522214.84351984,-2554548.21622322
sat_fat,Female,NHW,65-74,33,11513863,7.995898199,0.165275159,3.79847908,0,g/day,kgCO2-eq,L-eq,L,1,1,1,1,1,1,Food_price,USD,-112081.295933078,-108499.104401643,-109890.001766954
sat_fat,Female,NHW,65-74,33,11513863,7.995898199,0.165275159,3.79847908,0,g/day,kgCO2-eq,L-eq,L,1,1,1,1,1,1,FL,mrh-eq,-70643.8812082528,-68386.0565560196,-69262.7272567814
added_sugar,Female,NHB,65-74,34,1390166,5.069075426,0.211211476,1.839085292,0,tsp eq/day,kgCO2-eq,L-eq,L,1,1,1,1,1,1,CED,MJ,-105687.752400315,-107547.569887742,-96374.1400083642
added_sugar,Female,NHB,65-74,34,1390166,5.069075426,0.211211476,1.839085292,0,tsp eq/day,kgCO2-eq,L-eq,L,1,1,1,1,1,1,Food_price,USD,-318991.160630463,-324604.538958615,-290880.429168244
added_sugar,Female,NHB,65-74,34,1390166,5.069075426,0.211211476,1.839085292,0,tsp eq/day,kgCO2-eq,L-eq,L,1,1,1,1,1,1,FL,mrh-eq,-5263.58334700579,-5356.20812265821,-4799.73608019047
oil,Female,NHB,65-74,34,1390166,10.9512405,0.448086764,9.678674093,0,g/day,kgCO2-eq,L-eq,L,1,1,1,1,1,1,CED,MJ,-8980.1296363637,-17109.804433892,-11657.1968957678
oil,Female,NHB,65-74,34,1390166,10.9512405,0.448086764,9.678674093,0,g/day,kgCO2-eq,L-eq,L,1,1,1,1,1,1,Food_price,USD,0,0,0
oil,Female,NHB,65-74,34,1390166,10.9512405,0.448086764,9.678674093,0,g/day,kgCO2-eq,L-eq,L,1,1,1,1,1,1,FL,mrh-eq,-439.289752877459,-836.976977605147,-570.246460902909
sat_fat,Female,NHB,65-74,34,1390166,8.001402142,0.224974681,3.945937497,0,g/day,kgCO2-eq,L-eq,L,1,1,1,1,1,1,CED,MJ,-270789.72432754,-281070.736356333,-268275.736716839
sat_fat,Female,NHB,65-74,34,1390166,8.001402142,0.224974681,3.945937497,0,g/day,kgCO2-eq,L-eq,L,1,1,1,1,1,1,Food_price,USD,-9945.16816156215,-10322.7541048667,-9852.83810876347
sat_fat,Female,NHB,65-74,34,1390166,8.001402142,0.224974681,3.945937497,0,g/day,kgCO2-eq,L-eq,L,1,1,1,1,1,1,FL,mrh-eq,-7009.94626316396,-7276.09130257325,-6944.86654826327
added_sugar,Female,HIS,65-74,35,1616432,3.130704687,0.257879447,1.720803038,0,tsp eq/day,kgCO2-eq,L-eq,L,1,1,1,1,1,1,CED,MJ,-48384.352054396,-51981.6069662079,-51238.6164297031
added_sugar,Female,HIS,65-74,35,1616432,3.130704687,0.257879447,1.720803038,0,tsp eq/day,kgCO2-eq,L-eq,L,1,1,1,1,1,1,Food_price,USD,-88386.5344480877,-94957.8510345734,-93600.5866327362
added_sugar,Female,HIS,65-74,35,1616432,3.130704687,0.257879447,1.720803038,0,tsp eq/day,kgCO2-eq,L-eq,L,1,1,1,1,1,1,FL,mrh-eq,-2671.70251187223,-2870.33687557989,-2829.31018826484
oil,Female,HIS,65-74,35,1616432,8.473937682,0.429681737,8.286719211,0,g/day,kgCO2-eq,L-eq,L,1,1,1,1,1,1,CED,MJ,-2280.5171347193,-14842.503084721,2312.65192240392
oil,Female,HIS,65-74,35,1616432,8.473937682,0.429681737,8.286719211,0,g/day,kgCO2-eq,L-eq,L,1,1,1,1,1,1,Food_price,USD,-786.162780738246,-5116.65679707182,797.240607631083
oil,Female,HIS,65-74,35,1616432,8.473937682,0.429681737,8.286719211,0,g/day,kgCO2-eq,L-eq,L,1,1,1,1,1,1,FL,mrh-eq,-107.76894839239,-701.402732125521,109.28752162425
sat_fat,Female,HIS,65-74,35,1616432,6.700585978,0.228936688,3.721617129,0,g/day,kgCO2-eq,L-eq,L,1,1,1,1,1,1,CED,MJ,-244021.403970729,-278120.171223772,-270116.962261225
sat_fat,Female,HIS,65-74,35,1616432,6.700585978,0.228936688,3.721617129,0,g/day,kgCO2-eq,L-eq,L,1,1,1,1,1,1,Food_price,USD,-11160.473117399,-12720.0017860796,-12353.9699666326
sat_fat,Female,HIS,65-74,35,1616432,6.700585978,0.228936688,3.721617129,0,g/day,kgCO2-eq,L-eq,L,1,1,1,1,1,1,FL,mrh-eq,-6552.40713424597,-7468.01946243597,-7253.11911906551
added_sugar,Female,OTH,65-74,36,1089947,2.409806483,0.258418655,1.500088779,0,tsp eq/day,kgCO2-eq,L-eq,L,1,1,1,1,1,1,CED,MJ,-24837.0628889028,-29577.9066404583,-22085.3174666883
added_sugar,Female,OTH,65-74,36,1089947,2.409806483,0.258418655,1.500088779,0,tsp eq/day,kgCO2-eq,L-eq,L,1,1,1,1,1,1,Food_price,USD,-72397.1025004655,-86216.1016532762,-64376.089859866
added_sugar,Female,OTH,65-74,36,1089947,2.409806483,0.258418655,1.500088779,0,tsp eq/day,kgCO2-eq,L-eq,L,1,1,1,1,1,1,FL,mrh-eq,-1318.46315618609,-1570.12849373507,-1172.38811620966
oil,Female,OTH,65-74,36,1089947,7.546358166,0.456443066,6.771408125,0,g/day,kgCO2-eq,L-eq,L,1,1,1,1,1,1,CED,MJ,368.676900250209,-12959.9621589899,-9831.91277807408
oil,Female,OTH,65-74,36,1089947,7.546358166,0.456443066,6.771408125,0,g/day,kgCO2-eq,L-eq,L,1,1,1,1,1,1,Food_price,USD,0,0,0
oil,Female,OTH,65-74,36,1089947,7.546358166,0.456443066,6.771408125,0,g/day,kgCO2-eq,L-eq,L,1,1,1,1,1,1,FL,mrh-eq,19.6625242348209,-691.189412356886,-524.362180387019
sat_fat,Female,OTH,65-74,36,1089947,4.512766745,0.252018713,2.416841331,0,g/day,kgCO2-eq,L-eq,L,1,1,1,1,1,1,CED,MJ,-117741.841821549,-102706.047669313,-107508.079290859
sat_fat,Female,OTH,65-74,36,1089947,4.512766745,0.252018713,2.416841331,0,g/day,kgCO2-eq,L-eq,L,1,1,1,1,1,1,Food_price,USD,-5478.24633076081,-4778.66678562847,-5002.09383334532
sat_fat,Female,OTH,65-74,36,1089947,4.512766745,0.252018713,2.416841331,0,g/day,kgCO2-eq,L-eq,L,1,1,1,1,1,1,FL,mrh-eq,-3077.99297727905,-2684.92906650263,-2810.46319590917
added_sugar,Male,NHW,65-74,37,10345066,3.891425569,0.201939335,1.948441695,0,tsp eq/day,kgCO2-eq,L-eq,L,1,1,1,1,1,1,CED,MJ,-521594.216790685,-595151.983039597,-515573.843552886
added_sugar,Male,NHW,65-74,37,10345066,3.891425569,0.201939335,1.948441695,0,tsp eq/day,kgCO2-eq,L-eq,L,1,1,1,1,1,1,Food_price,USD,-1271623.70610549,-1450954.29743338,-1256946.3015593
added_sugar,Male,NHW,65-74,37,10345066,3.891425569,0.201939335,1.948441695,0,tsp eq/day,kgCO2-eq,L-eq,L,1,1,1,1,1,1,FL,mrh-eq,-25421.8820917879,-29007.000178451,-25128.4562567747
oil,Male,NHW,65-74,37,10345066,10.28688757,0.37974256,10.15153379,0,g/day,kgCO2-eq,L-eq,L,1,1,1,1,1,1,CED,MJ,17590.3479583946,-68077.0489166202,-11031.8341997181
oil,Male,NHW,65-74,37,10345066,10.28688757,0.37974256,10.15153379,0,g/day,kgCO2-eq,L-eq,L,1,1,1,1,1,1,Food_price,USD,3593.62016884868,-13907.8008349297,-2253.74858833206
oil,Male,NHW,65-74,37,10345066,10.28688757,0.37974256,10.15153379,0,g/day,kgCO2-eq,L-eq,L,1,1,1,1,1,1,FL,mrh-eq,847.514419500708,-3279.9965486957,-531.520955692082
sat_fat,Male,NHW,65-74,37,10345066,8.570310859,0.160693329,4.200082491,0,g/day,kgCO2-eq,L-eq,L,1,1,1,1,1,1,CED,MJ,-2463762.56401609,-2310047.75907534,-2321880.1705416
sat_fat,Male,NHW,65-74,37,10345066,8.570310859,0.160693329,4.200082491,0,g/day,kgCO2-eq,L-eq,L,1,1,1,1,1,1,Food_price,USD,-124156.755902198,-116410.582713954,-117006.85519719
sat_fat,Male,NHW,65-74,37,10345066,8.570310859,0.160693329,4.200082491,0,g/day,kgCO2-eq,L-eq,L,1,1,1,1,1,1,FL,mrh-eq,-67683.8012939083,-63460.9908390801,-63786.0475625674
added_sugar,Male,NHB,65-74,38,1099252,5.787583286,0.339808138,2.581095856,0,tsp eq/day,kgCO2-eq,L-eq,L,1,1,1,1,1,1,CED,MJ,-90064.3795108312,-97328.07367982,-104974.433724881
added_sugar,Male,NHB,65-74,38,1099252,5.787583286,0.339808138,2.581095856,0,tsp eq/day,kgCO2-eq,L-eq,L,1,1,1,1,1,1,Food_price,USD,-230427.092177111,-249011.042179483,-268574.031682017
added_sugar,Male,NHB,65-74,38,1099252,5.787583286,0.339808138,2.581095856,0,tsp eq/day,kgCO2-eq,L-eq,L,1,1,1,1,1,1,FL,mrh-eq,-4078.44004475462,-4407.36632318517,-4753.62109309272
oil,Male,NHB,65-74,38,1099252,10.42253139,0.542421641,10.84843283,0,g/day,kgCO2-eq,L-eq,L,1,1,1,1,1,1,CED,MJ,-5290.66304423862,-5954.96221274048,-3606.57009614211
oil,Male,NHB,65-74,38,1099252,10.42253139,0.542421641,10.84843283,0,g/day,kgCO2-eq,L-eq,L,1,1,1,1,1,1,Food_price,USD,-1860.75456497233,-2094.39214498099,-1268.45004381769
oil,Male,NHB,65-74,38,1099252,10.42253139,0.542421641,10.84843283,0,g/day,kgCO2-eq,L-eq,L,1,1,1,1,1,1,FL,mrh-eq,-250.679916949986,-282.15545394744,-170.884950452428
sat_fat,Male,NHB,65-74,38,1099252,9.246018799,0.349948919,4.91033588,0,g/day,kgCO2-eq,L-eq,L,1,1,1,1,1,1,CED,MJ,-241064.793913689,-230323.641683218,-263718.25085667
sat_fat,Male,NHB,65-74,38,1099252,9.246018799,0.349948919,4.91033588,0,g/day,kgCO2-eq,L-eq,L,1,1,1,1,1,1,Food_price,USD,-10646.5859424369,-10172.2047667956,-11647.0720454516
sat_fat,Male,NHB,65-74,38,1099252,9.246018799,0.349948919,4.91033588,0,g/day,kgCO2-eq,L-eq,L,1,1,1,1,1,1,FL,mrh-eq,-6612.00820030189,-6317.3961772207,-7233.35502013576
added_sugar,Male,HIS,65-74,39,1168063,3.450182257,0.335833048,2.049442705,0,tsp eq/day,kgCO2-eq,L-eq,L,1,1,1,1,1,1,CED,MJ,-53771.1569387982,-38746.9441830716,-22418.1435556273
added_sugar,Male,HIS,65-74,39,1168063,3.450182257,0.335833048,2.049442705,0,tsp eq/day,kgCO2-eq,L-eq,L,1,1,1,1,1,1,Food_price,USD,-189691.216289849,-136689.544879375,-79085.6131823157
added_sugar,Male,HIS,65-74,39,1168063,3.450182257,0.335833048,2.049442705,0,tsp eq/day,kgCO2-eq,L-eq,L,1,1,1,1,1,1,FL,mrh-eq,-2686.11779799563,-1935.58893491084,-1119.88987834743
oil,Male,HIS,65-74,39,1168063,8.262578397,0.480755143,8.65359258,0,g/day,kgCO2-eq,L-eq,L,1,1,1,1,1,1,CED,MJ,-262.287972242287,3732.50442272017,3844.14789484083
oil,Male,HIS,65-74,39,1168063,8.262578397,0.480755143,8.65359258,0,g/day,kgCO2-eq,L-eq,L,1,1,1,1,1,1,Food_price,USD,-89.8253168606667,1278.26445714778,1316.4988076326
oil,Male,HIS,65-74,39,1168063,8.262578397,0.480755143,8.65359258,0,g/day,kgCO2-eq,L-eq,L,1,1,1,1,1,1,FL,mrh-eq,-12.6300190170124,179.732228805719,185.108225135077
sat_fat,Male,HIS,65-74,39,1168063,7.021497261,0.2809834,4.115943645,0,g/day,kgCO2-eq,L-eq,L,1,1,1,1,1,1,CED,MJ,-171391.535452815,-182442.014838763,-159431.841469339
sat_fat,Male,HIS,65-74,39,1168063,7.021497261,0.2809834,4.115943645,0,g/day,kgCO2-eq,L-eq,L,1,1,1,1,1,1,Food_price,USD,-5447.39673268296,-5798.61795923044,-5067.27762261518
sat_fat,Male,HIS,65-74,39,1168063,7.021497261,0.2809834,4.115943645,0,g/day,kgCO2-eq,L-eq,L,1,1,1,1,1,1,FL,mrh-eq,-4677.74292384441,-4979.34067554282,-4351.33022350454
added_sugar,Male,OTH,65-74,40,989548,3.442744919,0.428309998,1.935527458,0,tsp eq/day,kgCO2-eq,L-eq,L,1,1,1,1,1,1,CED,MJ,-39353.0059115499,-28163.05257061,-36561.1208422942
added_sugar,Male,OTH,65-74,40,989548,3.442744919,0.428309998,1.935527458,0,tsp eq/day,kgCO2-eq,L-eq,L,1,1,1,1,1,1,Food_price,USD,-79463.6747500422,-56868.3280374898,-73826.152483472
added_sugar,Male,OTH,65-74,40,989548,3.442744919,0.428309998,1.935527458,0,tsp eq/day,kgCO2-eq,L-eq,L,1,1,1,1,1,1,FL,mrh-eq,-2047.89686955231,-1465.58123986819,-1902.60955131468
oil,Male,OTH,65-74,40,989548,7.935884205,0.491030997,7.93882451,0,g/day,kgCO2-eq,L-eq,L,1,1,1,1,1,1,CED,MJ,-8259.21411152476,-2227.01405067313,-2287.6290841739
oil,Male,OTH,65-74,40,989548,7.935884205,0.491030997,7.93882451,0,g/day,kgCO2-eq,L-eq,L,1,1,1,1,1,1,Food_price,USD,0,0,0
oil,Male,OTH,65-74,40,989548,7.935884205,0.491030997,7.93882451,0,g/day,kgCO2-eq,L-eq,L,1,1,1,1,1,1,FL,mrh-eq,-422.066704933757,-113.806043712706,-116.90362504595
sat_fat,Male,OTH,65-74,40,989548,6.218753364,0.244606217,3.836001034,0,g/day,kgCO2-eq,L-eq,L,1,1,1,1,1,1,CED,MJ,-121163.203422066,-110139.002305415,-100467.987456269
sat_fat,Male,OTH,65-74,40,989548,6.218753364,0.244606217,3.836001034,0,g/day,kgCO2-eq,L-eq,L,1,1,1,1,1,1,Food_price,USD,-4669.84456736207,-4244.95232087061,-3872.21427104505
sat_fat,Male,OTH,65-74,40,989548,6.218753364,0.244606217,3.836001034,0,g/day,kgCO2-eq,L-eq,L,1,1,1,1,1,1,FL,mrh-eq,-3248.60239940613,-2953.02383109825,-2693.72660920008
added_sugar,Female,NHW,75+,41,9145660,4.215096021,0.171797829,1.727657038,0,tsp eq/day,kgCO2-eq,L-eq,L,1,1,1,1,1,1,CED,MJ,-570595.76553703,-594547.858062396,-551784.816697043
added_sugar,Female,NHW,75+,41,9145660,4.215096021,0.171797829,1.727657038,0,tsp eq/day,kgCO2-eq,L-eq,L,1,1,1,1,1,1,Food_price,USD,-1469122.55116817,-1530792.40818782,-1420689.68359565
added_sugar,Female,NHW,75+,41,9145660,4.215096021,0.171797829,1.727657038,0,tsp eq/day,kgCO2-eq,L-eq,L,1,1,1,1,1,1,FL,mrh-eq,-31501.4817385315,-32823.830151996,-30462.9658623936
oil,Female,NHW,75+,41,9145660,8.711999115,0.272831289,8.370960004,0,g/day,kgCO2-eq,L-eq,L,1,1,1,1,1,1,CED,MJ,-41245.4542634464,-4463.8589361539,-37399.6944622756
oil,Female,NHW,75+,41,9145660,8.711999115,0.272831289,8.370960004,0,g/day,kgCO2-eq,L-eq,L,1,1,1,1,1,1,Food_price,USD,-13044.4200983903,-1411.75439240464,-11828.1477275358
oil,Female,NHW,75+,41,9145660,8.711999115,0.272831289,8.370960004,0,g/day,kgCO2-eq,L-eq,L,1,1,1,1,1,1,FL,mrh-eq,-2006.32977568206,-217.138427930644,-1819.25795075011
sat_fat,Female,NHW,75+,41,9145660,8.165486842,0.152784577,3.771515579,0,g/day,kgCO2-eq,L-eq,L,1,1,1,1,1,1,CED,MJ,-2139954.46807099,-2136636.47606384,-2122554.44034157
sat_fat,Female,NHW,75+,41,9145660,8.165486842,0.152784577,3.771515579,0,g/day,kgCO2-eq,L-eq,L,1,1,1,1,1,1,Food_price,USD,-89855.3725453268,-89716.0521007316,-89124.7560778955
sat_fat,Female,NHW,75+,41,9145660,8.165486842,0.152784577,3.771515579,0,g/day,kgCO2-eq,L-eq,L,1,1,1,1,1,1,FL,mrh-eq,-56389.6897928212,-56302.2577736779,-55931.1836980945
added_sugar,Female,NHB,75+,42,1249362,4.460307686,0.391123102,1.790140353,0,tsp eq/day,kgCO2-eq,L-eq,L,1,1,1,1,1,1,CED,MJ,-86397.8432822565,-83798.1488474064,-93292.3219387017
added_sugar,Female,NHB,75+,42,1249362,4.460307686,0.391123102,1.790140353,0,tsp eq/day,kgCO2-eq,L-eq,L,1,1,1,1,1,1,Food_price,USD,-193860.04172845,-188026.830476003,-209329.917702876
added_sugar,Female,NHB,75+,42,1249362,4.460307686,0.391123102,1.790140353,0,tsp eq/day,kgCO2-eq,L-eq,L,1,1,1,1,1,1,FL,mrh-eq,-4403.26420334,-4270.77083302287,-4754.64115807993
oil,Female,NHB,75+,42,1249362,7.739694764,0.51648601,6.835844247,0,g/day,kgCO2-eq,L-eq,L,1,1,1,1,1,1,CED,MJ,-16015.8636357852,-9779.04270028792,-11660.3398060765
oil,Female,NHB,75+,42,1249362,7.739694764,0.51648601,6.835844247,0,g/day,kgCO2-eq,L-eq,L,1,1,1,1,1,1,Food_price,USD,0,0,0
oil,Female,NHB,75+,42,1249362,7.739694764,0.51648601,6.835844247,0,g/day,kgCO2-eq,L-eq,L,1,1,1,1,1,1,FL,mrh-eq,-732.349272927786,-447.161325442598,-533.186443969894
sat_fat,Female,NHB,75+,42,1249362,6.216394315,0.259337392,3.422740034,0,g/day,kgCO2-eq,L-eq,L,1,1,1,1,1,1,CED,MJ,-174988.719707677,-130527.45230489,-171981.655799469
sat_fat,Female,NHB,75+,42,1249362,6.216394315,0.259337392,3.422740034,0,g/day,kgCO2-eq,L-eq,L,1,1,1,1,1,1,Food_price,USD,-8349.27407108209,-6227.88414541333,-8205.79739006615
sat_fat,Female,NHB,75+,42,1249362,6.216394315,0.259337392,3.422740034,0,g/day,kgCO2-eq,L-eq,L,1,1,1,1,1,1,FL,mrh-eq,-4489.04890103283,-3348.46793154847,-4411.90760326789
added_sugar,Female,HIS,75+,43,737080,3.91778961,0.239701608,1.901632754,0,tsp eq/day,kgCO2-eq,L-eq,L,1,1,1,1,1,1,CED,MJ,-39522.9991931584,-33232.4967912575,-34254.5625383612
added_sugar,Female,HIS,75+,43,737080,3.91778961,0.239701608,1.901632754,0,tsp eq/day,kgCO2-eq,L-eq,L,1,1,1,1,1,1,Food_price,USD,-121182.169059805,-101894.7480366,-105028.521957714
added_sugar,Female,HIS,75+,43,737080,3.91778961,0.239701608,1.901632754,0,tsp eq/day,kgCO2-eq,L-eq,L,1,1,1,1,1,1,FL,mrh-eq,-2217.24515708255,-1864.34719207576,-1921.68520726307
oil,Female,HIS,75+,43,737080,8.034257826,0.472276567,7.500863116,0,g/day,kgCO2-eq,L-eq,L,1,1,1,1,1,1,CED,MJ,-3904.83614182384,1691.74047847978,-4262.84967447777
oil,Female,HIS,75+,43,737080,8.034257826,0.472276567,7.500863116,0,g/day,kgCO2-eq,L-eq,L,1,1,1,1,1,1,Food_price,USD,-1344.48020637854,582.48579582729,-1467.74840273467
oil,Female,HIS,75+,43,737080,8.034257826,0.472276567,7.500863116,0,g/day,kgCO2-eq,L-eq,L,1,1,1,1,1,1,FL,mrh-eq,-181.117954331188,78.4679724303132,-197.723690475311
sat_fat,Female,HIS,75+,43,737080,6.233973681,0.276407384,3.289741456,0,g/day,kgCO2-eq,L-eq,L,1,1,1,1,1,1,CED,MJ,-114615.725608749,-100320.33692257,-115872.719376997
sat_fat,Female,HIS,75+,43,737080,6.233973681,0.276407384,3.289741456,0,g/day,kgCO2-eq,L-eq,L,1,1,1,1,1,1,Food_price,USD,-4066.93326817884,-3559.68706334452,-4111.53543552395
sat_fat,Female,HIS,75+,43,737080,6.233973681,0.276407384,3.289741456,0,g/day,kgCO2-eq,L-eq,L,1,1,1,1,1,1,FL,mrh-eq,-3051.52037143518,-2670.92102905201,-3084.98647802923
added_sugar,Female,OTH,75+,44,689818,2.599280674,0.363147954,1.27727901,0,tsp eq/day,kgCO2-eq,L-eq,L,1,1,1,1,1,1,CED,MJ,-27817.5697734915,-17511.0144233415,-15326.0083330288
added_sugar,Female,OTH,75+,44,689818,2.599280674,0.363147954,1.27727901,0,tsp eq/day,kgCO2-eq,L-eq,L,1,1,1,1,1,1,Food_price,USD,-56354.3651807383,-35474.7776147773,-31048.271915744
added_sugar,Female,OTH,75+,44,689818,2.599280674,0.363147954,1.27727901,0,tsp eq/day,kgCO2-eq,L-eq,L,1,1,1,1,1,1,FL,mrh-eq,-1376.12020143136,-866.26045667294,-758.16938165764
oil,Female,OTH,75+,44,689818,8.14392865,0.960004248,8.698025061,0,g/day,kgCO2-eq,L-eq,L,1,1,1,1,1,1,CED,MJ,999.370318236626,-5014.73492824913,-5536.26369745134
oil,Female,OTH,75+,44,689818,8.14392865,0.960004248,8.698025061,0,g/day,kgCO2-eq,L-eq,L,1,1,1,1,1,1,Food_price,USD,340.569554450566,-1708.94212989535,-1886.67086299777
oil,Female,OTH,75+,44,689818,8.14392865,0.960004248,8.698025061,0,g/day,kgCO2-eq,L-eq,L,1,1,1,1,1,1,FL,mrh-eq,52.4019562150624,-262.947493381562,-290.293840606334
sat_fat,Female,OTH,75+,44,689818,4.817900696,0.320762826,2.869643265,0,g/day,kgCO2-eq,L-eq,L,1,1,1,1,1,1,CED,MJ,-71025.8319935691,-92632.4811843991,-50563.2609968021
sat_fat,Female,OTH,75+,44,689818,4.817900696,0.320762826,2.869643265,0,g/day,kgCO2-eq,L-eq,L,1,1,1,1,1,1,Food_price,USD,-3106.61427091643,-4051.67218630974,-2211.59743980135
sat_fat,Female,OTH,75+,44,689818,4.817900696,0.320762826,2.869643265,0,g/day,kgCO2-eq,L-eq,L,1,1,1,1,1,1,FL,mrh-eq,-1863.55182177502,-2430.45979499906,-1326.66178629218
added_sugar,Male,NHW,75+,45,6831819,3.854832289,0.162130423,1.727777938,0,tsp eq/day,kgCO2-eq,L-eq,L,1,1,1,1,1,1,CED,MJ,-428940.15432306,-356273.058808561,-423400.972044649
added_sugar,Male,NHW,75+,45,6831819,3.854832289,0.162130423,1.727777938,0,tsp eq/day,kgCO2-eq,L-eq,L,1,1,1,1,1,1,Food_price,USD,-1004244.60760104,-834114.723315352,-991276.145969383
added_sugar,Male,NHW,75+,45,6831819,3.854832289,0.162130423,1.727777938,0,tsp eq/day,kgCO2-eq,L-eq,L,1,1,1,1,1,1,FL,mrh-eq,-21553.831724771,-17902.379808083,-21275.4931231772
oil,Male,NHW,75+,45,6831819,7.452020253,0.21215716,7.955893508,0,g/day,kgCO2-eq,L-eq,L,1,1,1,1,1,1,CED,MJ,20333.3172705698,23086.0444058233,21168.3511183304
oil,Male,NHW,75+,45,6831819,7.452020253,0.21215716,7.955893508,0,g/day,kgCO2-eq,L-eq,L,1,1,1,1,1,1,Food_price,USD,0,0,0
oil,Male,NHW,75+,45,6831819,7.452020253,0.21215716,7.955893508,0,g/day,kgCO2-eq,L-eq,L,1,1,1,1,1,1,FL,mrh-eq,958.760948499719,1088.55813033864,998.134644058343
sat_fat,Male,NHW,75+,45,6831819,7.484129523,0.145222194,3.456806879,0,g/day,kgCO2-eq,L-eq,L,1,1,1,1,1,1,CED,MJ,-1511769.07135425,-1487161.38583641,-1443193.56738929
sat_fat,Male,NHW,75+,45,6831819,7.484129523,0.145222194,3.456806879,0,g/day,kgCO2-eq,L-eq,L,1,1,1,1,1,1,Food_price,USD,-65376.485329733,-64312.3254512574,-62410.9362165154
sat_fat,Male,NHW,75+,45,6831819,7.484129523,0.145222194,3.456806879,0,g/day,kgCO2-eq,L-eq,L,1,1,1,1,1,1,FL,mrh-eq,-40613.6714605973,-39952.5860647095,-38771.3907571146
added_sugar,Male,NHB,75+,46,670963,3.505160962,0.366009761,1.60325748,0,tsp eq/day,kgCO2-eq,L-eq,L,1,1,1,1,1,1,CED,MJ,-38579.5071519459,-29339.6122521875,-35463.4199746538
added_sugar,Male,NHB,75+,46,670963,3.505160962,0.366009761,1.60325748,0,tsp eq/day,kgCO2-eq,L-eq,L,1,1,1,1,1,1,Food_price,USD,-94849.9641825636,-72133.144684559,-87188.88245874
added_sugar,Male,NHB,75+,46,670963,3.505160962,0.366009761,1.60325748,0,tsp eq/day,kgCO2-eq,L-eq,L,1,1,1,1,1,1,FL,mrh-eq,-1723.93247056742,-1311.04604411341,-1584.68953402873
oil,Male,NHB,75+,46,670963,8.685841879,0.609893434,9.251192533,0,g/day,kgCO2-eq,L-eq,L,1,1,1,1,1,1,CED,MJ,1146.04420666762,10534.6773715322,4061.47415759042
oil,Male,NHB,75+,46,670963,8.685841879,0.609893434,9.251192533,0,g/day,kgCO2-eq,L-eq,L,1,1,1,1,1,1,Food_price,USD,0,0,0
oil,Male,NHB,75+,46,670963,8.685841879,0.609893434,9.251192533,0,g/day,kgCO2-eq,L-eq,L,1,1,1,1,1,1,FL,mrh-eq,51.4429515690676,472.874339983169,182.309039365477
sat_fat,Male,NHB,75+,46,670963,6.557128318,0.293372303,3.430397193,0,g/day,kgCO2-eq,L-eq,L,1,1,1,1,1,1,CED,MJ,-108202.73317575,-95194.5713988984,-98191.2769875016
sat_fat,Male,NHB,75+,46,670963,6.557128318,0.293372303,3.430397193,0,g/day,kgCO2-eq,L-eq,L,1,1,1,1,1,1,Food_price,USD,-5165.77403461193,-4544.74328637987,-4687.81087316476
sat_fat,Male,NHB,75+,46,670963,6.557128318,0.293372303,3.430397193,0,g/day,kgCO2-eq,L-eq,L,1,1,1,1,1,1,FL,mrh-eq,-2868.49778378395,-2523.64620626055,-2603.09007137622
added_sugar,Male,HIS,75+,47,548525,3.760520832,0.459476607,1.83277261,0,tsp eq/day,kgCO2-eq,L-eq,L,1,1,1,1,1,1,CED,MJ,-32639.9951375493,-25783.5694721048,-27351.1550743599
added_sugar,Male,HIS,75+,47,548525,3.760520832,0.459476607,1.83277261,0,tsp eq/day,kgCO2-eq,L-eq,L,1,1,1,1,1,1,Food_price,USD,-73581.0748235634,-58124.4803055426,-61658.3237698506
added_sugar,Male,HIS,75+,47,548525,3.760520832,0.459476607,1.83277261,0,tsp eq/day,kgCO2-eq,L-eq,L,1,1,1,1,1,1,FL,mrh-eq,-1430.63704683199,-1130.11443570727,-1198.82296422315
oil,Male,HIS,75+,47,548525,7.640175721,0.512128354,7.514926939,0,g/day,kgCO2-eq,L-eq,L,1,1,1,1,1,1,CED,MJ,2563.20123631295,1779.06707646143,2059.60280839413
oil,Male,HIS,75+,47,548525,7.640175721,0.512128354,7.514926939,0,g/day,kgCO2-eq,L-eq,L,1,1,1,1,1,1,Food_price,USD,0,0,0
oil,Male,HIS,75+,47,548525,7.640175721,0.512128354,7.514926939,0,g/day,kgCO2-eq,L-eq,L,1,1,1,1,1,1,FL,mrh-eq,121.227446948197,84.1415635158032,97.4095933833546
sat_fat,Male,HIS,75+,47,548525,6.60945712,0.32583809,3.744329087,0,g/day,kgCO2-eq,L-eq,L,1,1,1,1,1,1,CED,MJ,-76578.2858363226,-76627.1531433579,-71569.9694825501
sat_fat,Male,HIS,75+,47,548525,6.60945712,0.32583809,3.744329087,0,g/day,kgCO2-eq,L-eq,L,1,1,1,1,1,1,Food_price,USD,-3155.22662330351,-3157.24008477608,-2948.87082773079
sat_fat,Male,HIS,75+,47,548525,6.60945712,0.32583809,3.744329087,0,g/day,kgCO2-eq,L-eq,L,1,1,1,1,1,1,FL,mrh-eq,-2130.72415136911,-2132.08384165435,-1991.37210795188
added_sugar,Male,OTH,75+,48,638884,1.849965057,0.247668791,1.078265348,0,tsp eq/day,kgCO2-eq,L-eq,L,1,1,1,1,1,1,CED,MJ,-12084.5868670286,-17475.9914521751,-10376.1730449086
added_sugar,Male,OTH,75+,48,638884,1.849965057,0.247668791,1.078265348,0,tsp eq/day,kgCO2-eq,L-eq,L,1,1,1,1,1,1,Food_price,USD,-17394.9962707796,-25155.5811947678,-14935.84293838
added_sugar,Male,OTH,75+,48,638884,1.849965057,0.247668791,1.078265348,0,tsp eq/day,kgCO2-eq,L-eq,L,1,1,1,1,1,1,FL,mrh-eq,-787.748242813903,-1139.19339646129,-676.383245302417
oil,Male,OTH,75+,48,638884,4.858198088,0.316338865,5.176454159,0,g/day,kgCO2-eq,L-eq,L,1,1,1,1,1,1,CED,MJ,2345.18674358723,3297.14201579458,2678.67538888696
oil,Male,OTH,75+,48,638884,4.858198088,0.316338865,5.176454159,0,g/day,kgCO2-eq,L-eq,L,1,1,1,1,1,1,Food_price,USD,0,0,0
oil,Male,OTH,75+,48,638884,4.858198088,0.316338865,5.176454159,0,g/day,kgCO2-eq,L-eq,L,1,1,1,1,1,1,FL,mrh-eq,110.755628858244,155.713415314503,126.505225229729
sat_fat,Male,OTH,75+,48,638884,4.859119066,0.170923786,2.712397703,0,g/day,kgCO2-eq,L-eq,L,1,1,1,1,1,1,CED,MJ,-67013.648238252,-66167.8937943881,-73154.5336513095
sat_fat,Male,OTH,75+,48,638884,4.859119066,0.170923786,2.712397703,0,g/day,kgCO2-eq,L-eq,L,1,1,1,1,1,1,Food_price,USD,-4180.90511053853,-4128.13945504041,-4564.02795016373
sat_fat,Male,OTH,75+,48,638884,4.859119066,0.170923786,2.712397703,0,g/day,kgCO2-eq,L-eq,L,1,1,1,1,1,1,FL,mrh-eq,-1845.96112060075,-1822.66392873025,-2015.11824033054
