age_gp,race_gp,outcome,outcome_unit,impact_lower_bound (2.5th percentile),impact_median,impact_upper_bound (97.5th percentile),impact_mean,impact_SD,substitution_impact_lower_bound (2.5th percentile),substitution_impact_median,substitution_impact_upper_bound  (97.5th percentile),substitution_impact_mean,substitution_impact_SD,combined_impact_lower_bound (2.5th percentile),combined_impact_median,combined_impact_upper_bound  (97.5th percentile),combined_impact_mean,combined_impact_SD,delta_lower_bound (2.5th percentile),delta_median,delta_upper_bound (97.5th percentile),delta_mean,delta_SD,combined_consumed_impact_lower_bound (2.5th percentile),combined_consumed_impact_median,combined_consumed_upper_bound (97.5th percentile),combined_consumed_impact_mean,combined_consumed_impact_SD,combined_unconsumed_impact_lower_bound (2.5th percentile),combined_unconsumed_impact_median,combined_unconsumed_upper_bound (97.5th percentile),combined_unconsumed_impact_mean,combined_unconsumed_impact_SD,current_intake_impact_lower_bound (2.5th percentile),current_intake_impact_median,current_intake_impact_upper_bound (97.5th percentile),current_intake_impact_mean,current_intake_impact_SD,CF_intake_impact_lower_bound (2.5th percentile),CF_intake_impact_median,CF_intake_impact_upper_bound  (97.5th percentile),CF_intake_impact_mean,CF_intake_impact_SD,current_intake_consumed_impact_lower_bound (2.5th percentile),current_intake_consumed_impact_median,current_intake_consumed_upper_bound (97.5th percentile),current_intake_consumed_impact_mean,current_intake_consumed_impact_SD,CF_intake_consumed_impact_lower_bound (2.5th percentile),CF_intake_consumed_impact_median,CF_intake_consumed_impact_upper_bound (97.5th percentile),CF_intake_consumed_impact_mean,CF_intake_consumed_impact_SD,current_intake_unconsumed_impact_lower_bound (2.5th percentile),current_intake_unconsumed_impact_median,current_intake_unconsumed_upper_bound (97.5th percentile),current_intake_unconsumed_impact_mean,current_intake_unconsumed_impact_SD,CF_intake_unconsumed_impact_lower_bound (2.5th percentile),CF_intake_unconsumed_impact_median,CF_intake_unconsumed_impact_upper_bound (97.5th percentile),CF_intake_unconsumed_impact_mean,CF_intake_unconsumed_impact_SD,inedible_impact_lower_bound (2.5th percentile),inedible_impact_median,inedible_upper_bound (97.5th percentile),inedible_consumed_impact_mean,inedible_impact_SD,wasted_impact_lower_bound (2.5th percentile),wasted_impact_median,wasted_unconsumed_upper_bound (97.5th percentile),wasted_unconsumed_impact_mean,wasted_impact_SD,current_intake_inedible_impact_lower_bound (2.5th percentile),current_intake_inedible_impact_median,current_intake_inedible_upper_bound (97.5th percentile),current_intake_inedible_impact_mean,current_intake_inedible_impact_SD,CF_intake_inedible_impact_lower_bound (2.5th percentile),CF_intake_inedible_impact_median,CF_intake_inedible_impact_upper_bound (97.5th percentile),CF_intake_inedible_impact_mean,CF_intake_inedible_impact_SD,current_intake_wasted_impact_lower_bound (2.5th percentile),current_intake_wasted_impact_median,current_intake_wasted_upper_bound (97.5th percentile),current_intake_wasted_impact_mean,current_intake_wasted_impact_SD,CF_intake_wasted_impact_lower_bound (2.5th percentile),CF_intake_wasted_impact_median,CF_intake_unconsumed_wasted_upper_bound (97.5th percentile),CF_intake_wasted_impact_mean,CF_intake_wasted_impact_SD
20-34,HIS,CED,MJ,-13993820.446513213,-13653753.329027362,-13637540.582451254,-13767386.441627271,211769.94045228997,0,0,0,0,0,-13993820.446513213,-13653753.329027362,-13637540.582451254,-13767386.441627271,211769.94045228997,-336457814.60590416,-327022370.1674942,-326110615.84747267,-330013138.6300866,6030446.448238788,-10237566.889312597,-9988505.178084437,-9986864.299604012,-10075319.505364344,151865.11544991116,-3756253.5572006246,-3665248.150942938,-3650676.2828472434,-3692066.9362629354,60225.62098823898,34266206.57161199,34282419.3181881,34622486.43567395,34396052.43078802,211769.94045229096,20628665.98916074,20628665.98916074,20628665.98916074,20628665.98916074,0,25640151.109919455,25641791.988399886,25890853.69962802,25728606.315679785,151865.11544989882,15653286.810315449,15653286.810315449,15653286.810315449,15653286.81031545,0,8626055.461692538,8640627.32978823,8731632.736045923,8667446.115108231,60225.62098824164,4975379.178845293,4975379.178845293,4975379.178845293,4975379.178845293,0,0,0,0,0,0,-3756253.5572006246,-3665248.150942938,-3650676.2828472434,-3692066.9362629354,60225.62098823898,0,0,0,0,0,0,0,0,0,0,8626055.461692538,8640627.32978823,8731632.736045923,8667446.115108231,60225.62098824164,4975379.178845293,4975379.178845293,4975379.178845293,4975379.178845293,0
20-34,HIS,FL,mrh-eq,-435135.9845781121,-424426.0614439635,-421748.51913755987,-427244.44068176876,7456.812154634076,0,0,0,0,0,-435135.9845781121,-424426.0614439635,-421748.51913755987,-427244.44068176876,7456.812154634076,-336457814.60590416,-327022370.1674942,-326110615.84747267,-330013138.6300866,6030446.448238788,-313935.25495466305,-306157.4977476343,-304698.7266673609,-308374.6858622853,5226.803832944337,-121200.72962344918,-118268.56369632919,-117049.79247019914,-118869.75481948355,2245.8859310192083,1136049.2090824754,1138726.7513888793,1149436.6745230271,1141545.1306266843,7456.812154633636,714300.6899449151,714300.6899449151,714300.6899449151,714300.6899449151,0,849641.922061169,851100.6931414427,858878.4503484718,853317.8812560937,5226.803832944587,544943.1953938084,544943.1953938084,544943.1953938084,544943.1953938084,0,286407.2870213058,287626.05824743607,290558.2241745558,288227.24937059026,2245.885931019145,169357.49455110676,169357.49455110676,169357.49455110676,169357.49455110676,0,0,0,0,0,0,-121200.72962344918,-118268.56369632919,-117049.79247019914,-118869.75481948355,2245.8859310192083,0,0,0,0,0,0,0,0,0,0,286407.2870213058,287626.05824743607,290558.2241745558,288227.24937059026,2245.885931019145,169357.49455110676,169357.49455110676,169357.49455110676,169357.49455110676,0
20-34,HIS,Food_price,USD,-8348061.001726093,-8003580.401327358,-7914486.01836131,-8093189.600426546,241031.93021005366,0,0,0,0,0,-8348061.001726093,-8003580.401327358,-7914486.01836131,-8093189.600426546,241031.93021005366,-336457814.60590416,-327022370.1674942,-326110615.84747267,-330013138.6300866,6030446.448238788,-5634380.491051959,-5410589.206910662,-5346796.442769689,-5466729.038489723,158976.78387088756,-2713680.5106741386,-2592991.1944166897,-2567689.5755916173,-2626460.561936822,82122.62085992395,18449252.933653437,18538347.316619486,18882827.917018216,18627956.515718672,241031.93021005066,10534766.915292129,10534766.915292129,10534766.915292129,10534766.915292129,0,12898807.978053926,12962600.74219491,13186392.0263362,13018740.573773963,158976.78387088768,7552011.535284239,7552011.535284239,7552011.535284239,7552011.535284239,0,5550444.955599508,5575746.574424574,5696435.890682023,5609215.941944708,82122.62085992096,2982755.380007886,2982755.380007886,2982755.380007886,2982755.380007886,0,0,0,0,0,0,-2713680.5106741386,-2592991.1944166897,-2567689.5755916173,-2626460.561936822,82122.62085992395,0,0,0,0,0,0,0,0,0,0,5550444.955599508,5575746.574424574,5696435.890682023,5609215.941944708,82122.62085992096,2982755.380007886,2982755.380007886,2982755.380007886,2982755.380007886,0
20-34,NHB,CED,MJ,-10227243.596064663,-9957955.665123552,-9752451.558587333,-9980335.954388427,250641.06409605592,0,0,0,0,0,-10227243.596064663,-9957955.665123552,-9752451.558587333,-9980335.954388427,250641.06409605592,-290807537.6523906,-285583104.48023725,-284629190.4747308,-287081532.25800806,3501131.007021549,-7507484.664162134,-7283544.926424904,-7155327.30307987,-7317131.633229184,187614.4511453653,-2719758.9319025264,-2674410.7386986464,-2597124.2555074687,-2663204.3211592436,65270.12266944812,22597782.1242924,22803286.2308286,23072574.16176971,22825666.520093482,250641.06409604714,12845330.565705046,12845330.565705046,12845330.565705046,12845330.565705046,0,16931330.182857648,17059547.80620268,17283487.543939907,17093134.51300696,187614.45114536164,9776002.879777785,9776002.879777785,9776002.879777785,9776002.879777785,0,5666451.941434735,5743738.424625913,5789086.61782979,5732532.007086509,65270.1226694466,3069327.6859272663,3069327.6859272663,3069327.6859272663,3069327.6859272663,0,0,0,0,0,0,-2719758.9319025264,-2674410.7386986464,-2597124.2555074687,-2663204.3211592436,65270.12266944812,0,0,0,0,0,0,0,0,0,0,5666451.941434735,5743738.424625913,5789086.61782979,5732532.007086509,65270.1226694466,3069327.6859272663,3069327.6859272663,3069327.6859272663,3069327.6859272663,0
20-34,NHB,FL,mrh-eq,-320052.94785461633,-314195.90554455237,-307827.8201087341,-314016.5921670947,6436.151433199849,0,0,0,0,0,-320052.94785461633,-314195.90554455237,-307827.8201087341,-314016.5921670947,6436.151433199849,-290807537.6523906,-285583104.48023725,-284629190.4747308,-287081532.25800806,3501131.007021549,-232236.73708348718,-227065.6406057988,-223389.6864099693,-227590.25193276684,4678.454647180311,-87816.2107711291,-87130.26493875362,-84438.13369876452,-86426.34023432778,1879.5442073910344,744563.366443492,750931.4518793104,756788.4941893739,750752.1385018526,6436.151433199679,436735.5463347581,436735.5463347581,436735.5463347581,436735.5463347581,0,557191.2119020983,560867.1660979276,566038.2625756159,561391.7774248956,4678.454647180182,333801.5254921289,333801.5254921289,333801.5254921289,333801.5254921289,0,187372.15454139357,190064.2857813827,190750.23161375822,189360.36107695688,1879.544207391073,102934.02084262915,102934.02084262915,102934.02084262915,102934.02084262915,0,0,0,0,0,0,-87816.2107711291,-87130.26493875362,-84438.13369876452,-86426.34023432778,1879.5442073910344,0,0,0,0,0,0,0,0,0,0,187372.15454139357,190064.2857813827,190750.23161375822,189360.36107695688,1879.544207391073,102934.02084262915,102934.02084262915,102934.02084262915,102934.02084262915,0
20-34,NHB,Food_price,USD,-7257182.040649379,-7038848.12012863,-6849195.245287171,-7048911.644928381,214906.6833394316,0,0,0,0,0,-7257182.040649379,-7038848.12012863,-6849195.245287171,-7048911.644928381,214906.6833394316,-290807537.6523906,-285583104.48023725,-284629190.4747308,-287081532.25800806,3501131.007021549,-4899715.093703006,-4759385.113614004,-4629094.601598933,-4762907.733990823,142464.50471052586,-2357466.946946366,-2279463.006514629,-2220100.6436882378,-2286003.9109375575,72519.62655223098,13768716.138892306,13958369.01373375,14176702.934254512,13968432.53853351,214906.68333943008,6919520.893605132,6919520.893605132,6919520.893605132,6919520.893605132,0,9544142.93137804,9674433.443393115,9814763.423482113,9677956.063769931,142464.50471052533,4915048.329779106,4915048.329779106,4915048.329779106,4915048.329779106,0,4224573.2075142665,4283935.570340662,4361939.5107724,4290476.47476359,72519.62655223318,2004472.5638260287,2004472.5638260287,2004472.5638260287,2004472.563826029,0,0,0,0,0,0,-2357466.946946366,-2279463.006514629,-2220100.6436882378,-2286003.9109375575,72519.62655223098,0,0,0,0,0,0,0,0,0,0,4224573.2075142665,4283935.570340662,4361939.5107724,4290476.47476359,72519.62655223318,2004472.5638260287,2004472.5638260287,2004472.5638260287,2004472.563826029,0
20-34,NHW,CED,MJ,-41374680.99767976,-41270250.59534508,-40771370.458009325,-41131847.17955523,339401.1095106983,0,0,0,0,0,-41374680.99767976,-41270250.59534508,-40771370.458009325,-41131847.17955523,339401.1095106983,-1016639614.7507242,-995543559.4246073,-966555639.9278344,-992774484.2770087,26468844.59664626,-30893946.681297798,-30787147.54480417,-30440285.087500844,-30702914.800660416,249664.02596170208,-10482978.380322019,-10480609.646163074,-10330960.70028959,-10428932.378894815,91675.48143129931,97574397.94081594,98073278.07815175,98177708.48048636,97934874.66236186,339401.109510705,56803027.48280658,56803027.48280658,56803027.48280658,56803027.482806586,0,73884747.21232347,74231609.66962689,74338408.8061205,74147376.9254831,249664.0259617549,43444462.124822676,43444462.124822676,43444462.124822676,43444462.124822676,0,23689526.05827347,23839175.00414696,23841543.738305885,23787497.736878693,91675.48143130081,13358565.357983876,13358565.357983876,13358565.357983876,13358565.357983878,0,0,0,0,0,0,-10482978.380322019,-10480609.646163074,-10330960.70028959,-10428932.378894815,91675.48143129931,0,0,0,0,0,0,0,0,0,0,23689526.05827347,23839175.00414696,23841543.738305885,23787497.736878693,91675.48143130081,13358565.357983876,13358565.357983876,13358565.357983876,13358565.357983878,0
20-34,NHW,FL,mrh-eq,-1282692.794770045,-1276015.3135732808,-1251349.6185051703,-1269703.6595833346,17378.412685289473,0,0,0,0,0,-1282692.794770045,-1276015.3135732808,-1251349.6185051703,-1269703.6595833346,17378.412685289473,-1016639614.7507242,-995543559.4246073,-966555639.9278344,-992774484.2770087,26468844.59664626,-943255.6161863474,-936631.6241688083,-919220.3706802583,-932846.6201438922,13067.917229825356,-339437.17858369707,-339383.6894044719,-332129.2478249138,-336857.0394394428,4425.136703809607,3236521.293316766,3261186.988384875,3267864.4695816385,3254875.3343949295,17378.412685288196,1985171.6748115942,1985171.6748115942,1985171.6748115942,1985171.6748115942,0,2439240.9916120875,2456652.245100637,2463276.2371181776,2452867.2410757216,13067.917229825816,1520020.6209318296,1520020.6209318296,1520020.6209318296,1520020.6209318296,0,797280.3017046787,804534.7432842366,804588.2324634625,802008.0933192079,4425.136703809676,465151.05387976486,465151.05387976486,465151.05387976486,465151.05387976486,0,0,0,0,0,0,-339437.17858369707,-339383.6894044719,-332129.2478249138,-336857.0394394428,4425.136703809607,0,0,0,0,0,0,0,0,0,0,797280.3017046787,804534.7432842366,804588.2324634625,802008.0933192079,4425.136703809676,465151.05387976486,465151.05387976486,465151.05387976486,465151.05387976486,0
20-34,NHW,Food_price,USD,-25238861.027802013,-25044994.908416584,-23730879.9934276,-24651925.15557323,863595.191118388,0,0,0,0,0,-25238861.027802013,-25044994.908416584,-23730879.9934276,-24651925.15557323,863595.191118388,-1016639614.7507242,-995543559.4246073,-966555639.9278344,-992774484.2770087,26468844.59664626,-17115246.521506865,-16996328.816818725,-16089971.28942063,-16720034.142183654,590289.9563711096,-8123614.506295157,-8048666.091597866,-7640908.704006982,-7931891.013389587,273443.97133509937,57869208.10683579,59183323.02182475,59377189.1412103,58790253.26898145,863595.1911184172,34138328.11340821,34138328.11340821,34138328.11340821,34138328.11340821,0,40531798.77752824,41438156.30492634,41557074.00961449,41161861.630291276,590289.9563711219,24441827.48810761,24441827.48810761,24441827.48810761,24441827.48810761,0,17337409.329307593,17745166.71689848,17820115.13159577,17628391.638690203,273443.97133509995,9696500.625300614,9696500.625300614,9696500.625300614,9696500.625300614,0,0,0,0,0,0,-8123614.506295157,-8048666.091597866,-7640908.704006982,-7931891.013389587,273443.97133509937,0,0,0,0,0,0,0,0,0,0,17337409.329307593,17745166.71689848,17820115.13159577,17628391.638690203,273443.97133509995,9696500.625300614,9696500.625300614,9696500.625300614,9696500.625300614,0
20-34,OTH,CED,MJ,-6801437.402803498,-6783759.041074618,-6745674.600058176,-6776599.01325442,29996.735097703782,0,0,0,0,0,-6801437.402803498,-6783759.041074618,-6745674.600058176,-6776599.01325442,29996.735097703782,-183670639.35127142,-178360881.65440613,-174532418.61432308,-178880634.1655578,4830606.757021094,-5047187.050916734,-5037123.633435154,-5008849.227430836,-5030733.81290086,20922.859310455216,-1754250.3518867753,-1746635.4076394616,-1736825.3726273458,-1745865.2003535663,9195.266205753716,18133968.444495253,18172052.885511696,18189731.247240588,18164892.8576915,29996.735097709316,11388293.844437078,11388293.844437078,11388293.844437078,11388293.844437078,0,13687578.544279378,13715852.950283697,13725916.367765274,13709463.129749402,20922.8593104537,8678729.316848543,8678729.316848543,8678729.316848543,8678729.316848543,0,4446389.900215881,4456199.935227996,4463814.87947531,4455429.727942101,9195.26620575381,2709564.527588535,2709564.527588535,2709564.527588535,2709564.527588535,0,0,0,0,0,0,-1754250.3518867753,-1746635.4076394616,-1736825.3726273458,-1745865.2003535663,9195.266205753716,0,0,0,0,0,0,0,0,0,0,4446389.900215881,4456199.935227996,4463814.87947531,4455429.727942101,9195.26620575381,2709564.527588535,2709564.527588535,2709564.527588535,2709564.527588535,0
20-34,OTH,FL,mrh-eq,-217385.0663699252,-216527.6577145247,-213383.70777327046,-215725.36252650587,2217.6344135890354,0,0,0,0,0,-217385.0663699252,-216527.6577145247,-213383.70777327046,-215725.36252650587,2217.6344135890354,-183670639.35127142,-178360881.65440613,-174532418.61432308,-178880634.1655578,4830606.757021094,-159246.98844844277,-158335.68247825245,-156146.00162549535,-157887.12988787814,1677.690234094224,-58189.13853549375,-58135.24122070405,-57234.869446996774,-57838.232638627705,564.2805247052434,615761.1479037589,618905.097845013,619762.5065004136,618102.8026569943,2217.6344135889876,402377.4401304884,402377.4401304884,402377.4401304884,402377.4401304884,0,463213.989683457,465403.6705362139,466314.97650640435,464955.11794583965,1677.6902340941442,307067.9880579617,307067.9880579617,307067.9880579617,307067.9880579617,0,152544.32151952348,153444.69329323084,153498.59060802043,153147.6847111544,564.2805247052611,95309.4520725267,95309.4520725267,95309.4520725267,95309.45207252672,0,0,0,0,0,0,-58189.13853549375,-58135.24122070405,-57234.869446996774,-57838.232638627705,564.2805247052434,0,0,0,0,0,0,0,0,0,0,152544.32151952348,153444.69329323084,153498.59060802043,153147.6847111544,564.2805247052611,95309.4520725267,95309.4520725267,95309.4520725267,95309.45207252672,0
20-34,OTH,Food_price,USD,-4218968.405568743,-4047154.62832895,-4034822.1413972736,-4103112.9758054824,108359.64100627573,0,0,0,0,0,-4218968.405568743,-4047154.62832895,-4034822.1413972736,-4103112.9758054824,108359.64100627573,-183670639.35127142,-178360881.65440613,-174532418.61432308,-178880634.1655578,4830606.757021094,-2884431.9594649496,-2761522.1291195545,-2755810.581521808,-2802644.3335924135,76491.5182299593,-1334837.0538720905,-1291644.654575452,-1273600.6200460214,-1300468.642213069,33123.26614729955,10962354.514422942,10974687.00135463,11146500.778594404,11030645.348831153,108359.6410062688,6927532.373025667,6927532.373025667,6927532.373025667,6927532.373025667,0,7760256.214661938,7765967.7622596845,7888877.592605077,7807089.966732543,76491.51822995783,5004445.633140132,5004445.633140132,5004445.633140132,5004445.633140132,0,3196687.359931556,3214731.3944609864,3257923.793757627,3223555.382098604,33123.266147300455,1923086.7398855337,1923086.7398855337,1923086.7398855337,1923086.739885534,0,0,0,0,0,0,-1334837.0538720905,-1291644.654575452,-1273600.6200460214,-1300468.642213069,33123.26614729955,0,0,0,0,0,0,0,0,0,0,3196687.359931556,3214731.3944609864,3257923.793757627,3223555.382098604,33123.266147300455,1923086.7398855337,1923086.7398855337,1923086.7398855337,1923086.739885534,0
35-44,HIS,CED,MJ,-9053296.730937835,-8811588.349210894,-8492623.914887499,-8784480.962334946,296023.27614870475,0,0,0,0,0,-9053296.730937835,-8811588.349210894,-8492623.914887499,-8784480.962334946,296023.27614870475,-219729547.45535022,-209209840.8220349,-193832743.7930442,-207505493.31478038,13709583.63337709,-6634603.895689333,-6458271.426212158,-6186877.289001071,-6424916.455077452,237409.4692951359,-2418692.835248507,-2353316.9229987487,-2305746.6258864235,-2359564.5072574974,59691.09350934176,22337877.5693143,22656842.0036377,22898550.385364633,22629734.616761748,296023.2761487041,13845253.654426802,13845253.654426802,13845253.654426802,13845253.654426804,0,16694838.226874007,16966232.36408508,17142564.833562285,16932877.39295039,237409.46929514196,10507960.93787294,10507960.93787294,10507960.93787294,10507960.93787294,0,5643039.342440286,5690609.639552608,5755985.551802374,5696857.223811361,59691.09350934483,3337292.7165538613,3337292.7165538613,3337292.7165538613,3337292.7165538613,0,0,0,0,0,0,-2418692.835248507,-2353316.9229987487,-2305746.6258864235,-2359564.5072574974,59691.09350934176,0,0,0,0,0,0,0,0,0,0,5643039.342440286,5690609.639552608,5755985.551802374,5696857.223811361,59691.09350934483,3337292.7165538613,3337292.7165538613,3337292.7165538613,3337292.7165538613,0
35-44,HIS,FL,mrh-eq,-290376.4722218253,-288421.46706171293,-274696.9144732738,-284291.80129738775,8994.036396192763,0,0,0,0,0,-290376.4722218253,-288421.46706171293,-274696.9144732738,-284291.80129738775,8994.036396192763,-219729547.45535022,-209209840.8220349,-193832743.7930442,-207505493.31478038,13709583.63337709,-208908.05194347314,-207818.64996093352,-196102.39247891452,-204089.92873304602,7473.466767120532,-81468.42027835187,-80602.81710077953,-78594.52199435935,-80201.8725643417,1551.9213030274243,766449.9218684341,780174.4744568735,782129.4796169857,776044.8086925481,8994.03639619287,491753.0073951602,491753.0073951602,491753.0073951602,491753.0073951602,0,569636.9478277914,581353.2053098103,582442.6072923498,577624.4840819228,7473.466767120434,373534.555348877,373534.555348877,373534.555348877,373534.55534887704,0,196812.97404064258,198821.26914706282,199686.87232463533,198420.32461062502,1551.9213030275462,118218.45204628319,118218.45204628319,118218.45204628319,118218.45204628319,0,0,0,0,0,0,-81468.42027835187,-80602.81710077953,-78594.52199435935,-80201.8725643417,1551.9213030274243,0,0,0,0,0,0,0,0,0,0,196812.97404064258,198821.26914706282,199686.87232463533,198420.32461062502,1551.9213030275462,118218.45204628319,118218.45204628319,118218.45204628319,118218.45204628319,0
35-44,HIS,Food_price,USD,-5010694.441933337,-4831566.179313605,-4752586.186835453,-4866705.923222931,139213.35852966577,0,0,0,0,0,-5010694.441933337,-4831566.179313605,-4752586.186835453,-4866705.923222931,139213.35852966577,-219729547.45535022,-209209840.8220349,-193832743.7930442,-207505493.31478038,13709583.63337709,-3372011.6870431076,-3223662.775043556,-3193177.1177077023,-3265018.3029957307,100707.17466679514,-1638682.7548902347,-1607903.404270049,-1559409.0691277515,-1601687.6202272028,42068.813652797115,11939325.130657578,12018305.12313572,12197433.385755457,12053444.86704505,139213.35852966542,7186738.943822122,7186738.943822122,7186738.943822122,7186738.943822122,0,8377128.490568707,8407614.147904554,8555963.059904113,8448969.675856734,100707.17466679668,5183951.372861008,5183951.372861008,5183951.372861008,5183951.372861008,0,3562196.6400888623,3610690.97523116,3641470.3258513464,3604475.1911883135,42068.81365279779,2002787.570961111,2002787.570961111,2002787.570961111,2002787.570961111,0,0,0,0,0,0,-1638682.7548902347,-1607903.404270049,-1559409.0691277515,-1601687.6202272028,42068.813652797115,0,0,0,0,0,0,0,0,0,0,3562196.6400888623,3610690.97523116,3641470.3258513464,3604475.1911883135,42068.81365279779,2002787.570961111,2002787.570961111,2002787.570961111,2002787.570961111,0
35-44,NHB,CED,MJ,-5969501.189790185,-5901240.740034886,-5866957.182283883,-5913162.456527621,54949.19135296039,0,0,0,0,0,-5969501.189790185,-5901240.740034886,-5866957.182283883,-5913162.456527621,54949.19135296039,-167856965.71888283,-166024501.4189865,-165765047.06828204,-166576434.73449242,1200289.716583062,-4332112.047188956,-4283550.796514878,-4275031.04746496,-4297600.446207565,32413.025095252884,-1637389.142601232,-1617689.943520011,-1591926.134818927,-1615562.0103200593,23998.758662270946,13546647.968812887,13580931.526563877,13649191.976319194,13592853.243056623,54949.19135296485,7679690.786529001,7679690.786529001,7679690.786529001,7679690.786529001,0,10115084.272302862,10123604.021352783,10172165.27202684,10137653.671045462,32413.025095241956,5840053.224837894,5840053.224837894,5840053.224837894,5840053.224837895,0,3431563.6965100323,3457327.505211118,3477026.70429234,3455199.572011166,23998.75866227248,1839637.5616911072,1839637.5616911072,1839637.5616911072,1839637.5616911072,0,0,0,0,0,0,-1637389.142601232,-1617689.943520011,-1591926.134818927,-1615562.0103200593,23998.758662270946,0,0,0,0,0,0,0,0,0,0,3431563.6965100323,3457327.505211118,3477026.70429234,3455199.572011166,23998.75866227248,1839637.5616911072,1839637.5616911072,1839637.5616911072,1839637.5616911072,0
35-44,NHB,FL,mrh-eq,-192341.5969037448,-191385.37260348367,-188850.3086373293,-190831.3937733457,1899.1181305780112,0,0,0,0,0,-192341.5969037448,-191385.37260348367,-188850.3086373293,-190831.3937733457,1899.1181305780112,-167856965.71888283,-166024501.4189865,-165765047.06828204,-166576434.73449242,1200289.716583062,-137538.03505613786,-136972.15534028056,-135768.98179478425,-136748.5434702318,951.0062586298804,-54803.56184760688,-54413.21726320303,-53081.32684254492,-54082.85030311381,950.520526091726,452319.4372513806,454854.501217535,455810.72551779647,454300.5223873972,1899.1181305781265,263469.12861405127,263469.12861405127,263469.12861405127,263469.12861405127,0,336871.81415692845,338074.9877024247,338640.867418282,337851.37583237595,951.0062586298611,201102.83236214408,201102.83236214408,201102.83236214408,201102.8323621441,0,115447.62309445234,116779.51351511036,117169.85809951424,116449.14655502119,950.5205260916881,62366.296251907406,62366.296251907406,62366.296251907406,62366.2962519074,0,0,0,0,0,0,-54803.56184760688,-54413.21726320303,-53081.32684254492,-54082.85030311381,950.520526091726,0,0,0,0,0,0,0,0,0,0,115447.62309445234,116779.51351511036,117169.85809951424,116449.14655502119,950.5205260916881,62366.296251907406,62366.296251907406,62366.296251907406,62366.2962519074,0
35-44,NHB,Food_price,USD,-4354443.530616134,-4214399.516444789,-4017156.8579512932,-4194329.81668263,178368.15020304473,0,0,0,0,0,-4354443.530616134,-4214399.516444789,-4017156.8579512932,-4194329.81668263,178368.15020304473,-167856965.71888283,-166024501.4189865,-165765047.06828204,-166576434.73449242,1200289.716583062,-2913498.9897185517,-2816469.684271417,-2692599.6746817315,-2807051.8933442063,116548.527000122,-1440944.5408975815,-1397929.8321733684,-1324557.1832695636,-1387277.9233384237,61947.20861733474,7404560.950441224,7601803.6089347135,7741847.623106066,7581733.90917256,178368.15020304456,3387404.092489926,3387404.092489926,3387404.092489926,3387404.092489926,0,5055209.39717703,5179079.4067667145,5276108.712213861,5169661.615839508,116548.52700012732,2362609.722495302,2362609.722495302,2362609.722495302,2362609.722495302,0,2349351.5532641863,2422724.202167992,2465738.910892205,2412072.2933330466,61947.208617335134,1024794.3699946224,1024794.3699946224,1024794.3699946224,1024794.3699946223,0,0,0,0,0,0,-1440944.5408975815,-1397929.8321733684,-1324557.1832695636,-1387277.9233384237,61947.20861733474,0,0,0,0,0,0,0,0,0,0,2349351.5532641863,2422724.202167992,2465738.910892205,2412072.2933330466,61947.208617335134,1024794.3699946224,1024794.3699946224,1024794.3699946224,1024794.3699946223,0
35-44,NHW,CED,MJ,-27032770.351544164,-27009552.297303174,-25059278.733825404,-26333392.469500795,1192371.5062782047,0,0,0,0,0,-27032770.351544164,-27009552.297303174,-25059278.733825404,-26333392.469500795,1192371.5062782047,-722512781.2656794,-704917182.6438713,-637920661.0682343,-687583525.4670892,46984734.15384598,-20114178.79254263,-20078038.680326298,-18586272.94039211,-19567292.846039332,917780.3952189394,-6952829.560048576,-6893471.393591272,-6471103.682264016,-6766099.623461465,276496.24744674796,58029807.75118077,59980081.31465854,60003299.36889948,59303921.48685614,1192371.5062781905,32970529.017355323,32970529.017355323,32970529.017355323,32970529.017355323,0,43700945.81533779,45192711.55527194,45228851.6674883,44681965.720984995,917780.3952189311,25114672.874945693,25114672.874945693,25114672.874945693,25114672.87494569,0,14326959.824673649,14749327.536000874,14808685.702458221,14621955.765871093,276496.24744674464,7855856.142409634,7855856.142409634,7855856.142409634,7855856.142409634,0,0,0,0,0,0,-6952829.560048576,-6893471.393591272,-6471103.682264016,-6766099.623461465,276496.24744674796,0,0,0,0,0,0,0,0,0,0,14326959.824673649,14749327.536000874,14808685.702458221,14621955.765871093,276496.24744674464,7855856.142409634,7855856.142409634,7855856.142409634,7855856.142409634,0
35-44,NHW,FL,mrh-eq,-869353.2879017381,-867664.8891309879,-803320.2576056616,-845680.2460592069,39627.6375259213,0,0,0,0,0,-869353.2879017381,-867664.8891309879,-803320.2576056616,-845680.2460592069,39627.6375259213,-722512781.2656794,-704917182.6438713,-637920661.0682343,-687583525.4670892,46984734.15384598,-637584.8307341316,-636442.4604854961,-586865.1384351744,-619447.7405550799,30483.039676455846,-232850.70266631298,-230019.93364692936,-216394.99442055976,-226232.50550412724,9261.1895439874,1940000.1136130956,2004344.745138423,2006033.143909172,1982360.102066641,39627.63752592162,1136679.8560074337,1136679.8560074337,1136679.8560074337,1136679.8560074337,0,1451369.5603422394,1500946.8823925625,1502089.2526411961,1483952.162462145,30483.039676456025,864504.4219070659,864504.4219070659,864504.4219070659,864504.4219070659,0,488570.42852092814,502195.3677472975,505026.13676668116,498407.9396044955,9261.189543987284,272175.43410036823,272175.43410036823,272175.43410036823,272175.43410036823,0,0,0,0,0,0,-232850.70266631298,-230019.93364692936,-216394.99442055976,-226232.50550412724,9261.1895439874,0,0,0,0,0,0,0,0,0,0,488570.42852092814,502195.3677472975,505026.13676668116,498407.9396044955,9261.189543987284,272175.43410036823,272175.43410036823,272175.43410036823,272175.43410036823,0
35-44,NHW,Food_price,USD,-15142523.86316381,-14982921.058649173,-14277443.903269341,-14791386.198696474,484579.26634430035,0,0,0,0,0,-15142523.86316381,-14982921.058649173,-14277443.903269341,-14791386.198696474,484579.26634430035,-722512781.2656794,-704917182.6438713,-637920661.0682343,-687583525.4670892,46984734.15384598,-10325585.558719093,-10217874.935672982,-9695091.344636109,-10072235.297781488,355000.4786821356,-4816938.304444713,-4765046.122976195,-4582352.558633219,-4719150.900914982,129706.11649103816,31430985.539841473,32136462.695221305,32296065.499735948,31944927.835268606,484579.2663443017,17153541.636572123,17153541.636572123,17153541.636572123,17153541.636572123,0,21924948.576479916,22447732.16751677,22555442.790562883,22302092.52962528,355000.47868212464,12229857.231843801,12229857.231843801,12229857.231843801,12229857.231843801,0,9506036.963361554,9688730.52770453,9740622.709173063,9642835.305643322,129706.11649104519,4923684.4047283335,4923684.4047283335,4923684.4047283335,4923684.4047283335,0,0,0,0,0,0,-4816938.304444713,-4765046.122976195,-4582352.558633219,-4719150.900914982,129706.11649103816,0,0,0,0,0,0,0,0,0,0,9506036.963361554,9688730.52770453,9740622.709173063,9642835.305643322,129706.11649104519,4923684.4047283335,4923684.4047283335,4923684.4047283335,4923684.4047283335,0
35-44,OTH,CED,MJ,-4691867.477076501,-4570914.103690098,-4214965.270180039,-4488459.556278289,260961.0073905475,0,0,0,0,0,-4691867.477076501,-4570914.103690098,-4214965.270180039,-4488459.556278289,260961.0073905475,-114707512.85795748,-114501192.5809585,-101336108.57006751,-109954257.93748762,8064335.694528028,-3485614.9723410304,-3389597.408538415,-3110568.986715441,-3325383.072390921,205076.71428046128,-1206252.5047354747,-1181316.6951516757,-1104396.283464601,-1163076.4838873683,55887.42501038796,11703969.554438962,12059918.387949023,12180871.761335436,11977463.840537215,260961.0073905532,7489004.28425892,7489004.28425892,7489004.28425892,7489004.28425892,0,8838096.950733224,9117125.372556204,9213142.93635881,9052911.036408704,205076.71428046044,5727527.96401779,5727527.96401779,5727527.96401779,5727527.96401779,0,2865872.6037057405,2942793.0153928134,2967728.8249766133,2924552.8041285067,55887.42501038706,1761476.3202411386,1761476.3202411386,1761476.3202411386,1761476.3202411386,0,0,0,0,0,0,-1206252.5047354747,-1181316.6951516757,-1104396.283464601,-1163076.4838873683,55887.42501038796,0,0,0,0,0,0,0,0,0,0,2865872.6037057405,2942793.0153928134,2967728.8249766133,2924552.8041285067,55887.42501038706,1761476.3202411386,1761476.3202411386,1761476.3202411386,1761476.3202411386,0
35-44,OTH,FL,mrh-eq,-156510.92704358327,-154882.2662110143,-142804.75091475333,-151216.00148691185,7881.605171305924,0,0,0,0,0,-156510.92704358327,-154882.2662110143,-142804.75091475333,-151216.00148691185,7881.605171305924,-114707512.85795748,-114501192.5809585,-101336108.57006751,-109954257.93748762,8064335.694528028,-113798.63450824031,-112388.15974823304,-102886.85873390627,-109549.27334320865,6247.156480580152,-42712.29253534299,-42494.10646278119,-39917.89218084714,-41666.728143703214,1635.9962010031254,423065.0364450946,435142.5517413556,436771.2125739245,431476.28701725317,7881.605171305885,280260.2855303412,280260.2855303412,280260.2855303412,280260.2855303412,0,316934.0226467724,326435.3236610994,327845.7984211064,323596.4372560748,6247.156480580218,214047.16391286618,214047.16391286618,214047.16391286618,214047.16391286618,0,106131.0137983222,108707.22808025619,108925.41415281806,107879.84976117825,1635.996201003126,66213.12161747504,66213.12161747504,66213.12161747504,66213.12161747504,0,0,0,0,0,0,-42712.29253534299,-42494.10646278119,-39917.89218084714,-41666.728143703214,1635.9962010031254,0,0,0,0,0,0,0,0,0,0,106131.0137983222,108707.22808025619,108925.41415281806,107879.84976117825,1635.996201003126,66213.12161747504,66213.12161747504,66213.12161747504,66213.12161747504,0
35-44,OTH,Food_price,USD,-2424102.116289688,-2369613.9421988106,-2330229.084685102,-2374913.3515241332,49619.557584471964,0,0,0,0,0,-2424102.116289688,-2369613.9421988106,-2330229.084685102,-2374913.3515241332,49619.557584471964,-114707512.85795748,-114501192.5809585,-101336108.57006751,-109954257.93748762,8064335.694528028,-1657361.167686585,-1623194.7688492637,-1588170.7851592363,-1622893.8618834019,36416.92319484109,-766740.9486031028,-746419.1733495467,-742058.2995258655,-752019.4896407309,13866.697755257816,6107591.263715753,6146976.12122946,6201464.2953203395,6152275.5305547835,49619.55758447251,3777362.179030651,3777362.179030651,3777362.179030651,3777362.179030651,0,4336691.413307173,4371715.396997199,4405881.79583452,4371414.490031337,36416.923194840034,2748520.6281479346,2748520.6281479346,2748520.6281479346,2748520.6281479346,0,1770899.85040858,1775260.7242322608,1795582.4994858168,1780861.0405234452,13866.697755257645,1028841.550882715,1028841.550882715,1028841.550882715,1028841.5508827151,0,0,0,0,0,0,-766740.9486031028,-746419.1733495467,-742058.2995258655,-752019.4896407309,13866.697755257816,0,0,0,0,0,0,0,0,0,0,1770899.85040858,1775260.7242322608,1795582.4994858168,1780861.0405234452,13866.697755257645,1028841.550882715,1028841.550882715,1028841.550882715,1028841.5508827151,0
45-54,HIS,CED,MJ,-5803392.130478351,-5645927.194490133,-5509569.350968206,-5653333.191846727,154776.51556967967,0,0,0,0,0,-5803392.130478351,-5645927.194490133,-5509569.350968206,-5653333.191846727,154776.51556967967,-134778732.93964472,-132620104.71712224,-128131174.7018559,-131802454.96528228,3569652.507324972,-4236032.257736679,-4102715.8069873736,-3998439.875286564,-4112905.462793863,125359.60180123705,-1567359.8727416687,-1543211.38750277,-1511129.4756816404,-1540427.7290528647,29692.968594032853,14857248.794074535,14993606.637596473,15151071.573584685,15001012.634953061,154776.51556968177,9347679.443106338,9347679.443106338,9347679.443106338,9347679.443106338,0,11084590.5845368,11188866.516237602,11322182.966986896,11199056.17204409,125359.60180122725,7086150.709250227,7086150.709250227,7086150.709250227,7086150.709250227,0,3772658.2095377464,3804740.1213588733,3828888.606597776,3801956.46290897,29692.968594033384,2261528.7338561052,2261528.7338561052,2261528.7338561052,2261528.7338561052,0,0,0,0,0,0,-1567359.8727416687,-1543211.38750277,-1511129.4756816404,-1540427.7290528647,29692.968594032853,0,0,0,0,0,0,0,0,0,0,3772658.2095377464,3804740.1213588733,3828888.606597776,3801956.46290897,29692.968594033384,2261528.7338561052,2261528.7338561052,2261528.7338561052,2261528.7338561052,0
45-54,HIS,FL,mrh-eq,-188881.75590889642,-186437.63626223744,-182374.1676306753,-185869.4436359556,3460.2132035176146,0,0,0,0,0,-188881.75590889642,-186437.63626223744,-182374.1676306753,-185869.4436359556,3460.2132035176146,-134778732.93964472,-132620104.71712224,-128131174.7018559,-131802454.96528228,3569652.507324972,-135226.3004869158,-132760.80599824406,-129612.05126873712,-132521.06556286328,2962.1531967867822,-53675.705272308456,-53654.33043029565,-52760.99137025328,-53348.378073092295,549.5256214415964,511083.3493569402,515146.81798850244,517590.93763516116,514578.6253622205,3460.2132035175714,328709.1817262649,328709.1817262649,328709.1817262649,328709.1817262649,0,378664.27687137254,381813.0316008794,384278.5260895512,381573.2911654987,2962.15319678678,249052.22560263533,249052.22560263533,249052.22560263533,249052.22560263533,0,132417.94749388282,133311.28655392514,133332.6613959379,133005.3341967218,549.5256214415541,79656.95612362944,79656.95612362944,79656.95612362944,79656.95612362944,0,0,0,0,0,0,-53675.705272308456,-53654.33043029565,-52760.99137025328,-53348.378073092295,549.5256214415964,0,0,0,0,0,0,0,0,0,0,132417.94749388282,133311.28655392514,133332.6613959379,133005.3341967218,549.5256214415541,79656.95612362944,79656.95612362944,79656.95612362944,79656.95612362944,0
45-54,HIS,Food_price,USD,-3144274.669307593,-3127632.8472605324,-3091665.3263654285,-3120851.9002963062,28305.01250987421,0,0,0,0,0,-3144274.669307593,-3127632.8472605324,-3091665.3263654285,-3120851.9002963062,28305.01250987421,-134778732.93964472,-132620104.71712224,-128131174.7018559,-131802454.96528228,3569652.507324972,-2111299.6955807973,-2106326.515375546,-2087704.0216254073,-2101537.2825527787,13093.072779109785,-1032974.9737267946,-1021306.3318849856,-1003961.3047400189,-1019314.6177435267,15367.4606595271,7496658.134448116,7532625.655343221,7549267.477390278,7525844.708378993,28305.012509873377,4404992.808082687,4404992.808082687,4404992.808082687,4404992.808082687,0,5275505.962473233,5294128.456223365,5299101.636428615,5289339.223400599,13093.072779105036,3187801.9408478225,3187801.9408478225,3187801.9408478225,3187801.940847823,0,2221152.1719748843,2238497.19911985,2250165.8409616603,2236505.4849783923,15367.460659527147,1217190.8672348636,1217190.8672348636,1217190.8672348636,1217190.8672348636,0,0,0,0,0,0,-1032974.9737267946,-1021306.3318849856,-1003961.3047400189,-1019314.6177435267,15367.4606595271,0,0,0,0,0,0,0,0,0,0,2221152.1719748843,2238497.19911985,2250165.8409616603,2236505.4849783923,15367.460659527147,1217190.8672348636,1217190.8672348636,1217190.8672348636,1217190.8672348636,0
45-54,NHB,CED,MJ,-5121577.262014469,-4623812.228115768,-4600262.515369254,-4790203.568870921,309914.2594359489,0,0,0,0,0,-5121577.262014469,-4623812.228115768,-4600262.515369254,-4790203.568870921,309914.2594359489,-151180322.3932693,-139940110.8509706,-134294911.40690857,-141903272.99070278,9048221.451852754,-3720074.1764209853,-3365955.8559557656,-3348568.671388277,-3484107.131709356,220684.0868221542,-1401503.085593483,-1257856.3721600035,-1251693.8439809766,-1306096.4371615658,89231.00619481764,11338715.244150331,11362264.956896849,11860029.990795545,11528656.297652,309914.25943594816,6738452.728781084,6738452.728781084,6738452.728781084,6738452.7287810845,0,8457913.482373143,8475300.666940626,8829418.987405846,8593451.942694219,220684.08682215272,5109344.810984868,5109344.810984868,5109344.810984868,5109344.810984868,0,2880801.7617771938,2886964.2899562228,3030611.003389702,2935204.354957784,89231.00619481802,1629107.9177962174,1629107.9177962174,1629107.9177962174,1629107.9177962176,0,0,0,0,0,0,-1401503.085593483,-1257856.3721600035,-1251693.8439809766,-1306096.4371615658,89231.00619481764,0,0,0,0,0,0,0,0,0,0,2880801.7617771938,2886964.2899562228,3030611.003389702,2935204.354957784,89231.00619481802,1629107.9177962174,1629107.9177962174,1629107.9177962174,1629107.9177962176,0
45-54,NHB,FL,mrh-eq,-170753.08681957208,-154614.58412161248,-152140.30866615204,-159409.049820735,10639.816323767252,0,0,0,0,0,-170753.08681957208,-154614.58412161248,-152140.30866615204,-159409.049820735,10639.816323767252,-151180322.3932693,-139940110.8509706,-134294911.40690857,-141903272.99070278,9048221.451852754,-122281.80272805686,-111037.06803581602,-109179.71419908306,-114330.88587985387,7462.538580628204,-48471.284091515,-43577.51608579648,-42960.594467069044,-45078.163940881066,3178.216998543205,384437.9775073486,386912.2529628092,403050.7556607687,391706.71866193163,10639.816323767243,232297.66884119672,232297.66884119672,232297.66884119672,232297.66884119672,0,285519.207523286,287376.56136001897,298621.2960522601,290670.3792040569,7462.538580628358,176339.49332420286,176339.49332420286,176339.49332420286,176339.49332420286,0,98918.76998406282,99535.69160279026,104429.45960850878,101036.33945787484,3178.216998543201,55958.17551699381,55958.17551699381,55958.17551699381,55958.17551699382,0,0,0,0,0,0,-48471.284091515,-43577.51608579648,-42960.594467069044,-45078.163940881066,3178.216998543205,0,0,0,0,0,0,0,0,0,0,98918.76998406282,99535.69160279026,104429.45960850878,101036.33945787484,3178.216998543201,55958.17551699381,55958.17551699381,55958.17551699381,55958.17551699382,0
45-54,NHB,Food_price,USD,-3329624.3988335193,-3041870.703805098,-2983497.4946858925,-3122355.0848258757,195051.17084133398,0,0,0,0,0,-3329624.3988335193,-3041870.703805098,-2983497.4946858925,-3122355.0848258757,195051.17084133398,-151180322.3932693,-139940110.8509706,-134294911.40690857,-141903272.99070278,9048221.451852754,-2255777.9978268845,-2058159.498561878,-2022087.5116972092,-2114842.485369014,132429.1847526989,-1073846.4010066357,-983711.2052432199,-961409.9829886841,-1007512.599456862,62664.21989790752,6291490.462215141,6349863.671334343,6637617.3663627785,6430348.0523551265,195051.17084134044,3307992.9675292512,3307992.9675292512,3307992.9675292512,3307992.967529251,0,4401512.428210963,4437584.415075629,4635202.914340639,4494267.401882768,132429.1847526999,2379424.9165137513,2379424.9165137513,2379424.9165137513,2379424.9165137513,0,1889978.034004183,1912279.256258722,2002414.4520221367,1936080.6504723628,62664.219897908086,928568.051015501,928568.051015501,928568.051015501,928568.051015501,0,0,0,0,0,0,-1073846.4010066357,-983711.2052432199,-961409.9829886841,-1007512.599456862,62664.21989790752,0,0,0,0,0,0,0,0,0,0,1889978.034004183,1912279.256258722,2002414.4520221367,1936080.6504723628,62664.219897908086,928568.051015501,928568.051015501,928568.051015501,928568.051015501,0
45-54,NHW,CED,MJ,-29747068.101872873,-29579376.905417,-28800950.32875515,-29365083.78955525,531415.1412078798,0,0,0,0,0,-29747068.101872873,-29579376.905417,-28800950.32875515,-29365083.78955525,531415.1412078798,-758458505.8420954,-752316107.6572571,-742268028.5454968,-750945693.2969335,8603554.252644809,-21943412.556176063,-21937062.083683237,-21338021.084484793,-21729100.495365474,366004.42534954794,-7809671.7827952895,-7635630.113846602,-7462595.008876014,-7635983.294189796,182672.24233938765,65128828.75778606,65907255.33444783,66074946.53090386,65692962.21858617,531415.1412078963,36327878.42903091,36327878.42903091,36327878.42903091,36327878.42903091,0,49056272.792343594,49655313.79154202,49661664.26403487,49447352.20322427,366004.42534954264,27718251.7078588,27718251.7078588,27718251.7078588,27718251.7078588,0,16072221.730048114,16245256.835018717,16419298.503967412,16245610.015361907,182672.24233939836,8609626.721172119,8609626.721172119,8609626.721172119,8609626.721172119,0,0,0,0,0,0,-7809671.7827952895,-7635630.113846602,-7462595.008876014,-7635983.294189796,182672.24233938765,0,0,0,0,0,0,0,0,0,0,16072221.730048114,16245256.835018717,16419298.503967412,16245610.015361907,182672.24233939836,8609626.721172119,8609626.721172119,8609626.721172119,8609626.721172119,0
45-54,NHW,FL,mrh-eq,-974341.5439393345,-956388.8804815665,-937902.2383691085,-956201.5195500962,19179.26825979113,0,0,0,0,0,-974341.5439393345,-956388.8804815665,-937902.2383691085,-956201.5195500962,19179.26825979113,-758458505.8420954,-752316107.6572571,-742268028.5454968,-750945693.2969335,8603554.252644809,-706614.415913741,-699005.3420421948,-684530.6753252347,-696596.3620964355,11808.768516422611,-267727.12802559393,-257383.53843937162,-253371.5630438744,-259605.15745366112,7796.678010853225,2239016.4625629326,2257503.1046753894,2275455.7681331583,2257315.7437439202,19179.268259791123,1301114.224193824,1301114.224193824,1301114.224193824,1301114.224193824,0,1679026.3806002908,1693501.0473172502,1701110.1211887968,1691092.0673714913,11808.768516422262,994495.7052750546,994495.7052750546,994495.7052750546,994495.7052750546,0,559990.0819626428,564002.0573581402,574345.6469443628,566223.6763724298,7796.678010853414,306618.51891876885,306618.51891876885,306618.51891876885,306618.51891876885,0,0,0,0,0,0,-267727.12802559393,-257383.53843937162,-253371.5630438744,-259605.15745366112,7796.678010853225,0,0,0,0,0,0,0,0,0,0,559990.0819626428,564002.0573581402,574345.6469443628,566223.6763724298,7796.678010853414,306618.51891876885,306618.51891876885,306618.51891876885,306618.51891876885,0
45-54,NHW,Food_price,USD,-18206305.47752519,-16282264.244763236,-16122447.250639597,-16901290.29340826,1220775.9249946952,0,0,0,0,0,-18206305.47752519,-16282264.244763236,-16122447.250639597,-16901290.29340826,1220775.9249946952,-758458505.8420954,-752316107.6572571,-742268028.5454968,-750945693.2969335,8603554.252644809,-12320027.724965459,-11084192.569676617,-10967462.23541506,-11476860.927931806,788929.3919639341,-5886277.752559736,-5198071.675086632,-5154985.01522454,-5424429.365476461,431936.7650207405,35782583.80294028,35942400.797063895,37866442.02982585,36561426.84570893,1220775.9249946906,19660136.552300658,19660136.552300658,19660136.552300658,19660136.552300658,0,25218631.27934736,25335361.61360893,26571196.768897776,25728029.971864115,788929.391963941,14251169.043932308,14251169.043932308,14251169.043932308,14251169.04393231,0,10563952.523592895,10607039.183454972,11295245.260928094,10833396.873844812,431936.76502074767,5408967.508368356,5408967.508368356,5408967.508368356,5408967.508368356,0,0,0,0,0,0,-5886277.752559736,-5198071.675086632,-5154985.01522454,-5424429.365476461,431936.7650207405,0,0,0,0,0,0,0,0,0,0,10563952.523592895,10607039.183454972,11295245.260928094,10833396.873844812,431936.76502074767,5408967.508368356,5408967.508368356,5408967.508368356,5408967.508368356,0
45-54,OTH,CED,MJ,-4173744.0038287304,-4042154.3198024775,-3725285.077856596,-3977143.9486026075,242652.83984847835,0,0,0,0,0,-4173744.0038287304,-4042154.3198024775,-3725285.077856596,-3977143.9486026075,242652.83984847835,-107961166.64026348,-105063695.51231858,-86864076.13095175,-99694520.6865565,12038018.510636091,-3139187.2458871016,-3037762.173021389,-2829833.333637718,-3000392.430383509,166003.08748881167,-1034556.7579416275,-1004392.1467810883,-895451.7442188817,-976751.5182190997,77027.0784007794,10820524.540281367,11137393.78222725,11268983.466253506,11072383.41102738,242652.83984848062,7095239.462424767,7095239.462424767,7095239.462424767,7095239.462424767,0,8280069.764942638,8487998.604326302,8589423.67719202,8450628.861688426,166003.08748880922,5450236.431304924,5450236.431304924,5450236.431304924,5450236.431304924,0,2540454.7753387294,2649395.1779009355,2679559.7890614755,2621754.5493389475,77027.07840077944,1645003.0311198481,1645003.0311198481,1645003.0311198481,1645003.0311198484,0,0,0,0,0,0,-1034556.7579416275,-1004392.1467810883,-895451.7442188817,-976751.5182190997,77027.0784007794,0,0,0,0,0,0,0,0,0,0,2540454.7753387294,2649395.1779009355,2679559.7890614755,2621754.5493389475,77027.07840077944,1645003.0311198481,1645003.0311198481,1645003.0311198481,1645003.0311198484,0
45-54,OTH,FL,mrh-eq,-135734.60896828552,-131399.50838139682,-113829.9416341827,-126755.83604444053,12210.051592412492,0,0,0,0,0,-135734.60896828552,-131399.50838139682,-113829.9416341827,-126755.83604444053,12210.051592412492,-107961166.64026348,-105063695.51231858,-86864076.13095175,-99694520.6865565,12038018.510636091,-100134.16984360087,-96947.27813652864,-85081.68181303912,-93902.11862199625,8349.76460347743,-35600.43912468451,-34452.230244868246,-28748.25982114366,-32853.71742244428,3862.9815781334755,369589.4179926891,387158.9847399036,391494.0853267918,382515.31240294705,12210.051592412492,255759.47635850654,255759.47635850654,255759.47635850654,255759.4763585065,0,280893.97968499316,292759.5760084827,295946.467715555,289714.41649395035,8349.76460347746,195812.29787195407,195812.29787195407,195812.29787195407,195812.29787195407,0,88695.43830769604,94399.40873142058,95547.61761123683,92800.89590899662,3862.981578133452,59947.17848655234,59947.17848655234,59947.17848655234,59947.178486552344,0,0,0,0,0,0,-35600.43912468451,-34452.230244868246,-28748.25982114366,-32853.71742244428,3862.9815781334755,0,0,0,0,0,0,0,0,0,0,88695.43830769604,94399.40873142058,95547.61761123683,92800.89590899662,3862.981578133452,59947.17848655234,59947.17848655234,59947.17848655234,59947.178486552344,0
45-54,OTH,Food_price,USD,-1893931.010454938,-1824075.1650832852,-1378918.6116319397,-1692390.7061079545,294072.54937259015,0,0,0,0,0,-1893931.010454938,-1824075.1650832852,-1378918.6116319397,-1692390.7061079545,294072.54937259015,-107961166.64026348,-105063695.51231858,-86864076.13095175,-99694520.6865565,12038018.510636091,-1317918.343996726,-1269427.654344909,-969447.1709152973,-1181185.6214404197,198689.98290223756,-576012.6664582115,-554647.5107383739,-409471.44071664294,-511205.08466753404,95386.2160089414,4583136.915655457,5028293.469106801,5098149.314478458,4896609.010131474,294072.54937259026,3204218.304023519,3204218.304023519,3204218.304023519,3204218.304023519,0,3296350.8791897935,3596331.3626194065,3644822.05227122,3508089.3297149152,198689.98290223713,2326903.7082744967,2326903.7082744967,2326903.7082744967,2326903.7082744967,0,1286786.036465665,1431962.1064873966,1453327.2622072347,1388519.6804165568,95386.21600894196,877314.5957490222,877314.5957490222,877314.5957490222,877314.5957490221,0,0,0,0,0,0,-576012.6664582115,-554647.5107383739,-409471.44071664294,-511205.08466753404,95386.2160089414,0,0,0,0,0,0,0,0,0,0,1286786.036465665,1431962.1064873966,1453327.2622072347,1388519.6804165568,95386.21600894196,877314.5957490222,877314.5957490222,877314.5957490222,877314.5957490221,0
55-64,HIS,CED,MJ,-5570147.890570714,-5531408.988834351,-5303064.492297679,-5464880.709957049,151919.36265551578,0,0,0,0,0,-5570147.890570714,-5531408.988834351,-5303064.492297679,-5464880.709957049,151919.36265551578,-134977525.28388256,-134925617.2562765,-124136996.80004728,-131158349.73746134,6572475.182747952,-4088836.1314985766,-4053652.1657908615,-3908646.3602838153,-4015118.186913904,100536.83119807074,-1481311.7590721392,-1477756.8230434894,-1394418.1320138539,-1449762.5230431433,51762.07629342101,13998184.68169921,14226529.1782359,14265268.079972254,14160000.899358591,151919.36265552262,8695120.189401543,8695120.189401543,8695120.189401543,8695120.189401543,0,10521885.253801335,10666891.05930838,10702075.025016088,10628357.080431418,100536.83119806758,6613238.893517528,6613238.893517528,6613238.893517528,6613238.893517528,0,3476299.427897879,3559638.1189275146,3563193.054956166,3531643.818927169,51762.07629342178,2081881.2958840257,2081881.2958840257,2081881.2958840257,2081881.2958840255,0,0,0,0,0,0,-1481311.7590721392,-1477756.8230434894,-1394418.1320138539,-1449762.5230431433,51762.07629342101,0,0,0,0,0,0,0,0,0,0,3476299.427897879,3559638.1189275146,3563193.054956166,3531643.818927169,51762.07629342178,2081881.2958840257,2081881.2958840257,2081881.2958840257,2081881.2958840255,0
55-64,HIS,FL,mrh-eq,-184647.10410325156,-184306.34660158074,-172314.04772141483,-180218.08646877544,7393.886169759728,0,0,0,0,0,-184647.10410325156,-184306.34660158074,-172314.04772141483,-180218.08646877544,7393.886169759728,-134977525.28388256,-134925617.2562765,-124136996.80004728,-131158349.73746134,6572475.182747952,-132852.62218163983,-132325.16923730826,-124527.86453160198,-129774.34405787854,4906.847067784514,-51971.35128834282,-51784.655845682326,-47776.357113883394,-50443.742410896906,2494.6587461090244,483552.48772513005,495544.7866052959,495885.544106967,491456.52647249075,7393.886169759781,311238.44000371534,311238.44000371534,311238.44000371534,311238.44000371534,0,361103.4649706008,368900.7696763071,369428.22262063844,366349.9444968773,4906.847067784466,236575.60043899866,236575.60043899866,236575.60043899866,236575.60043899866,0,122439.19667860004,126447.49541039889,126634.19085305942,125106.5819756135,2494.6587461089875,74662.83956471656,74662.83956471656,74662.83956471656,74662.83956471656,0,0,0,0,0,0,-51971.35128834282,-51784.655845682326,-47776.357113883394,-50443.742410896906,2494.6587461090244,0,0,0,0,0,0,0,0,0,0,122439.19667860004,126447.49541039889,126634.19085305942,125106.5819756135,2494.6587461089875,74662.83956471656,74662.83956471656,74662.83956471656,74662.83956471656,0
55-64,HIS,Food_price,USD,-2596601.3684574394,-2498596.269563583,-2255146.539712118,-2447563.0657188077,185067.7650077322,0,0,0,0,0,-2596601.3684574394,-2498596.269563583,-2255146.539712118,-2447563.0657188077,185067.7650077322,-134977525.28388256,-134925617.2562765,-124136996.80004728,-131158349.73746134,6572475.182747952,-1752417.0499442772,-1685319.2304005423,-1522987.1847771008,-1651903.7124778384,124171.77023560126,-844184.3185131621,-813277.0391630403,-732159.3549350168,-795659.3532409696,60902.615263191445,6322142.714564994,6565592.44441647,6663597.543310324,6514559.24057169,185067.7650077367,4066996.1748528806,4066996.1748528806,4066996.1748528806,4066996.17485288,0,4533771.484026564,4696103.529650004,4763201.349193741,4662688.0117273005,124171.77023560076,3010784.299249463,3010784.299249463,3010784.299249463,3010784.299249463,0,1788371.2305384371,1869488.9147664616,1900396.194116582,1851871.22884439,60902.615263191416,1056211.8756034195,1056211.8756034195,1056211.8756034195,1056211.8756034195,0,0,0,0,0,0,-844184.3185131621,-813277.0391630403,-732159.3549350168,-795659.3532409696,60902.615263191445,0,0,0,0,0,0,0,0,0,0,1788371.2305384371,1869488.9147664616,1900396.194116582,1851871.22884439,60902.615263191416,1056211.8756034195,1056211.8756034195,1056211.8756034195,1056211.8756034195,0
55-64,NHB,CED,MJ,-5715949.15605828,-5596018.594283665,-5426336.454998255,-5578561.900420228,153175.60918556448,0,0,0,0,0,-5715949.15605828,-5596018.594283665,-5426336.454998255,-5578561.900420228,153175.60918556448,-172205826.17117548,-163998118.2617103,-158008749.97238678,-164776483.04070735,7502489.266515232,-4143845.6676686225,-4051111.7669658884,-3936199.793185367,-4043329.9869385944,109494.89272260749,-1572103.488389653,-1544906.8273177792,-1490136.6618128866,-1535231.9134816322,43946.55963528791,12838169.990643492,13007852.129928907,13127782.69170352,12990395.436065467,153175.6091855661,7411833.535645249,7411833.535645249,7411833.535645249,7411833.535645249,0,9530795.214159427,9645707.187939946,9738441.088642685,9637925.407912655,109494.89272260806,5594595.420974057,5594595.420974057,5594595.420974057,5594595.420974057,0,3307374.7764840727,3362144.9419889627,3389341.6030608397,3352470.028152818,43946.55963528803,1817238.1146711875,1817238.1146711875,1817238.1146711875,1817238.1146711875,0,0,0,0,0,0,-1572103.488389653,-1544906.8273177792,-1490136.6618128866,-1535231.9134816322,43946.55963528791,0,0,0,0,0,0,0,0,0,0,3307374.7764840727,3362144.9419889627,3389341.6030608397,3352470.028152818,43946.55963528803,1817238.1146711875,1817238.1146711875,1817238.1146711875,1817238.1146711875,0
55-64,NHB,FL,mrh-eq,-193629.95490338505,-188606.93840926242,-181652.7946915886,-187929.34990977077,6331.022219407211,0,0,0,0,0,-193629.95490338505,-188606.93840926242,-181652.7946915886,-187929.34990977077,6331.022219407211,-172205826.17117548,-163998118.2617103,-158008749.97238678,-164776483.04070735,7502489.266515232,-138654.28749880238,-134735.7660813898,-130070.0130914159,-134473.57956470162,4523.741172364862,-54975.667404582964,-53871.17232787276,-51582.781600172704,-53455.7703450693,1821.6060197032918,439589.51237734046,446543.65609501436,451566.67258913704,445866.0675955227,6331.0222194072985,257936.71768575173,257936.71768575173,257936.71768575173,257936.71768575173,0,325293.1777900668,329958.93078004057,333877.4521974533,329696.74426335254,4523.741172364871,195223.16469865083,195223.16469865083,195223.16469865083,195223.16469865083,0,114296.33458727357,116584.72531497359,117689.2203916838,116169.32333217014,1821.6060197032823,62713.552987100884,62713.552987100884,62713.552987100884,62713.552987100884,0,0,0,0,0,0,-54975.667404582964,-53871.17232787276,-51582.781600172704,-53455.7703450693,1821.6060197032918,0,0,0,0,0,0,0,0,0,0,114296.33458727357,116584.72531497359,117689.2203916838,116169.32333217014,1821.6060197032823,62713.552987100884,62713.552987100884,62713.552987100884,62713.552987100884,0
55-64,NHB,Food_price,USD,-3855623.3274630303,-3781837.7788626216,-3549160.746399045,-3726086.3810158963,168367.43785365223,0,0,0,0,0,-3855623.3274630303,-3781837.7788626216,-3549160.746399045,-3726086.3810158963,168367.43785365223,-172205826.17117548,-163998118.2617103,-158008749.97238678,-164776483.04070735,7502489.266515232,-2615572.4525640695,-2556560.5521039357,-2406206.2328150584,-2524510.5805850783,113634.68682254358,-1240050.8748989627,-1225277.226758692,-1142954.513583988,-1201575.8004308206,55071.50252603939,7190406.52621041,7423083.558674006,7496869.107274409,7367332.160827272,168367.43785366116,3641245.7798113753,3641245.7798113753,3641245.7798113753,3641245.7798113753,0,5017055.213932653,5167409.533221524,5226421.433681658,5135359.561702669,113634.68682253995,2610848.981117593,2610848.981117593,2610848.981117593,2610848.981117593,0,2173351.3122777725,2255674.025452475,2270447.6735927467,2231972.5991246044,55071.502526039134,1030396.7986937825,1030396.7986937825,1030396.7986937825,1030396.7986937825,0,0,0,0,0,0,-1240050.8748989627,-1225277.226758692,-1142954.513583988,-1201575.8004308206,55071.50252603939,0,0,0,0,0,0,0,0,0,0,2173351.3122777725,2255674.025452475,2270447.6735927467,2231972.5991246044,55071.502526039134,1030396.7986937825,1030396.7986937825,1030396.7986937825,1030396.7986937825,0
55-64,NHW,CED,MJ,-41551503.49040206,-40097398.409156606,-38448572.671891004,-40029075.37195655,1634193.0142090183,0,0,0,0,0,-41551503.49040206,-40097398.409156606,-38448572.671891004,-40029075.37195655,1634193.0142090183,-1065597428.6549734,-987729125.3327259,-987557816.8486185,-1014991228.7847048,47375599.88441208,-30675238.686767206,-29607445.09050365,-28447671.04849231,-29575171.24989039,1172737.134673562,-10876264.803634878,-10489953.318652937,-10000901.623398717,-10453904.122066172,461774.0133486172,87999904.34468396,89648730.08194953,91102835.16319497,89580407.04474948,1634193.0142089957,49551331.67279298,49551331.67279298,49551331.67279298,49551331.67279298,0,66072833.159385994,67232607.20139731,68300400.79766092,67200333.36078407,1172737.1346735782,37625162.1108937,37625162.1108937,37625162.1108937,37625162.1108937,0,21927071.185297977,22416122.88055218,22802434.365534145,22380073.68396543,461774.013348621,11926169.561899267,11926169.561899267,11926169.561899267,11926169.561899267,0,0,0,0,0,0,-10876264.803634878,-10489953.318652937,-10000901.623398717,-10453904.122066172,461774.0133486172,0,0,0,0,0,0,0,0,0,0,21927071.185297977,22416122.88055218,22802434.365534145,22380073.68396543,461774.013348621,11926169.561899267,11926169.561899267,11926169.561899267,11926169.561899267,0
55-64,NHW,FL,mrh-eq,-1371808.7074378147,-1307554.3486570031,-1262119.702401529,-1314157.7565606304,58013.60608477222,0,0,0,0,0,-1371808.7074378147,-1307554.3486570031,-1262119.702401529,-1314157.7565606304,58013.60608477222,-1065597428.6549734,-987729125.3327259,-987557816.8486185,-1014991228.7847048,47375599.88441208,-996858.7665034223,-949904.6859428333,-919981.7521740713,-955880.5269224216,40791.212139105664,-374949.94093439286,-357649.6627141703,-342137.9502274572,-358277.2296382087,17278.018768938604,3037557.714749115,3082992.3610045877,3147246.7197854016,3089595.768908216,58013.60608477279,1775438.0123475855,1775438.0123475855,1775438.0123475855,1775438.0123475855,0,2268670.3861093414,2298593.3198781004,2345547.4004386896,2304569.16085769,40791.21213910434,1348688.6339352694,1348688.6339352694,1348688.6339352694,1348688.6339352694,0,768887.3286397744,784399.0411264882,801699.3193467109,785026.6080505265,17278.01876893912,426749.3784123178,426749.3784123178,426749.3784123178,426749.3784123178,0,0,0,0,0,0,-374949.94093439286,-357649.6627141703,-342137.9502274572,-358277.2296382087,17278.018768938604,0,0,0,0,0,0,0,0,0,0,768887.3286397744,784399.0411264882,801699.3193467109,785026.6080505265,17278.01876893912,426749.3784123178,426749.3784123178,426749.3784123178,426749.3784123178,0
55-64,NHW,Food_price,USD,-22151393.71137607,-20236807.150723793,-19660233.709962573,-20706285.438404866,1372729.841458092,0,0,0,0,0,-22151393.71137607,-20236807.150723793,-19660233.709962573,-20706285.438404866,1372729.841458092,-1065597428.6549734,-987729125.3327259,-987557816.8486185,-1014991228.7847048,47375599.88441208,-15067076.677840812,-13732206.210559445,-13423857.882051637,-14092389.417146659,919384.5413107475,-7084317.033535268,-6504600.940164351,-6236375.827910922,-6613896.021258206,456211.819222796,45753620.44767662,46330193.888437875,48244780.449090175,46799672.17611894,1372729.8414581162,26093386.737714063,26093386.737714063,26093386.737714063,26093386.737714063,0,32420877.917691145,32729226.246198963,34064096.71348032,33089409.452786174,919384.54131075,18997020.035639502,18997020.035639502,18997020.035639502,18997020.035639502,0,13332742.529985497,13600967.642238913,14180683.735609813,13710262.723332768,456211.8192227803,7096366.702074557,7096366.702074557,7096366.702074557,7096366.702074557,0,0,0,0,0,0,-7084317.033535268,-6504600.940164351,-6236375.827910922,-6613896.021258206,456211.819222796,0,0,0,0,0,0,0,0,0,0,13332742.529985497,13600967.642238913,14180683.735609813,13710262.723332768,456211.8192227803,7096366.702074557,7096366.702074557,7096366.702074557,7096366.702074557,0
55-64,OTH,CED,MJ,-4251181.478582418,-4068682.5159953814,-3947698.52745192,-4090266.71741418,160817.9108606201,0,0,0,0,0,-4251181.478582418,-4068682.5159953814,-3947698.52745192,-4090266.71741418,160817.9108606201,-120121494.8116152,-119690791.56882033,-107453499.77223906,-115548128.91836895,7571327.969622001,-3193924.940194949,-3036486.32499121,-2943755.7933993656,-3059190.915732226,133128.05369462297,-1057256.5383874604,-1032196.1910041647,-1003942.7340525528,-1031075.8016819485,28076.667801871863,11036669.378676932,11157653.367220398,11340152.329807427,11179237.56863919,160817.91086061852,7088970.85122502,7088970.85122502,7088970.85122502,7088970.851225021,0,8329942.142308089,8422672.673899941,8580111.289103683,8445377.264640955,133128.0536946283,5386186.348908726,5386186.348908726,5386186.348908726,5386186.348908726,0,2706727.2363688457,2734980.6933204555,2760041.040703751,2733860.30399824,28076.667801870557,1702784.50231629,1702784.50231629,1702784.50231629,1702784.5023162898,0,0,0,0,0,0,-1057256.5383874604,-1032196.1910041647,-1003942.7340525528,-1031075.8016819485,28076.667801871863,0,0,0,0,0,0,0,0,0,0,2706727.2363688457,2734980.6933204555,2760041.040703751,2733860.30399824,28076.667801870557,1702784.50231629,1702784.50231629,1702784.50231629,1702784.5023162898,0
55-64,OTH,FL,mrh-eq,-137255.54300146564,-135927.5134159326,-133245.9585022645,-135452.59224816592,2150.0141592139476,0,0,0,0,0,-137255.54300146564,-135927.5134159326,-133245.9585022645,-135452.59224816592,2150.0141592139476,-120121494.8116152,-119690791.56882033,-107453499.77223906,-115548128.91836895,7571327.969622001,-101908.78323650175,-99702.98716813867,-97760.94028456489,-99795.53074174894,2184.545886203003,-36185.60477252581,-35446.096742431604,-35307.838289696054,-35657.06150641709,496.79704016295824,393348.3720998481,396029.9270135162,397357.9565990494,395555.0058457496,2150.0141592139985,260102.4135975833,260102.4135975833,260102.4135975833,260102.4135975833,0,294596.58045626263,296538.6273398365,298744.42340819933,296631.1709134467,2184.5458862029272,196835.64017169783,196835.64017169783,196835.64017169783,196835.64017169783,0,98574.6117155818,98712.8701683174,99452.37819841156,98923.83493230287,496.79704016294073,63266.773425885796,63266.773425885796,63266.773425885796,63266.773425885796,0,0,0,0,0,0,-36185.60477252581,-35446.096742431604,-35307.838289696054,-35657.06150641709,496.79704016295824,0,0,0,0,0,0,0,0,0,0,98574.6117155818,98712.8701683174,99452.37819841156,98923.83493230287,496.79704016294073,63266.773425885796,63266.773425885796,63266.773425885796,63266.773425885796,0
55-64,OTH,Food_price,USD,-2160275.9627280924,-2116005.4572226303,-2023595.8858201797,-2099114.5569078973,73409.07274212175,0,0,0,0,0,-2160275.9627280924,-2116005.4572226303,-2023595.8858201797,-2099114.5569078973,73409.07274212175,-120121494.8116152,-119690791.56882033,-107453499.77223906,-115548128.91836895,7571327.969622001,-1508288.7428209723,-1486342.2803871697,-1398466.748866903,-1463209.2736901648,61174.449867550735,-651987.2199071206,-629663.1768354592,-625129.1369532752,-635905.283217732,15134.222723574901,6241630.973425056,6334040.544827505,6378311.050332976,6317149.644512775,73409.0727421248,4218035.087604875,4218035.087604875,4218035.087604875,4218035.087604875,0,4472006.95277736,4559882.484297625,4581828.946731431,4536749.477600622,61174.44986755166,3073540.203910458,3073540.203910458,3073540.203910458,3073540.2039104574,0,1769624.0206476944,1774158.0605298772,1796482.1036015397,1780400.1669121508,15134.222723575185,1144494.883694418,1144494.883694418,1144494.883694418,1144494.883694418,0,0,0,0,0,0,-651987.2199071206,-629663.1768354592,-625129.1369532752,-635905.283217732,15134.222723574901,0,0,0,0,0,0,0,0,0,0,1769624.0206476944,1774158.0605298772,1796482.1036015397,1780400.1669121508,15134.222723575185,1144494.883694418,1144494.883694418,1144494.883694418,1144494.883694418,0
65-74,HIS,CED,MJ,-2345113.2149007455,-2344331.7611597804,-2314101.139150339,-2333998.7196620693,18614.274942859698,0,0,0,0,0,-2345113.2149007455,-2344331.7611597804,-2314101.139150339,-2333998.7196620693,18614.274942859698,-60654018.45552391,-59710815.52323074,-54983907.439077,-58383199.68047264,3198090.691545413,-1739417.478405848,-1725951.5329586016,-1714855.4424898343,-1726783.0610212258,12947.429174146744,-617712.623374532,-605028.1316682509,-598578.0918338574,-607215.658640843,10247.443128545316,6460161.397726594,6490392.019736028,6491173.473476998,6480058.978238321,18614.27494285733,4146060.2585762506,4146060.2585762506,4146060.2585762506,4146060.25857625,0,4867291.342498289,4878387.432967051,4891853.378414298,4879218.961029678,12947.429174143961,3152435.9000084507,3152435.9000084507,3152435.9000084507,3152435.9000084507,0,1592202.4504016615,1598652.4902360528,1611336.9819423354,1600840.017208646,10247.44312854517,993624.3585678034,993624.3585678034,993624.3585678034,993624.3585678035,0,0,0,0,0,0,-617712.623374532,-605028.1316682509,-598578.0918338574,-607215.658640843,10247.443128545316,0,0,0,0,0,0,0,0,0,0,1592202.4504016615,1598652.4902360528,1611336.9819423354,1600840.017208646,10247.44312854517,993624.3585678034,993624.3585678034,993624.3585678034,993624.3585678035,0
65-74,HIS,FL,mrh-eq,-80453.74016391108,-78438.97057844294,-76036.08694889578,-78302.79021209943,2328.06975823876,0,0,0,0,0,-80453.74016391108,-78438.97057844294,-76036.08694889578,-78302.79021209943,2328.06975823876,-60654018.45552391,-59710815.52323074,-54983907.439077,-58383199.68047264,3198090.691545413,-58018.72087878638,-57077.92564785663,-55239.628058744296,-56763.0125397224,1487.8883507322873,-22435.01928512471,-21361.04493058626,-20796.45889015148,-21539.77767237702,876.1810105757924,224938.6832684544,227341.56689800142,229356.33648346981,227205.38653165803,2328.069758238826,148902.59631955868,148902.59631955868,148902.59631955868,148902.59631955868,0,167843.17918114745,169681.4767702597,170622.27200118965,169366.56366212558,1487.8883507323155,112603.55112240321,112603.55112240321,112603.55112240321,112603.5511224032,0,57095.5040873069,57660.09012774176,58734.06448228023,57838.8228695325,876.1810105758392,36299.04519715547,36299.04519715547,36299.04519715547,36299.04519715547,0,0,0,0,0,0,-22435.01928512471,-21361.04493058626,-20796.45889015148,-21539.77767237702,876.1810105757924,0,0,0,0,0,0,0,0,0,0,57095.5040873069,57660.09012774176,58734.06448228023,57838.8228695325,876.1810105758392,36299.04519715547,36299.04519715547,36299.04519715547,36299.04519715547,0
65-74,HIS,Food_price,USD,-1018432.4979374943,-979355.5439120592,-873901.8848144055,-956065.4719568947,78697.35932232851,0,0,0,0,0,-1018432.4979374943,-979355.5439120592,-873901.8848144055,-956065.4719568947,78697.35932232851,-60654018.45552391,-59710815.52323074,-54983907.439077,-58383199.68047264,3198090.691545413,-694691.5276329938,-671584.8919944945,-596595.4766110947,-653380.4078734767,53982.939502877016,-323740.9703045013,-307770.65191756375,-277306.4082033108,-302685.064083418,24832.921927312378,2927495.558343686,3032949.2174413395,3072026.1714667752,3009659.1454861755,78697.35932232843,2053593.6735292808,2053593.6735292808,2053593.6735292808,2053593.673529281,0,2108421.612654838,2183411.028038234,2206517.6636767318,2165206.543917217,53982.93950287433,1511826.1360437402,1511826.1360437402,1511826.1360437402,1511826.1360437402,0,819073.9456888508,849538.1894031048,865508.5077900413,844452.6015689583,24832.921927312433,541767.5374855398,541767.5374855398,541767.5374855398,541767.5374855398,0,0,0,0,0,0,-323740.9703045013,-307770.65191756375,-277306.4082033108,-302685.064083418,24832.921927312378,0,0,0,0,0,0,0,0,0,0,819073.9456888508,849538.1894031048,865508.5077900413,844452.6015689583,24832.921927312433,541767.5374855398,541767.5374855398,541767.5374855398,541767.5374855398,0
65-74,NHB,CED,MJ,-3035944.067979764,-2962685.860675947,-2905841.846407997,-2968445.226653444,68656.26904044983,0,0,0,0,0,-3035944.067979764,-2962685.860675947,-2905841.846407997,-2968445.226653444,68656.26904044983,-88121477.27500066,-83820279.48595954,-82672595.35777634,-84926775.50731319,3023692.086972771,-2223492.9473405806,-2174600.2505665342,-2123085.305876977,-2173680.1635786355,52852.13399712436,-812451.120639182,-788085.610109413,-782756.540531021,-794765.0630748085,16664.88544727912,6534249.556900803,6591093.571168752,6664351.778472572,6596852.937146251,68656.26904045079,3628407.7104928102,3628407.7104928102,3628407.7104928102,3628407.7104928102,0,4882827.365287511,4934342.309977072,4983235.00675112,4933422.222989173,52852.13399712739,2759742.0594105395,2759742.0594105395,2759742.0594105395,2759742.0594105395,0,1651422.1916132898,1656751.261191684,1681116.771721451,1663430.7141570777,16664.88544727872,868665.6510822694,868665.6510822694,868665.6510822694,868665.6510822694,0,0,0,0,0,0,-812451.120639182,-788085.610109413,-782756.540531021,-794765.0630748085,16664.88544727912,0,0,0,0,0,0,0,0,0,0,1651422.1916132898,1656751.261191684,1681116.771721451,1663430.7141570777,16664.88544727872,868665.6510822694,868665.6510822694,868665.6510822694,868665.6510822694,0
65-74,NHB,FL,mrh-eq,-104519.58013469604,-100719.3195515734,-100095.15006047527,-101833.73747859953,2520.722958883583,0,0,0,0,0,-104519.58013469604,-100719.3195515734,-100095.15006047527,-101833.73747859953,2520.722958883583,-88121477.27500066,-83820279.48595954,-82672595.35777634,-84926775.50731319,3023692.086972771,-75074.36525491039,-72489.68247717424,-71665.60396343627,-73107.43835927887,1872.153129641866,-29455.736407292923,-28440.067624546296,-28240.15860190647,-28726.29911932061,686.1209623542314,227411.36674370637,228035.53623480472,231835.7968179273,229149.9541618308,2520.7229588836262,127316.21668323122,127316.21668323122,127316.21668323122,127316.21668323122,0,168212.9606075176,169037.0391212555,171621.72189899173,169654.79500336017,1872.1531296418916,96547.35664408133,96547.35664408133,96547.35664408133,96547.35664408134,0,59009.01864105636,59208.92766369619,60224.59644644285,59495.15915847052,686.1209623542509,30768.860039149906,30768.860039149906,30768.860039149906,30768.860039149906,0,0,0,0,0,0,-29455.736407292923,-28440.067624546296,-28240.15860190647,-28726.29911932061,686.1209623542314,0,0,0,0,0,0,0,0,0,0,59009.01864105636,59208.92766369619,60224.59644644285,59495.15915847052,686.1209623542509,30768.860039149906,30768.860039149906,30768.860039149906,30768.860039149906,0
65-74,NHB,Food_price,USD,-1790140.0238158833,-1738438.538042148,-1709748.0501142652,-1746512.572374026,42885.44117207217,0,0,0,0,0,-1790140.0238158833,-1738438.538042148,-1709748.0501142652,-1746512.572374026,42885.44117207217,-88121477.27500066,-83820279.48595954,-82672595.35777634,-84926775.50731319,3023692.086972771,-1217966.7896827722,-1176502.6788471024,-1157759.3848955056,-1184474.8952976542,32431.51786770716,-572173.2341331133,-561935.8591950455,-551988.6652187591,-562037.6770763724,10623.823260090325,3321849.2364383047,3350539.724366189,3402241.210139925,3358613.7586980667,42885.44117207319,1612101.186324042,1612101.186324042,1612101.186324042,1612101.186324042,0,2308816.64285945,2327559.9368110467,2369024.0476467153,2335532.153261598,32431.51786770632,1151057.2579639442,1151057.2579639442,1151057.2579639442,1151057.2579639442,0,1013032.5935788553,1022979.7875551421,1033217.1624932098,1023081.6054364686,10623.823260090498,461043.92836009624,461043.92836009624,461043.92836009624,461043.92836009624,0,0,0,0,0,0,-572173.2341331133,-561935.8591950455,-551988.6652187591,-562037.6770763724,10623.823260090325,0,0,0,0,0,0,0,0,0,0,1013032.5935788553,1022979.7875551421,1033217.1624932098,1023081.6054364686,10623.823260090498,461043.92836009624,461043.92836009624,461043.92836009624,461043.92836009624,0
65-74,NHW,CED,MJ,-28262207.040173005,-27860531.849327505,-27563047.73087894,-27897090.120343972,369338.0816392017,0,0,0,0,0,-28262207.040173005,-27860531.849327505,-27563047.73087894,-27897090.120343972,369338.0816392017,-744298212.0533264,-698905629.529793,-683537439.8954144,-709440504.2277421,33255326.731993753,-21030337.20730682,-20708065.477468103,-20432636.152428895,-20724501.408976704,314901.3628406908,-7231869.832866174,-7152466.3718594015,-7130411.578450054,-7172588.711367269,56170.66219217875,61281465.08146053,61578949.19990909,61980624.39075463,61615507.47092558,369338.081639227,33718417.35058161,33718417.35058161,33718417.35058161,33718417.35058161,0,46069616.76989922,46345046.0949384,46667317.82477713,46361482.026447006,314901.36284068757,25636980.617470317,25636980.617470317,25636980.617470317,25636980.617470313,0,15211848.311561324,15233903.104970671,15313306.565977452,15254025.444478542,56170.66219218402,8081436.733111277,8081436.733111277,8081436.733111277,8081436.733111277,0,0,0,0,0,0,-7231869.832866174,-7152466.3718594015,-7130411.578450054,-7172588.711367269,56170.66219217875,0,0,0,0,0,0,0,0,0,0,15211848.311561324,15233903.104970671,15313306.565977452,15254025.444478542,56170.66219218402,8081436.733111277,8081436.733111277,8081436.733111277,8081436.733111277,0
65-74,NHW,FL,mrh-eq,-930312.0552203199,-909664.1593148073,-904343.477273148,-915042.129091598,14439.431899975458,0,0,0,0,0,-930312.0552203199,-909664.1593148073,-904343.477273148,-915042.129091598,14439.431899975458,-744298212.0533264,-698905629.529793,-683537439.8954144,-709440504.2277421,33255326.731993753,-682386.4802097637,-665844.9945082252,-659558.1147129734,-669443.1018437644,12412.425475784834,-247976.427523904,-244836.21507352148,-243870.01731992865,-245599.02724783367,2259.9764294891206,2092140.0200605195,2097460.7021021787,2118108.5980076934,2102838.6718789698,14439.431899976513,1187796.5427873712,1187796.5427873712,1187796.5427873712,1187796.5427873712,0,1559768.0642064288,1566054.9440016784,1582596.4297032175,1569653.0513372186,12412.42547578404,900209.949493455,900209.949493455,900209.949493455,900209.9494934551,0,531456.6106138461,532422.8083674387,535563.0208178213,533185.620541751,2259.9764294890288,287586.5932939172,287586.5932939172,287586.5932939172,287586.5932939172,0,0,0,0,0,0,-247976.427523904,-244836.21507352148,-243870.01731992865,-245599.02724783367,2259.9764294891206,0,0,0,0,0,0,0,0,0,0,531456.6106138461,532422.8083674387,535563.0208178213,533185.620541751,2259.9764294890288,287586.5932939172,287586.5932939172,287586.5932939172,287586.5932939172,0
65-74,NHW,Food_price,USD,-14048051.07739543,-13955702.822275525,-13546883.74346209,-13844660.427997092,280755.4562755896,0,0,0,0,0,-14048051.07739543,-13955702.822275525,-13546883.74346209,-13844660.427997092,280755.4562755896,-744298212.0533264,-698905629.529793,-683537439.8954144,-709440504.2277421,33255326.731993753,-9645589.255526971,-9627887.301926678,-9313692.726507634,-9523854.803042905,196547.71886530507,-4419232.093700324,-4309181.884980116,-4232259.335186032,-4320805.624954195,98920.24593990062,31714061.48850131,32122880.56731475,32215228.822434656,32011838.17303632,280755.4562755945,18167177.745039225,18167177.745039225,18167177.745039225,18167177.745039225,0,22569997.036473516,22884191.61189256,22901893.565492876,22780159.113008793,196547.71886531156,13256304.309965894,13256304.309965894,13256304.309965894,13256304.309965894,0,9143132.770259352,9220055.320053436,9330105.52877365,9231679.060027517,98920.24593990367,4910873.435073321,4910873.435073321,4910873.435073321,4910873.435073321,0,0,0,0,0,0,-4419232.093700324,-4309181.884980116,-4232259.335186032,-4320805.624954195,98920.24593990062,0,0,0,0,0,0,0,0,0,0,9143132.770259352,9220055.320053436,9330105.52877365,9231679.060027517,98920.24593990367,4910873.435073321,4910873.435073321,4910873.435073321,4910873.435073321,0
65-74,OTH,CED,MJ,-1737104.448453501,-1684450.661164571,-1581590.6751436512,-1666834.451083171,83259.02326234677,0,0,0,0,0,-1737104.448453501,-1684450.661164571,-1581590.6751436512,-1666834.451083171,83259.02326234677,-47175943.14245031,-47145559.84114309,-43073295.54079604,-45727355.981830865,2484150.2007334474,-1308412.3356310306,-1267449.872512382,-1185453.8812417735,-1253052.1433362556,65905.22795666948,-428692.1128224694,-417000.78865218733,-396136.79390187963,-413782.30774691515,17359.605034296612,4651359.897998553,4754219.884019471,4806873.67130841,4736603.673938074,83259.02326235021,3069769.222854904,3069769.222854904,3069769.222854904,3069769.2228549034,0,3532768.3070977335,3614764.2983683334,3655726.761486985,3600366.5691922107,65905.22795666599,2347314.4258559574,2347314.4258559574,2347314.4258559574,2347314.4258559574,0,1118591.5909008274,1139455.5856511346,1151146.909821418,1136237.1047458632,17359.605034296987,722454.796998948,722454.796998948,722454.796998948,722454.796998948,0,0,0,0,0,0,-428692.1128224694,-417000.78865218733,-396136.79390187963,-413782.30774691515,17359.605034296612,0,0,0,0,0,0,0,0,0,0,1118591.5909008274,1139455.5856511346,1151146.909821418,1136237.1047458632,17359.605034296987,722454.796998948,722454.796998948,722454.796998948,722454.796998948,0
65-74,OTH,FL,mrh-eq,-57082.82727985207,-56113.338296824484,-52790.887019039124,-55287.737491646316,2369.3698911797774,0,0,0,0,0,-57082.82727985207,-56113.338296824484,-52790.887019039124,-55287.737491646316,2369.3698911797774,-47175943.14245031,-47145559.84114309,-43073295.54079604,-45727355.981830865,2484150.2007334474,-42265.56283122782,-41512.698914552064,-38831.940881892304,-40836.2448387682,1899.7510357205447,-14817.26444862435,-14600.63938227243,-13958.946137146795,-14451.492652878143,469.8493823670675,165466.29965633573,168788.75093412108,169758.2399171487,167963.1501289429,2369.3698911797833,112675.41263729671,112675.41263729671,112675.41263729671,112675.41263729671,0,124561.97759631956,127242.73562897928,127995.59954565504,126566.28155319544,1899.7510357205283,85730.03671442725,85730.03671442725,85730.03671442725,85730.03671442725,0,40904.32206001611,41546.015305141744,41762.64037149363,41396.868575747445,469.84938236705676,26945.3759228693,26945.3759228693,26945.3759228693,26945.375922869298,0,0,0,0,0,0,-14817.26444862435,-14600.63938227243,-13958.946137146795,-14451.492652878143,469.8493823670675,0,0,0,0,0,0,0,0,0,0,40904.32206001611,41546.015305141744,41762.64037149363,41396.868575747445,469.84938236705676,26945.3759228693,26945.3759228693,26945.3759228693,26945.375922869298,0
65-74,OTH,Food_price,USD,-773559.2543925877,-771755.9180300811,-753996.0439201469,-766157.1328555451,11380.957629738841,0,0,0,0,0,-773559.2543925877,-771755.9180300811,-753996.0439201469,-766157.1328555451,11380.957629738841,-47175943.14245031,-47145559.84114309,-43073295.54079604,-45727355.981830865,2484150.2007334474,-543715.3518003339,-539389.5602771547,-524386.4022957021,-535643.1159058308,10677.990676548901,-232233.59695499635,-229711.14179432468,-229476.88082651462,-230514.0169497147,1608.905390683888,2312346.047644465,2330105.921754399,2331909.258116907,2324507.1365798637,11380.957629738938,1558350.003724319,1558350.003724319,1558350.003724319,1558350.003724319,0,1657398.680256261,1672401.8382377133,1676727.6297608935,1668655.3938663898,10677.990676549132,1133012.2779605603,1133012.2779605603,1133012.2779605603,1133012.2779605603,0,654814.606590273,655048.8675580835,657571.3227187553,655851.7427134735,1608.9053906842073,425337.7257637593,425337.7257637593,425337.7257637593,425337.7257637593,0,0,0,0,0,0,-232233.59695499635,-229711.14179432468,-229476.88082651462,-230514.0169497147,1608.905390683888,0,0,0,0,0,0,0,0,0,0,654814.606590273,655048.8675580835,657571.3227187553,655851.7427134735,1608.9053906842073,425337.7257637593,425337.7257637593,425337.7257637593,425337.7257637593,0
75+,HIS,CED,MJ,-1406252.1086992237,-1260364.3997049727,-1205482.0070904796,-1292296.0896627824,109227.06224815587,0,0,0,0,0,-1406252.1086992237,-1260364.3997049727,-1205482.0070904796,-1292296.0896627824,109227.06224815587,-38051763.10384787,-34174001.975671105,-31938869.80399739,-34750363.013040595,3255801.3195230453,-1046205.2851741308,-932034.3905654754,-896022.2613238754,-959458.5187644422,82534.64789779096,-360046.8235250943,-328330.0091394972,-309459.74576660444,-332837.57089834084,26909.429126847444,3159984.089361548,3214866.481976038,3360754.190970287,3246798.1719338484,109227.06224815366,1954502.0822710665,1954502.0822710665,1954502.0822710665,1954502.0822710665,0,2389143.416857501,2425155.546099101,2539326.440707756,2452579.674298068,82534.6478977908,1493121.155533625,1493121.155533625,1493121.155533625,1493121.155533625,0,770840.6725040459,789710.935876939,821427.7502625356,794218.4976357823,26909.429126847353,461380.926737442,461380.926737442,461380.926737442,461380.926737442,0,0,0,0,0,0,-360046.8235250943,-328330.0091394972,-309459.74576660444,-332837.57089834084,26909.429126847444,0,0,0,0,0,0,0,0,0,0,770840.6725040459,789710.935876939,821427.7502625356,794218.4976357823,26909.429126847353,461380.926737442,461380.926737442,461380.926737442,461380.926737442,0
75+,HIS,FL,mrh-eq,-47386.059719614,-43119.56413447435,-40735.14896561089,-43779.943227904594,3546.890335143709,0,0,0,0,0,-47386.059719614,-43119.56413447435,-40735.14896561089,-43779.943227904594,3546.890335143709,-38051763.10384787,-34174001.975671105,-31938869.80399739,-34750363.013040595,3255801.3195230453,-34601.472527879276,-31275.391317583715,-29695.679554760343,-31888.15252722308,2635.965122439909,-12784.587191734743,-11844.172816890625,-11039.469410850535,-11891.790700681513,919.4083405279467,109502.75846931363,111887.17363817708,116153.6692233167,112547.5527316073,3546.890335143672,68767.60950370268,68767.60950370268,68767.60950370268,68767.60950370268,0,81942.26718181942,83521.97894464282,86848.06015493824,84134.74015428213,2635.9651224398312,52246.58762705904,52246.58762705904,52246.58762705904,52246.587627059045,0,27560.491287494282,28365.19469353437,29305.60906837848,28412.812577325254,919.4083405279412,16521.02187664374,16521.02187664374,16521.02187664374,16521.02187664374,0,0,0,0,0,0,-12784.587191734743,-11844.172816890625,-11039.469410850535,-11891.790700681513,919.4083405279467,0,0,0,0,0,0,0,0,0,0,27560.491287494282,28365.19469353437,29305.60906837848,28412.812577325254,919.4083405279412,16521.02187664374,16521.02187664374,16521.02187664374,16521.02187664374,0
75+,HIS,Food_price,USD,-655973.0943180961,-594315.4699983697,-568705.5513563661,-606963.7877800268,47218.38739179684,0,0,0,0,0,-655973.0943180961,-594315.4699983697,-568705.5513563661,-606963.7877800268,47218.38739179684,-38051763.10384787,-34174001.975671105,-31938869.80399739,-34750363.013040595,3255801.3195230453,-449823.1845000331,-405851.52151549887,-388776.05290034,-415288.7826977358,33153.246821559726,-206149.90981806212,-188463.94848286975,-179929.49845602622,-191675.0050822904,14077.611267016313,1457504.2332752459,1483114.1519172487,1544771.7762369763,1495762.4696989066,47218.387391797136,888798.6819188793,888798.6819188793,888798.6819188793,888798.6819188794,0,1040596.5055924011,1057671.9742075612,1101643.637192095,1067109.2353897975,33153.24682156001,651820.4526920624,651820.4526920624,651820.4526920624,651820.4526920624,0,416907.7276828448,425442.1777096881,443128.1390448808,428653.2343091089,14077.611267016375,236978.2292268183,236978.2292268183,236978.2292268183,236978.2292268183,0,0,0,0,0,0,-206149.90981806212,-188463.94848286975,-179929.49845602622,-191675.0050822904,14077.611267016313,0,0,0,0,0,0,0,0,0,0,416907.7276828448,425442.1777096881,443128.1390448808,428653.2343091089,14077.611267016375,236978.2292268183,236978.2292268183,236978.2292268183,236978.2292268183,0
75+,NHB,CED,MJ,-2146817.779060634,-2132543.1214022087,-1790933.4137315569,-2017688.7178891466,212079.6378720932,0,0,0,0,0,-2146817.779060634,-2132543.1214022087,-1790933.4137315569,-2017688.7178891466,212079.6378720932,-67069626.51835318,-65890388.416397385,-51679050.99307051,-61317721.987846136,9016477.466403266,-1574835.6610000415,-1558032.3736296543,-1317935.3390093888,-1479683.6903840827,151280.59815878372,-574377.6619982391,-571849.0322862797,-472864.98894785397,-538005.0275050635,60939.18315135031,4523215.754564435,4864825.462235083,4879100.119893513,4749971.058722024,212079.6378720921,2732282.340832877,2732282.340832877,2732282.340832877,2732282.340832877,0,3400088.764638062,3640185.7992583257,3656989.086628718,3561837.116012757,151280.59815878433,2082153.4256286728,2082153.4256286728,2082153.4256286728,2082153.4256286726,0,1122993.9041520574,1221977.947490485,1224506.5772024435,1188133.9427092678,60939.18315135118,650128.915204204,650128.915204204,650128.915204204,650128.915204204,0,0,0,0,0,0,-574377.6619982391,-571849.0322862797,-472864.98894785397,-538005.0275050635,60939.18315135031,0,0,0,0,0,0,0,0,0,0,1122993.9041520574,1221977.947490485,1224506.5772024435,1188133.9427092678,60939.18315135118,650128.915204204,650128.915204204,650128.915204204,650128.915204204,0
75+,NHB,FL,mrh-eq,-76036.31343389789,-75868.06600953628,-60838.04964075883,-70653.41023956581,9185.850872136301,0,0,0,0,0,-76036.31343389789,-75868.06600953628,-60838.04964075883,-70653.41023956581,9185.850872136301,-67069626.51835318,-65890388.416397385,-51679050.99307051,-61317721.987846136,9016477.466403266,-54577.60162729519,-54440.67350022101,-43892.796791786976,-50787.709085708775,6452.34690338537,-21588.433190146672,-21283.257638710853,-16938.046105441663,-19865.701153857037,2738.1945182015334,155533.20150969247,170563.21787846973,170731.4653028317,165348.56210849943,9185.850872136283,94695.15186893374,94695.15186893374,94695.15186893374,94695.15186893374,0,115663.76580893465,126211.64251736857,126348.57064444287,122558.67810285643,6452.346903385335,71770.96901714761,71770.96901714761,71770.96901714761,71770.96901714761,0,39862.228957227686,44207.44049049687,44512.61604193268,42789.88400564305,2738.19451820153,22924.182851786,22924.182851786,22924.182851786,22924.182851786,0,0,0,0,0,0,-21588.433190146672,-21283.257638710853,-16938.046105441663,-19865.701153857037,2738.1945182015334,0,0,0,0,0,0,0,0,0,0,39862.228957227686,44207.44049049687,44512.61604193268,42789.88400564305,2738.19451820153,22924.182851786,22924.182851786,22924.182851786,22924.182851786,0
75+,NHB,Food_price,USD,-1414079.1199624636,-1359222.5994486795,-1055248.3161159405,-1271812.8581086954,203464.52115383832,0,0,0,0,0,-1414079.1199624636,-1359222.5994486795,-1055248.3161159405,-1271812.8581086954,203464.52115383832,-67069626.51835318,-65890388.416397385,-51679050.99307051,-61317721.987846136,9016477.466403266,-966805.4699142021,-931292.9050326933,-723039.1289520056,-870681.9537347358,138620.56630946527,-447273.65004826256,-427929.6944159858,-332209.18716393475,-401130.9043739597,64855.02654771312,2394137.9335671645,2698112.216899902,2752968.737413687,2610702.4755599187,203464.52115383805,1338889.6174512228,1338889.6174512228,1338889.6174512228,1338889.6174512228,0,1688550.217562233,1896803.9936429206,1932316.5585244305,1836193.0423449634,138620.56630946562,965511.0886102269,965511.0886102269,965511.0886102269,965511.0886102269,0,705587.7160049294,801308.2232569813,820652.1788892574,774509.4332149547,64855.026547713416,373378.52884099487,373378.52884099487,373378.52884099487,373378.52884099487,0,0,0,0,0,0,-447273.65004826256,-427929.6944159858,-332209.18716393475,-401130.9043739597,64855.02654771312,0,0,0,0,0,0,0,0,0,0,705587.7160049294,801308.2232569813,820652.1788892574,774509.4332149547,64855.026547713416,373378.52884099487,373378.52884099487,373378.52884099487,373378.52884099487,0
75+,NHW,CED,MJ,-21538419.589925636,-21492961.14868637,-21471353.427019402,-21501329.822220508,36034.33707303189,0,0,0,0,0,-21538419.589925636,-21492961.14868637,-21471353.427019402,-21501329.822220508,36034.33707303189,-519299077.2698425,-518032602.84287864,-517528885.5679784,-518300236.93132204,960077.25417599,-16203832.502729705,-16121132.386292776,-16104439.942903254,-16144292.973326953,56025.36668886744,-5387383.957274329,-5349083.792217815,-5333449.838687127,-5357036.848893543,29210.011988941755,45728939.11277199,45750546.83443898,45796005.27567825,45758915.50797311,36034.33707304562,24257585.685752563,24257585.685752563,24257585.685752563,24257585.68575256,0,34794241.0196743,34810933.463063836,34893633.57950075,34834094.050098,56025.366688860886,18689801.076771066,18689801.076771066,18689801.076771066,18689801.076771066,0,10901234.447668662,10916868.401199345,10955168.56625587,10924821.457875079,29210.011988946128,5567784.608981531,5567784.608981531,5567784.608981531,5567784.608981531,0,0,0,0,0,0,-5387383.957274329,-5349083.792217815,-5333449.838687127,-5357036.848893543,29210.011988941755,0,0,0,0,0,0,0,0,0,0,10901234.447668662,10916868.401199345,10955168.56625587,10924821.457875079,29210.011988946128,5567784.608981531,5567784.608981531,5567784.608981531,5567784.608981531,0
75+,NHW,FL,mrh-eq,-722671.4972612205,-716938.3738215256,-712748.3588602487,-717479.8153929003,5243.711539209014,0,0,0,0,0,-722671.4972612205,-716938.3738215256,-712748.3588602487,-717479.8153929003,5243.711539209014,-519299077.2698425,-518032602.84287864,-517528885.5679784,-518300236.93132204,960077.25417599,-528175.57838684,-525364.695955457,-523727.1233672238,-525776.38361972,2368.282884326108,-194495.9188743808,-191573.67786606995,-189021.23549302548,-191703.43177318096,2883.6025964651644,1575917.3822484482,1580107.397209727,1585840.52064942,1580648.8387811005,5243.711539209028,863169.0233881995,863169.0233881995,863169.0233881995,863169.0233881995,0,1182864.5653214636,1184502.1379096967,1187313.0203410806,1184913.82557396,2368.2828843264942,659137.4419542411,659137.4419542411,659137.4419542411,659137.4419542411,0,393052.8169269836,395605.259300028,398527.50030833884,395735.013207139,2883.602596465122,204031.5814339579,204031.5814339579,204031.5814339579,204031.5814339579,0,0,0,0,0,0,-194495.9188743808,-191573.67786606995,-189021.23549302548,-191703.43177318096,2883.6025964651644,0,0,0,0,0,0,0,0,0,0,393052.8169269836,395605.259300028,398527.50030833884,395735.013207139,2883.602596465122,204031.5814339579,204031.5814339579,204031.5814339579,204031.5814339579,0
75+,NHW,Food_price,USD,-10848089.184794728,-10744227.405460449,-10404546.602838568,-10661483.88851743,244194.0174715848,0,0,0,0,0,-10848089.184794728,-10744227.405460449,-10404546.602838568,-10661483.88851743,244194.0174715848,-519299077.2698425,-518032602.84287864,-517528885.5679784,-518300236.93132204,960077.25417599,-7389791.034125651,-7332916.746350407,-7120833.537709434,-7278457.475871204,149206.64735567025,-3458298.1506690797,-3411310.659110053,-3283713.0651291306,-3383026.4126462303,95095.73583646693,23442156.86427903,23781837.666900918,23885699.446235195,23699094.149957895,244194.01747159008,13037610.261440475,13037610.261440475,13037610.261440475,13037610.261440476,0,16698657.057074124,16910740.265715096,16967614.55349036,16856280.9952359,149206.647355679,9577823.519364696,9577823.519364696,9577823.519364696,9577823.519364696,0,6743499.807204901,6871097.401185815,6918084.89274485,6842813.154721998,95095.73583646497,3459786.7420757697,3459786.7420757697,3459786.7420757697,3459786.7420757697,0,0,0,0,0,0,-3458298.1506690797,-3411310.659110053,-3283713.0651291306,-3383026.4126462303,95095.73583646693,0,0,0,0,0,0,0,0,0,0,6743499.807204901,6871097.401185815,6918084.89274485,6842813.154721998,95095.73583646497,3459786.7420757697,3459786.7420757697,3459786.7420757697,3459786.7420757697,0
75+,OTH,CED,MJ,-1063898.5752713785,-1033985.7055478117,-955636.3736274352,-1016990.4556541942,58850.33036111696,0,0,0,0,0,-1063898.5752713785,-1033985.7055478117,-955636.3736274352,-1016990.4556541942,58850.33036111696,-26181318.71277694,-25126367.247463055,-22923240.911688294,-24723498.87186275,1749911.4449826912,-783415.4168779966,-769464.61917037,-702996.719363508,-751037.5658022173,45234.1264942037,-280483.1583933815,-264521.0863774429,-252639.65426392754,-265952.88985197735,14706.842235961567,2915908.3068415606,2994257.638761938,3024170.5084855026,2977262.3888683193,58850.33036111665,1960271.9332141252,1960271.9332141252,1960271.9332141252,1960271.9332141252,0,2200550.0609179987,2267017.9607248604,2280968.7584324894,2248590.907356709,45234.12649420462,1497553.3415544908,1497553.3415544908,1497553.3415544908,1497553.3415544908,0,715358.2459235592,727239.6780370753,743201.7500530139,728671.4815116095,14706.842235961938,462718.5916596323,462718.5916596323,462718.5916596323,462718.5916596323,0,0,0,0,0,0,-280483.1583933815,-264521.0863774429,-252639.65426392754,-265952.88985197735,14706.842235961567,0,0,0,0,0,0,0,0,0,0,715358.2459235592,727239.6780370753,743201.7500530139,728671.4815116095,14706.842235961938,462718.5916596323,462718.5916596323,462718.5916596323,462718.5916596323,0
75+,OTH,FL,mrh-eq,-37169.17853832533,-34474.2758517264,-32551.746698337523,-34745.28410899308,2441.5340996021587,0,0,0,0,0,-37169.17853832533,-34474.2758517264,-32551.746698337523,-34745.28410899308,2441.5340996021587,-26181318.71277694,-25126367.247463055,-22923240.911688294,-24723498.87186275,1749911.4449826912,-26660.007583917828,-25149.088295021756,-23391.32088374178,-25062.4749187467,1721.9958847446055,-10509.170954407513,-9325.187556704643,-9160.425814595732,-9682.809190246382,774.4865835629809,104820.94648568347,106743.47563907248,109438.37832567142,107014.48389633912,2441.534099602231,72269.19978734599,72269.19978734599,72269.19978734599,72269.19978734599,0,78215.71739937647,79973.48481065653,81484.40409955264,79886.87143438148,1721.9958847446712,54824.39651563478,54824.39651563478,54824.39651563478,54824.39651563478,0,26605.22908630701,26769.99082841594,27953.97422611877,27127.61246195766,774.4865835629657,17444.803271711284,17444.803271711284,17444.803271711284,17444.803271711284,0,0,0,0,0,0,-10509.170954407513,-9325.187556704643,-9160.425814595732,-9682.809190246382,774.4865835629809,0,0,0,0,0,0,0,0,0,0,26605.22908630701,26769.99082841594,27953.97422611877,27127.61246195766,774.4865835629657,17444.803271711284,17444.803271711284,17444.803271711284,17444.803271711284,0
75+,OTH,Food_price,USD,-512332.4562533743,-460285.70856373245,-444648.6201705308,-473061.027615115,37301.60605756451,0,0,0,0,0,-512332.4562533743,-460285.70856373245,-444648.6201705308,-473061.027615115,37301.60605756451,-26181318.71277694,-25126367.247463055,-22923240.911688294,-24723498.87186275,1749911.4449826912,-351203.43560927344,-314474.3339905317,-306248.331434274,-324475.421380877,25196.01976203098,-161129.0206441004,-145811.37457320018,-138400.28873625697,-148585.60623423776,12201.370800593584,1148882.511438579,1164519.5998317797,1216566.3475214222,1177294.9188831628,37301.606057564444,704233.8912680474,704233.8912680474,704233.8912680474,704233.8912680474,0,805182.6620609917,813408.6646172493,850137.7662359911,823409.7520075947,25196.01976203095,498934.3306267172,498934.3306267172,498934.3306267172,498934.3306267171,0,343699.84937758686,351110.9352145305,366428.58128543105,353885.166875568,12201.37080059396,205299.5606413303,205299.5606413303,205299.5606413303,205299.5606413303,0,0,0,0,0,0,-161129.0206441004,-145811.37457320018,-138400.28873625697,-148585.60623423776,12201.370800593584,0,0,0,0,0,0,0,0,0,0,343699.84937758686,351110.9352145305,366428.58128543105,353885.166875568,12201.37080059396,205299.5606413303,205299.5606413303,205299.5606413303,205299.5606413303,0
